Date,Signal Type,Rank,Ticker,Name,Entry Price,Trend Score,Range Momentum,3M Momentum,Entry Score,Entry Quality,Fundamental Score,Fundamental Quality,Signal Score,Preis,Momentum,1M Momentum,20D Momentum,MA50 Abstand,MA200 Abstand,Volume,Avg Volume,Volume Ratio,Momentum Risiko,Zone,Short Score,Long Score,Early Score,Main Theme,Sub Theme,Ranking Signal,High Conviction
2026-05-13,Short Term,1,EOG,"EOG Resources, Inc.",134.92999267578125,0.69,0.38,0.15,9,Sehr gut,9,Hoch,20.5,,,,,,,,,,,,,,,,,,
2026-05-13,Short Term,2,FSLR,"First Solar, Inc.",234.6000061035156,0.66,0.32,0.06,8,Sehr gut,10,Hoch,19.0,,,,,,,,,,,,,,,,,,
2026-05-13,Short Term,3,BLK,"BlackRock, Inc.",1094.0999755859375,0.61,0.22,0.04,8,Sehr gut,10,Hoch,17.0,,,,,,,,,,,,,,,,,,
2026-05-13,Short Term,4,OMCL,"Omnicell, Inc.",43.16999816894531,0.58,0.16,0.19,7,Gut,3,Niedrig,16.5,,,,,,,,,,,,,,,,,,
2026-05-13,Short Term,5,C,"Citigroup, Inc.",124.0999984741211,0.84,0.67,0.12,7,Gut,9,Hoch,15.5,,,,,,,,,,,,,,,,,,
2026-05-13,Short Term,6,ANET,"Arista Networks, Inc.",140.69000244140625,0.59,0.18,0.04,7,Gut,9,Hoch,15.5,,,,,,,,,,,,,,,,,,
2026-05-13,Short Term,7,MP,MP Materials Corp.,63.72999954223633,0.55,0.1,0.11,6,Gut,2,Niedrig,15.0,,,,,,,,,,,,,,,,,,
2026-05-13,Short Term,8,DRS,"Leonardo DRS, Inc.",42.5,0.61,0.22,0.13,6,Gut,4,Niedrig,15.0,,,,,,,,,,,,,,,,,,
2026-05-13,Long Term,1,NVDA,NVIDIA Corporation,225.8300018310547,0.98,0.96,0.21,6,Gut,10,Hoch,25.96,,,,,,,,,,,,,,,,,,
2026-05-13,Long Term,2,TD,Toronto Dominion Bank (The),106.54000091552734,0.94,0.88,0.12,6,Gut,10,Hoch,25.88,,,,,,,,,,,,,,,,,,
2026-05-13,Long Term,3,EOG,"EOG Resources, Inc.",134.92999267578125,0.69,0.38,0.15,9,Sehr gut,9,Hoch,24.38,,,,,,,,,,,,,,,,,,
2026-05-13,Long Term,4,FSLR,"First Solar, Inc.",234.6000061035156,0.66,0.32,0.06,8,Sehr gut,10,Hoch,24.32,,,,,,,,,,,,,,,,,,
2026-05-13,Long Term,5,BLK,"BlackRock, Inc.",1094.0999755859375,0.61,0.22,0.04,8,Sehr gut,10,Hoch,24.22,,,,,,,,,,,,,,,,,,
2026-05-13,Long Term,6,MS,Morgan Stanley,193.8300018310547,0.98,0.97,0.16,6,Gut,9,Hoch,23.96,,,,,,,,,,,,,,,,,,
2026-05-13,Long Term,7,C,"Citigroup, Inc.",124.0999984741211,0.84,0.67,0.12,7,Gut,9,Hoch,23.68,,,,,,,,,,,,,,,,,,
2026-05-13,Long Term,8,NEM,Newmont Corporation,118.95999908447266,0.82,0.64,0.01,6,Gut,10,Hoch,23.64,,,,,,,,,,,,,,,,,,
2026-05-13,Early Play,1,ORCL,Oracle Corporation,189.759994506836,0.26,-0.47,0.22,3,Riskant,9,Hoch,28.0,,,,,,,,,,,,,,,,,,
2026-05-13,Early Play,2,ANET,"Arista Networks, Inc.",140.69000244140625,0.59,0.18,0.04,7,Gut,9,Hoch,28.0,,,,,,,,,,,,,,,,,,
2026-05-13,Early Play,3,NFLX,"Netflix, Inc.",87.55999755859375,0.21,-0.58,0.15,3,Riskant,8,Hoch,26.0,,,,,,,,,,,,,,,,,,
2026-05-13,Early Play,4,NVDA,NVIDIA Corporation,225.8300018310547,0.98,0.96,0.21,6,Gut,10,Hoch,25.0,,,,,,,,,,,,,,,,,,
2026-05-13,Early Play,5,BLK,"BlackRock, Inc.",1094.0999755859375,0.61,0.22,0.04,8,Sehr gut,10,Hoch,25.0,,,,,,,,,,,,,,,,,,
2026-05-13,Early Play,6,NU,Nu Holdings Ltd.,12.81999969482422,0.15,-0.69,-0.25,0,Riskant,10,Hoch,25.0,,,,,,,,,,,,,,,,,,
2026-05-13,Early Play,7,TD,Toronto Dominion Bank (The),106.54000091552734,0.94,0.88,0.12,6,Gut,10,Hoch,25.0,,,,,,,,,,,,,,,,,,
2026-05-13,Early Play,8,META,"Meta Platforms, Inc.",616.6300048828125,0.35,-0.3,-0.05,3,Riskant,10,Hoch,25.0,,,,,,,,,,,,,,,,,,
2026-05-14,Short Term,1,FSLR,"First Solar, Inc.",231.6199951171875,0.64,0.28,0.03,8,Sehr gut,10,Hoch,17.0,,,,,,,,,,,,,,,,,,
2026-05-14,Short Term,2,BLK,"BlackRock, Inc.",1104.030029296875,0.64,0.29,0.04,8,Sehr gut,10,Hoch,17.0,,,,,,,,,,,,,,,,,,
2026-05-14,Short Term,3,OMCL,"Omnicell, Inc.",43.79999923706055,0.6,0.2,0.2,7,Gut,3,Niedrig,16.5,,,,,,,,,,,,,,,,,,
2026-05-14,Short Term,4,C,"Citigroup, Inc.",124.81999969482422,0.85,0.7,0.13,7,Gut,9,Hoch,15.5,,,,,,,,,,,,,,,,,,
2026-05-14,Short Term,5,EOG,"EOG Resources, Inc.",135.99000549316406,0.71,0.42,0.14,7,Gut,9,Hoch,15.5,,,,,,,,,,,,,,,,,,
2026-05-14,Short Term,6,ANET,"Arista Networks, Inc.",147.80999755859375,0.67,0.33,0.04,7,Gut,9,Hoch,15.5,,,,,,,,,,,,,,,,,,
2026-05-14,Short Term,7,APO,"Apollo Global Management, Inc. ",135.52000427246094,0.64,0.29,0.09,6,Gut,2,Niedrig,15.0,,,,,,,,,,,,,,,,,,
2026-05-14,Short Term,8,DRS,"Leonardo DRS, Inc.",42.86000061035156,0.63,0.26,0.13,6,Gut,4,Niedrig,15.0,,,,,,,,,,,,,,,,,,
2026-05-14,Long Term,1,TD,Toronto Dominion Bank (The),108.23999786376952,0.98,0.96,0.14,6,Gut,10,Hoch,25.96,,,,,,,,,,,,,,,,,,
2026-05-14,Long Term,2,BLK,"BlackRock, Inc.",1104.030029296875,0.64,0.29,0.04,8,Sehr gut,10,Hoch,24.28,,,,,,,,,,,,,,,,,,
2026-05-14,Long Term,3,FSLR,"First Solar, Inc.",231.6199951171875,0.64,0.28,0.03,8,Sehr gut,10,Hoch,24.28,,,,,,,,,,,,,,,,,,
2026-05-14,Long Term,4,MS,Morgan Stanley,194.52999877929688,0.96,0.92,0.14,6,Gut,9,Hoch,23.92,,,,,,,,,,,,,,,,,,
2026-05-14,Long Term,5,C,"Citigroup, Inc.",124.81999969482422,0.85,0.7,0.13,7,Gut,9,Hoch,23.7,,,,,,,,,,,,,,,,,,
2026-05-14,Long Term,6,CF,"CF Industries Holdings, Inc.",122.97000122070312,0.72,0.43,0.3,7,Gut,9,Hoch,23.44,,,,,,,,,,,,,,,,,,
2026-05-14,Long Term,7,EOG,"EOG Resources, Inc.",135.99000549316406,0.71,0.42,0.14,7,Gut,9,Hoch,23.42,,,,,,,,,,,,,,,,,,
2026-05-14,Long Term,8,KGC,Kinross Gold Corporation,30.88999938964844,0.68,0.37,-0.1,6,Gut,10,Hoch,23.36,,,,,,,,,,,,,,,,,,
2026-05-14,Early Play,1,ORCL,Oracle Corporation,195.6100006103516,0.29,-0.41,0.23,3,Riskant,9,Hoch,28.0,,,,,,,,,,,,,,,,,,
2026-05-14,Early Play,2,NFLX,"Netflix, Inc.",86.94000244140625,0.2,-0.6,0.13,3,Riskant,8,Hoch,26.0,,,,,,,,,,,,,,,,,,
2026-05-14,Early Play,3,FIS,Fidelity National Information S,41.810001373291016,0.0,-0.99,-0.1,1,Riskant,10,Hoch,25.0,,,,,,,,,,,,,,,,,,
2026-05-14,Early Play,4,NU,Nu Holdings Ltd.,12.93000030517578,0.17,-0.66,-0.23,0,Riskant,10,Hoch,25.0,,,,,,,,,,,,,,,,,,
2026-05-14,Early Play,5,NVO,Novo Nordisk A/S,45.79999923706055,0.26,-0.48,-0.04,1,Riskant,10,Hoch,25.0,,,,,,,,,,,,,,,,,,
2026-05-14,Early Play,6,META,"Meta Platforms, Inc.",618.4299926757812,0.36,-0.28,-0.03,3,Riskant,10,Hoch,25.0,,,,,,,,,,,,,,,,,,
2026-05-14,Early Play,7,TD,Toronto Dominion Bank (The),108.23999786376952,0.98,0.96,0.14,6,Gut,10,Hoch,25.0,,,,,,,,,,,,,,,,,,
2026-05-14,Early Play,8,BLK,"BlackRock, Inc.",1104.030029296875,0.64,0.29,0.04,8,Sehr gut,10,Hoch,25.0,,,,,,,,,,,,,,,,,,
2026-05-15,Short Term,1,FSLR,"First Solar, Inc.",233.3699951171875,0.65,0.3,0.03,8,Sehr gut,10,Hoch,17.0,,,,,,,,,,,,,,,,,,
2026-05-15,Short Term,2,BLK,"BlackRock, Inc.",1081.9000244140625,0.57,0.13,0.01,8,Sehr gut,10,Hoch,17.0,,,,,,,,,,,,,,,,,,
2026-05-15,Short Term,3,JD,"JD.com, Inc.",32.0099983215332,0.7,0.4,0.21,7,Gut,2,Niedrig,16.5,,,,,,,,,,,,,,,,,,
2026-05-15,Short Term,4,OMCL,"Omnicell, Inc.",43.119998931884766,0.58,0.16,0.15,7,Gut,3,Niedrig,16.5,,,,,,,,,,,,,,,,,,
2026-05-15,Short Term,5,SHEL,Shell PLC,85.36000061035156,0.7,0.39,0.11,7,Gut,4,Niedrig,16.5,,,,,,,,,,,,,,,,,,
2026-05-15,Short Term,6,EOG,"EOG Resources, Inc.",140.25999450683594,0.79,0.59,0.18,7,Gut,9,Hoch,15.5,,,,,,,,,,,,,,,,,,
2026-05-15,Short Term,7,NIO,NIO Inc.,6.099999904632568,0.59,0.18,0.24,6,Gut,2,Niedrig,15.0,,,,,,,,,,,,,,,,,,
2026-05-15,Short Term,8,APO,"Apollo Global Management, Inc. ",135.3800048828125,0.64,0.28,0.09,6,Gut,2,Niedrig,15.0,,,,,,,,,,,,,,,,,,
2026-05-15,Long Term,1,TD,Toronto Dominion Bank (The),107.63999938964844,0.97,0.93,0.13,6,Gut,10,Hoch,25.94,,,,,,,,,,,,,,,,,,
2026-05-15,Long Term,2,NVDA,NVIDIA Corporation,225.32000732421875,0.9,0.79,0.22,6,Gut,10,Hoch,25.8,,,,,,,,,,,,,,,,,,
2026-05-15,Long Term,3,FSLR,"First Solar, Inc.",233.3699951171875,0.65,0.3,0.03,8,Sehr gut,10,Hoch,24.3,,,,,,,,,,,,,,,,,,
2026-05-15,Long Term,4,BLK,"BlackRock, Inc.",1081.9000244140625,0.57,0.13,0.01,8,Sehr gut,10,Hoch,24.14,,,,,,,,,,,,,,,,,,
2026-05-15,Long Term,5,MS,Morgan Stanley,192.509994506836,0.93,0.87,0.13,6,Gut,9,Hoch,23.86,,,,,,,,,,,,,,,,,,
2026-05-15,Long Term,6,C,"Citigroup, Inc.",123.41999816894533,0.83,0.65,0.09,6,Gut,9,Hoch,23.66,,,,,,,,,,,,,,,,,,
2026-05-15,Long Term,7,EOG,"EOG Resources, Inc.",140.25999450683594,0.79,0.59,0.18,7,Gut,9,Hoch,23.58,,,,,,,,,,,,,,,,,,
2026-05-15,Long Term,8,CF,"CF Industries Holdings, Inc.",125.23999786376952,0.75,0.5,0.34,7,Gut,9,Hoch,23.5,,,,,,,,,,,,,,,,,,
2026-05-15,Early Play,1,BLK,"BlackRock, Inc.",1081.9000244140625,0.57,0.13,0.01,8,Sehr gut,10,Hoch,27.0,,,,,,,,,,,,,,,,,,
2026-05-15,Early Play,2,MSFT,Microsoft Corporation,421.9200134277344,0.33,-0.33,0.07,2,Riskant,8,Hoch,26.0,,,,,,,,,,,,,,,,,,
2026-05-15,Early Play,3,DSGX,The Descartes Systems Group Inc,67.69999694824219,0.09,-0.81,0.04,2,Riskant,8,Hoch,26.0,,,,,,,,,,,,,,,,,,
2026-05-15,Early Play,4,NFLX,"Netflix, Inc.",87.0199966430664,0.2,-0.59,0.13,3,Riskant,8,Hoch,26.0,,,,,,,,,,,,,,,,,,
2026-05-15,Early Play,5,META,"Meta Platforms, Inc.",614.22998046875,0.34,-0.31,-0.04,1,Riskant,10,Hoch,25.0,,,,,,,,,,,,,,,,,,
2026-05-15,Early Play,6,AEM,Agnico Eagle Mines Limited,180.3300018310547,0.51,0.02,-0.15,4,Neutral,10,Hoch,25.0,,,,,,,,,,,,,,,,,,
2026-05-15,Early Play,7,TD,Toronto Dominion Bank (The),107.63999938964844,0.97,0.93,0.13,6,Gut,10,Hoch,25.0,,,,,,,,,,,,,,,,,,
2026-05-15,Early Play,8,FIS,Fidelity National Information S,41.79999923706055,0.01,-0.98,-0.11,0,Riskant,10,Hoch,25.0,,,,,,,,,,,,,,,,,,
2026-05-16,Short Term,1,FSLR,"First Solar, Inc.",233.3699951171875,0.65,0.3,0.03,8,Sehr gut,10,Hoch,17.0,,,,,,,,,,,,,,,,,,
2026-05-16,Short Term,2,BLK,"BlackRock, Inc.",1081.9000244140625,0.57,0.13,0.01,8,Sehr gut,10,Hoch,17.0,,,,,,,,,,,,,,,,,,
2026-05-16,Short Term,3,JD,"JD.com, Inc.",32.0099983215332,0.7,0.4,0.21,7,Gut,2,Niedrig,16.5,,,,,,,,,,,,,,,,,,
2026-05-16,Short Term,4,OMCL,"Omnicell, Inc.",43.119998931884766,0.58,0.16,0.15,7,Gut,3,Niedrig,16.5,,,,,,,,,,,,,,,,,,
2026-05-16,Short Term,5,SHEL,Shell PLC,85.36000061035156,0.7,0.39,0.11,7,Gut,4,Niedrig,16.5,,,,,,,,,,,,,,,,,,
2026-05-16,Short Term,6,EOG,"EOG Resources, Inc.",140.25999450683594,0.79,0.59,0.18,7,Gut,9,Hoch,15.5,,,,,,,,,,,,,,,,,,
2026-05-16,Short Term,7,NIO,NIO Inc.,6.099999904632568,0.59,0.18,0.24,6,Gut,2,Niedrig,15.0,,,,,,,,,,,,,,,,,,
2026-05-16,Short Term,8,APO,"Apollo Global Management, Inc. ",135.3800048828125,0.64,0.28,0.09,6,Gut,2,Niedrig,15.0,,,,,,,,,,,,,,,,,,
2026-05-16,Long Term,1,TD,Toronto Dominion Bank (The),107.63999938964844,0.97,0.93,0.13,6,Gut,10,Hoch,25.94,,,,,,,,,,,,,,,,,,
2026-05-16,Long Term,2,NVDA,NVIDIA Corporation,225.32000732421875,0.9,0.79,0.22,6,Gut,10,Hoch,25.8,,,,,,,,,,,,,,,,,,
2026-05-16,Long Term,3,FSLR,"First Solar, Inc.",233.3699951171875,0.65,0.3,0.03,8,Sehr gut,10,Hoch,24.3,,,,,,,,,,,,,,,,,,
2026-05-16,Long Term,4,BLK,"BlackRock, Inc.",1081.9000244140625,0.57,0.13,0.01,8,Sehr gut,10,Hoch,24.14,,,,,,,,,,,,,,,,,,
2026-05-16,Long Term,5,MS,Morgan Stanley,192.509994506836,0.93,0.87,0.13,6,Gut,9,Hoch,23.86,,,,,,,,,,,,,,,,,,
2026-05-16,Long Term,6,C,"Citigroup, Inc.",123.41999816894533,0.83,0.65,0.09,6,Gut,9,Hoch,23.66,,,,,,,,,,,,,,,,,,
2026-05-16,Long Term,7,EOG,"EOG Resources, Inc.",140.25999450683594,0.79,0.59,0.18,7,Gut,9,Hoch,23.58,,,,,,,,,,,,,,,,,,
2026-05-16,Long Term,8,CF,"CF Industries Holdings, Inc.",125.23999786376952,0.76,0.52,0.34,7,Gut,9,Hoch,23.52,,,,,,,,,,,,,,,,,,
2026-05-16,Early Play,1,BLK,"BlackRock, Inc.",1081.9000244140625,0.57,0.13,0.01,8,Sehr gut,10,Hoch,27.0,,,,,,,,,,,,,,,,,,
2026-05-16,Early Play,2,MSFT,Microsoft Corporation,421.9200134277344,0.33,-0.33,0.07,2,Riskant,8,Hoch,26.0,,,,,,,,,,,,,,,,,,
2026-05-16,Early Play,3,NFLX,"Netflix, Inc.",87.0199966430664,0.2,-0.59,0.13,3,Riskant,8,Hoch,26.0,,,,,,,,,,,,,,,,,,
2026-05-16,Early Play,4,DSGX,The Descartes Systems Group Inc,67.69999694824219,0.09,-0.81,0.04,2,Riskant,8,Hoch,26.0,,,,,,,,,,,,,,,,,,
2026-05-16,Early Play,5,AEM,Agnico Eagle Mines Limited,180.3300018310547,0.51,0.02,-0.15,4,Neutral,10,Hoch,25.0,,,,,,,,,,,,,,,,,,
2026-05-16,Early Play,6,META,"Meta Platforms, Inc.",614.22998046875,0.34,-0.31,-0.04,1,Riskant,10,Hoch,25.0,,,,,,,,,,,,,,,,,,
2026-05-16,Early Play,7,TD,Toronto Dominion Bank (The),107.63999938964844,0.97,0.93,0.13,6,Gut,10,Hoch,25.0,,,,,,,,,,,,,,,,,,
2026-05-16,Early Play,8,KGC,Kinross Gold Corporation,28.3799991607666,0.59,0.17,-0.15,5,Neutral,10,Hoch,25.0,,,,,,,,,,,,,,,,,,
2026-05-17,Short Term,1,FSLR,"First Solar, Inc.",233.3699951171875,0.65,0.3,0.03,8,Sehr gut,10,Hoch,17.0,,,,,,,,,,,,,,,,,,
2026-05-17,Short Term,2,BLK,"BlackRock, Inc.",1081.9000244140625,0.57,0.13,0.01,8,Sehr gut,10,Hoch,17.0,,,,,,,,,,,,,,,,,,
2026-05-17,Short Term,3,JD,"JD.com, Inc.",32.0099983215332,0.7,0.4,0.21,7,Gut,2,Niedrig,16.5,,,,,,,,,,,,,,,,,,
2026-05-17,Short Term,4,OMCL,"Omnicell, Inc.",43.119998931884766,0.58,0.16,0.15,7,Gut,3,Niedrig,16.5,,,,,,,,,,,,,,,,,,
2026-05-17,Short Term,5,SHEL,Shell PLC,85.36000061035156,0.7,0.39,0.11,7,Gut,4,Niedrig,16.5,,,,,,,,,,,,,,,,,,
2026-05-17,Short Term,6,EOG,"EOG Resources, Inc.",140.25999450683594,0.79,0.59,0.18,7,Gut,9,Hoch,15.5,,,,,,,,,,,,,,,,,,
2026-05-17,Short Term,7,NIO,NIO Inc.,6.099999904632568,0.59,0.18,0.24,6,Gut,2,Niedrig,15.0,,,,,,,,,,,,,,,,,,
2026-05-17,Short Term,8,APO,"Apollo Global Management, Inc. ",135.3800048828125,0.64,0.28,0.09,6,Gut,2,Niedrig,15.0,,,,,,,,,,,,,,,,,,
2026-05-17,Long Term,1,TD,Toronto Dominion Bank (The),107.63999938964844,0.97,0.93,0.13,6,Gut,10,Hoch,25.94,,,,,,,,,,,,,,,,,,
2026-05-17,Long Term,2,NVDA,NVIDIA Corporation,225.32000732421875,0.9,0.79,0.22,6,Gut,10,Hoch,25.8,,,,,,,,,,,,,,,,,,
2026-05-17,Long Term,3,FSLR,"First Solar, Inc.",233.3699951171875,0.65,0.3,0.03,8,Sehr gut,10,Hoch,24.3,,,,,,,,,,,,,,,,,,
2026-05-17,Long Term,4,BLK,"BlackRock, Inc.",1081.9000244140625,0.57,0.13,0.01,8,Sehr gut,10,Hoch,24.14,,,,,,,,,,,,,,,,,,
2026-05-17,Long Term,5,MS,Morgan Stanley,192.509994506836,0.93,0.87,0.13,6,Gut,9,Hoch,23.86,,,,,,,,,,,,,,,,,,
2026-05-17,Long Term,6,C,"Citigroup, Inc.",123.41999816894533,0.83,0.65,0.09,6,Gut,9,Hoch,23.66,,,,,,,,,,,,,,,,,,
2026-05-17,Long Term,7,EOG,"EOG Resources, Inc.",140.25999450683594,0.79,0.59,0.18,7,Gut,9,Hoch,23.58,,,,,,,,,,,,,,,,,,
2026-05-17,Long Term,8,CF,"CF Industries Holdings, Inc.",125.23999786376952,0.76,0.52,0.34,7,Gut,9,Hoch,23.52,,,,,,,,,,,,,,,,,,
2026-05-17,Early Play,1,BLK,"BlackRock, Inc.",1081.9000244140625,0.57,0.13,0.01,8,Sehr gut,10,Hoch,27.0,,,,,,,,,,,,,,,,,,
2026-05-17,Early Play,2,MSFT,Microsoft Corporation,421.9200134277344,0.33,-0.33,0.07,2,Riskant,8,Hoch,26.0,,,,,,,,,,,,,,,,,,
2026-05-17,Early Play,3,NFLX,"Netflix, Inc.",87.0199966430664,0.2,-0.59,0.13,3,Riskant,8,Hoch,26.0,,,,,,,,,,,,,,,,,,
2026-05-17,Early Play,4,DSGX,The Descartes Systems Group Inc,67.69999694824219,0.09,-0.81,0.04,2,Riskant,8,Hoch,26.0,,,,,,,,,,,,,,,,,,
2026-05-17,Early Play,5,AEM,Agnico Eagle Mines Limited,180.3300018310547,0.51,0.02,-0.15,4,Neutral,10,Hoch,25.0,,,,,,,,,,,,,,,,,,
2026-05-17,Early Play,6,META,"Meta Platforms, Inc.",614.22998046875,0.34,-0.31,-0.04,1,Riskant,10,Hoch,25.0,,,,,,,,,,,,,,,,,,
2026-05-17,Early Play,7,TD,Toronto Dominion Bank (The),107.63999938964844,0.97,0.93,0.13,6,Gut,10,Hoch,25.0,,,,,,,,,,,,,,,,,,
2026-05-17,Early Play,8,KGC,Kinross Gold Corporation,28.3799991607666,0.59,0.17,-0.15,5,Neutral,10,Hoch,25.0,,,,,,,,,,,,,,,,,,
2026-05-18,Short Term,1,OMCL,"Omnicell, Inc.",43.220001220703125,0.58,0.16,0.12,7,Gut,3,Niedrig,16.5,,,,,,,,,,,,,,,,,,
2026-05-18,Short Term,2,JD,"JD.com, Inc.",31.600000381469727,0.67,0.33,0.19,7,Gut,2,Niedrig,16.5,,,,,,,,,,,,,,,,,,
2026-05-18,Short Term,3,ANET,"Arista Networks, Inc.",141.7100067138672,0.6,0.21,0.02,7,Gut,9,Hoch,15.5,,,,,,,,,,,,,,,,,,
2026-05-18,Short Term,4,EOG,"EOG Resources, Inc.",142.99000549316406,0.85,0.7,0.18,7,Gut,9,Hoch,15.5,,,,,,,,,,,,,,,,,,
2026-05-18,Short Term,5,FORM,"FormFactor, Inc.",117.41999816894533,0.69,0.37,0.24,6,Gut,4,Niedrig,15.0,,,,,,,,,,,,,,,,,,
2026-05-18,Short Term,6,APO,"Apollo Global Management, Inc. ",134.07000732421875,0.62,0.23,0.07,6,Gut,2,Niedrig,15.0,,,,,,,,,,,,,,,,,,
2026-05-18,Short Term,7,MDLZ,"Mondelez International, Inc.",61.63999938964844,0.59,0.17,0.03,7,Gut,5,Mittel,14.5,,,,,,,,,,,,,,,,,,
2026-05-18,Short Term,8,BLK,"BlackRock, Inc.",1085.8800048828125,0.58,0.16,-0.0,7,Gut,10,Hoch,14.5,,,,,,,,,,,,,,,,,,
2026-05-18,Long Term,1,TD,Toronto Dominion Bank (The),108.37999725341795,0.98,0.96,0.14,6,Gut,10,Hoch,25.96,,,,,,,,,,,,,,,,,,
2026-05-18,Long Term,2,NVDA,NVIDIA Corporation,222.32000732421875,0.87,0.74,0.18,6,Gut,10,Hoch,25.74,,,,,,,,,,,,,,,,,,
2026-05-18,Long Term,3,EOG,"EOG Resources, Inc.",142.99000549316406,0.85,0.7,0.18,7,Gut,9,Hoch,23.7,,,,,,,,,,,,,,,,,,
2026-05-18,Long Term,4,CF,"CF Industries Holdings, Inc.",125.22000122070312,0.76,0.52,0.31,7,Gut,9,Hoch,23.52,,,,,,,,,,,,,,,,,,
2026-05-18,Long Term,5,INCY,Incyte Corporation,95.19000244140624,0.65,0.31,-0.08,6,Gut,10,Hoch,23.3,,,,,,,,,,,,,,,,,,
2026-05-18,Long Term,6,FSLR,"First Solar, Inc.",233.63999938964844,0.65,0.3,-0.02,6,Gut,10,Hoch,23.3,,,,,,,,,,,,,,,,,,
2026-05-18,Long Term,7,BLK,"BlackRock, Inc.",1085.8800048828125,0.58,0.16,-0.0,7,Gut,10,Hoch,23.16,,,,,,,,,,,,,,,,,,
2026-05-18,Long Term,8,AFL,AFLAC Incorporated,118.66999816894533,0.99,0.99,0.04,5,Neutral,10,Hoch,22.98,,,,,,,,,,,,,,,,,,
2026-05-18,Early Play,1,ORCL,Oracle Corporation,186.6100006103516,0.25,-0.5,0.2,3,Riskant,9,Hoch,28.0,,,,,,,,,,,,,,,,,,
2026-05-18,Early Play,2,MSFT,Microsoft Corporation,423.5400085449219,0.34,-0.31,0.06,2,Riskant,8,Hoch,26.0,,,,,,,,,,,,,,,,,,
2026-05-18,Early Play,3,NFLX,"Netflix, Inc.",89.6500015258789,0.25,-0.5,0.15,3,Riskant,8,Hoch,26.0,,,,,,,,,,,,,,,,,,
2026-05-18,Early Play,4,DSGX,The Descartes Systems Group Inc,70.8499984741211,0.15,-0.7,0.07,2,Riskant,8,Hoch,26.0,,,,,,,,,,,,,,,,,,
2026-05-18,Early Play,5,TD,Toronto Dominion Bank (The),108.37999725341795,0.98,0.96,0.14,6,Gut,10,Hoch,25.0,,,,,,,,,,,,,,,,,,
2026-05-18,Early Play,6,FIS,Fidelity National Information S,43.369998931884766,0.05,-0.9,-0.1,1,Riskant,10,Hoch,25.0,,,,,,,,,,,,,,,,,,
2026-05-18,Early Play,7,HALO,"Halozyme Therapeutics, Inc.",67.44000244140625,0.53,0.05,-0.08,5,Neutral,10,Hoch,25.0,,,,,,,,,,,,,,,,,,
2026-05-18,Early Play,8,AFL,AFLAC Incorporated,118.66999816894533,0.99,0.99,0.04,5,Neutral,10,Hoch,25.0,,,,,,,,,,,,,,,,,,
2026-05-19,Short Term,1,OMCL,"Omnicell, Inc.",43.81999969482422,0.6,0.21,0.13,7,Gut,3,Niedrig,16.5,,,,,,,,,,,,,,,,,,
2026-05-19,Short Term,2,APO,"Apollo Global Management, Inc. ",131.14999389648438,0.57,0.13,0.11,7,Gut,2,Niedrig,16.5,,,,,,,,,,,,,,,,,,
2026-05-19,Short Term,3,CF,"CF Industries Holdings, Inc.",127.86000061035156,0.8,0.59,0.29,7,Gut,9,Hoch,15.5,,,,,,,,,,,,,,,,,,
2026-05-19,Short Term,4,ANET,"Arista Networks, Inc.",141.5800018310547,0.6,0.2,0.03,7,Gut,9,Hoch,15.5,,,,,,,,,,,,,,,,,,
2026-05-19,Short Term,5,FORM,"FormFactor, Inc.",117.1999969482422,0.69,0.37,0.27,6,Gut,4,Niedrig,15.0,,,,,,,,,,,,,,,,,,
2026-05-19,Short Term,6,TTWO,"Take-Two Interactive Software, ",238.13999938964844,0.65,0.31,0.18,6,Gut,3,Niedrig,15.0,,,,,,,,,,,,,,,,,,
2026-05-19,Short Term,7,MDLZ,"Mondelez International, Inc.",61.290000915527344,0.57,0.13,0.05,7,Gut,5,Mittel,14.5,,,,,,,,,,,,,,,,,,
2026-05-19,Short Term,8,AFRM,"Affirm Holdings, Inc.",65.30000305175781,0.4,-0.2,0.26,6,Gut,6,Mittel,14.0,,,,,,,,,,,,,,,,,,
2026-05-19,Long Term,1,TD,Toronto Dominion Bank (The),107.91000366210938,0.97,0.94,0.14,6,Gut,10,Hoch,25.94,,,,,,,,,,,,,,,,,,
2026-05-19,Long Term,2,NVDA,NVIDIA Corporation,220.6100006103516,0.85,0.7,0.17,6,Gut,10,Hoch,25.7,,,,,,,,,,,,,,,,,,
2026-05-19,Long Term,3,005930.KS,SamsungElec,275500.0,0.9,0.81,0.55,6,Gut,10,Hoch,23.8,,,,,,,,,,,,,,,,,,
2026-05-19,Long Term,4,EOG,"EOG Resources, Inc.",144.3000030517578,0.87,0.75,0.17,6,Gut,9,Hoch,23.74,,,,,,,,,,,,,,,,,,
2026-05-19,Long Term,5,CF,"CF Industries Holdings, Inc.",127.86000061035156,0.8,0.59,0.29,7,Gut,9,Hoch,23.6,,,,,,,,,,,,,,,,,,
2026-05-19,Long Term,6,INCY,Incyte Corporation,95.5999984741211,0.66,0.32,-0.06,6,Gut,10,Hoch,23.32,,,,,,,,,,,,,,,,,,
2026-05-19,Long Term,7,HALO,"Halozyme Therapeutics, Inc.",68.7300033569336,0.57,0.13,-0.05,6,Gut,10,Hoch,23.14,,,,,,,,,,,,,,,,,,
2026-05-19,Long Term,8,FSLR,"First Solar, Inc.",221.7100067138672,0.57,0.15,-0.05,6,Gut,10,Hoch,23.14,,,,,,,,,,,,,,,,,,
2026-05-19,Early Play,1,ORCL,Oracle Corporation,181.4600067138672,0.22,-0.55,0.16,3,Riskant,9,Hoch,28.0,,,,,,,,,,,,,,,,,,
2026-05-19,Early Play,2,DSGX,The Descartes Systems Group Inc,70.54000091552734,0.15,-0.71,0.07,2,Riskant,8,Hoch,26.0,,,,,,,,,,,,,,,,,,
2026-05-19,Early Play,3,MSFT,Microsoft Corporation,417.4200134277344,0.31,-0.38,0.05,2,Riskant,8,Hoch,26.0,,,,,,,,,,,,,,,,,,
2026-05-19,Early Play,4,NFLX,"Netflix, Inc.",89.33000183105469,0.24,-0.52,0.16,3,Riskant,8,Hoch,26.0,,,,,,,,,,,,,,,,,,
2026-05-19,Early Play,5,TD,Toronto Dominion Bank (The),107.91000366210938,0.97,0.94,0.14,6,Gut,10,Hoch,25.0,,,,,,,,,,,,,,,,,,
2026-05-19,Early Play,6,KGC,Kinross Gold Corporation,27.440000534057617,0.54,0.08,-0.18,4,Neutral,10,Hoch,25.0,,,,,,,,,,,,,,,,,,
2026-05-19,Early Play,7,NU,Nu Holdings Ltd.,12.289999961853027,0.08,-0.84,-0.29,0,Riskant,10,Hoch,25.0,,,,,,,,,,,,,,,,,,
2026-05-19,Early Play,8,FIS,Fidelity National Information S,43.5,0.05,-0.89,-0.1,1,Riskant,10,Hoch,25.0,,,,,,,,,,,,,,,,,,
2026-05-20,Short Term,1,ANET,"Arista Networks, Inc.",140.49000549316406,0.59,0.18,0.06,7,Gut,9,Hoch,17.5,,,,,,,,,,,,,,,,,,
2026-05-20,Short Term,2,PVH,PVH Corp.,84.66000366210938,0.62,0.24,0.17,7,Gut,3,Niedrig,16.5,,,,,,,,,,,,,,,,,,
2026-05-20,Short Term,3,MDLZ,"Mondelez International, Inc.",61.84000015258789,0.6,0.19,0.06,7,Gut,5,Mittel,16.5,,,,,,,,,,,,,,,,,,
2026-05-20,Short Term,4,APO,"Apollo Global Management, Inc. ",132.24000549316406,0.59,0.19,0.11,7,Gut,2,Niedrig,16.5,,,,,,,,,,,,,,,,,,
2026-05-20,Short Term,5,EOG,"EOG Resources, Inc.",141.6300048828125,0.82,0.64,0.16,7,Gut,9,Hoch,15.5,,,,,,,,,,,,,,,,,,
2026-05-20,Short Term,6,CF,"CF Industries Holdings, Inc.",123.3000030517578,0.73,0.46,0.27,7,Gut,9,Hoch,15.5,,,,,,,,,,,,,,,,,,
2026-05-20,Short Term,7,ASTS,"AST SpaceMobile, Inc.",89.58000183105469,0.62,0.25,0.12,6,Gut,2,Niedrig,15.0,,,,,,,,,,,,,,,,,,
2026-05-20,Short Term,8,OMCL,"Omnicell, Inc.",44.720001220703125,0.63,0.27,0.11,6,Gut,2,Niedrig,15.0,,,,,,,,,,,,,,,,,,
2026-05-20,Long Term,1,TD,Toronto Dominion Bank (The),109.58000183105467,0.99,0.99,0.14,6,Gut,10,Hoch,25.98,,,,,,,,,,,,,,,,,,
2026-05-20,Long Term,2,NVDA,NVIDIA Corporation,223.47000122070312,0.88,0.76,0.18,6,Gut,10,Hoch,25.76,,,,,,,,,,,,,,,,,,
2026-05-20,Long Term,3,MS,Morgan Stanley,197.7700042724609,1.0,0.99,0.13,6,Gut,9,Hoch,24.0,,,,,,,,,,,,,,,,,,
2026-05-20,Long Term,4,005930.KS,SamsungElec,276000.0,0.9,0.81,0.53,6,Gut,10,Hoch,23.8,,,,,,,,,,,,,,,,,,
2026-05-20,Long Term,5,C,"Citigroup, Inc.",124.81999969482422,0.85,0.7,0.08,6,Gut,9,Hoch,23.7,,,,,,,,,,,,,,,,,,
2026-05-20,Long Term,6,EOG,"EOG Resources, Inc.",141.6300048828125,0.82,0.64,0.16,7,Gut,9,Hoch,23.64,,,,,,,,,,,,,,,,,,
2026-05-20,Long Term,7,CF,"CF Industries Holdings, Inc.",123.3000030517578,0.73,0.46,0.27,7,Gut,9,Hoch,23.46,,,,,,,,,,,,,,,,,,
2026-05-20,Long Term,8,INCY,Incyte Corporation,97.08000183105467,0.69,0.38,-0.04,6,Gut,10,Hoch,23.38,,,,,,,,,,,,,,,,,,
2026-05-20,Early Play,1,ANET,"Arista Networks, Inc.",140.49000549316406,0.59,0.18,0.06,7,Gut,9,Hoch,28.0,,,,,,,,,,,,,,,,,,
2026-05-20,Early Play,2,NFLX,"Netflix, Inc.",88.08999633789062,0.22,-0.56,0.12,3,Riskant,8,Hoch,26.0,,,,,,,,,,,,,,,,,,
2026-05-20,Early Play,3,DSGX,The Descartes Systems Group Inc,72.51000213623047,0.18,-0.64,0.08,2,Riskant,8,Hoch,26.0,,,,,,,,,,,,,,,,,,
2026-05-20,Early Play,4,MSFT,Microsoft Corporation,421.05999755859375,0.33,-0.34,0.06,2,Riskant,8,Hoch,26.0,,,,,,,,,,,,,,,,,,
2026-05-20,Early Play,5,NU,Nu Holdings Ltd.,12.789999961853027,0.15,-0.7,-0.27,0,Riskant,10,Hoch,25.0,,,,,,,,,,,,,,,,,,
2026-05-20,Early Play,6,TD,Toronto Dominion Bank (The),109.58000183105467,0.99,0.99,0.14,6,Gut,10,Hoch,25.0,,,,,,,,,,,,,,,,,,
2026-05-20,Early Play,7,META,"Meta Platforms, Inc.",605.0599975585938,0.31,-0.38,-0.08,1,Riskant,10,Hoch,25.0,,,,,,,,,,,,,,,,,,
2026-05-20,Early Play,8,NVDA,NVIDIA Corporation,223.47000122070312,0.88,0.76,0.18,6,Gut,10,Hoch,25.0,,,,,,,,,,,,,,,,,,
2026-05-21,Short Term,1,ANET,"Arista Networks, Inc.",148.58999633789062,0.67,0.35,0.17,8,Sehr gut,9,Hoch,19.0,,,,,,,,,,,,,,,,,,
2026-05-21,Short Term,2,PVH,PVH Corp.,86.70999908447266,0.67,0.34,0.26,7,Gut,3,Niedrig,16.5,,,,,,,,,,,,,,,,,,
2026-05-21,Short Term,3,APO,"Apollo Global Management, Inc. ",130.89999389648438,0.57,0.14,0.16,7,Gut,2,Niedrig,16.5,,,,,,,,,,,,,,,,,,
2026-05-21,Short Term,4,JD,"JD.com, Inc.",31.46999931335449,0.65,0.31,0.2,7,Gut,2,Niedrig,16.5,,,,,,,,,,,,,,,,,,
2026-05-21,Short Term,5,OMCL,"Omnicell, Inc.",43.7599983215332,0.6,0.2,0.11,7,Gut,3,Niedrig,16.5,,,,,,,,,,,,,,,,,,
2026-05-21,Short Term,6,NVDA,NVIDIA Corporation,219.509994506836,0.84,0.68,0.15,7,Gut,10,Hoch,15.5,,,,,,,,,,,,,,,,,,
2026-05-21,Short Term,7,EOG,"EOG Resources, Inc.",139.97999572753906,0.79,0.58,0.15,7,Gut,9,Hoch,15.5,,,,,,,,,,,,,,,,,,
2026-05-21,Short Term,8,CF,"CF Industries Holdings, Inc.",121.69000244140624,0.7,0.41,0.28,7,Gut,9,Hoch,15.5,,,,,,,,,,,,,,,,,,
2026-05-21,Long Term,1,TD,Toronto Dominion Bank (The),111.11000061035156,1.0,1.0,0.17,6,Gut,10,Hoch,26.0,,,,,,,,,,,,,,,,,,
2026-05-21,Long Term,2,NVDA,NVIDIA Corporation,219.509994506836,0.84,0.68,0.15,7,Gut,10,Hoch,25.68,,,,,,,,,,,,,,,,,,
2026-05-21,Long Term,3,ANET,"Arista Networks, Inc.",148.58999633789062,0.67,0.35,0.17,8,Sehr gut,9,Hoch,24.34,,,,,,,,,,,,,,,,,,
2026-05-21,Long Term,4,005930.KS,SamsungElec,299500.0,1.0,1.0,0.58,6,Gut,10,Hoch,24.0,,,,,,,,,,,,,,,,,,
2026-05-21,Long Term,5,MS,Morgan Stanley,200.509994506836,1.0,0.99,0.21,6,Gut,9,Hoch,24.0,,,,,,,,,,,,,,,,,,
2026-05-21,Long Term,6,C,"Citigroup, Inc.",125.22000122070312,0.85,0.71,0.14,6,Gut,9,Hoch,23.7,,,,,,,,,,,,,,,,,,
2026-05-21,Long Term,7,EOG,"EOG Resources, Inc.",139.97999572753906,0.79,0.58,0.15,7,Gut,9,Hoch,23.58,,,,,,,,,,,,,,,,,,
2026-05-21,Long Term,8,FSLR,"First Solar, Inc.",248.8800048828125,0.75,0.51,0.03,6,Gut,10,Hoch,23.5,,,,,,,,,,,,,,,,,,
2026-05-21,Early Play,1,NVO,Novo Nordisk A/S,44.38999938964844,0.23,-0.54,0.16,4,Neutral,10,Hoch,30.0,,,,,,,,,,,,,,,,,,
2026-05-21,Early Play,2,DSGX,The Descartes Systems Group Inc,70.73999786376953,0.15,-0.7,0.13,3,Riskant,8,Hoch,26.0,,,,,,,,,,,,,,,,,,
2026-05-21,Early Play,3,MSFT,Microsoft Corporation,419.0899963378906,0.32,-0.36,0.09,2,Riskant,8,Hoch,26.0,,,,,,,,,,,,,,,,,,
2026-05-21,Early Play,4,PLTR,Palantir Technologies Inc.,137.4149932861328,0.21,-0.58,0.05,1,Riskant,8,Hoch,26.0,,,,,,,,,,,,,,,,,,
2026-05-21,Early Play,5,NFLX,"Netflix, Inc.",89.30000305175781,0.24,-0.52,0.17,3,Riskant,8,Hoch,26.0,,,,,,,,,,,,,,,,,,
2026-05-21,Early Play,6,NVDA,NVIDIA Corporation,219.509994506836,0.84,0.68,0.15,7,Gut,10,Hoch,25.0,,,,,,,,,,,,,,,,,,
2026-05-21,Early Play,7,KGC,Kinross Gold Corporation,28.68000030517578,0.58,0.16,-0.19,5,Neutral,10,Hoch,25.0,,,,,,,,,,,,,,,,,,
2026-05-21,Early Play,8,NU,Nu Holdings Ltd.,13.15999984741211,0.2,-0.6,-0.19,0,Riskant,10,Hoch,25.0,,,,,,,,,,,,,,,,,,
2026-05-22,Short Term,1,JD,"JD.com, Inc.",30.520000457763672,0.57,0.15,0.15,7,Gut,2,Niedrig,16.5,,,,,,,,,,,,,,,,,,
2026-05-22,Short Term,2,ETSY,"Etsy, Inc.",62.380001068115234,0.57,0.13,0.15,7,Gut,2,Niedrig,16.5,,,,,,,,,,,,,,,,,,
2026-05-22,Short Term,3,CF,"CF Industries Holdings, Inc.",121.6999969482422,0.7,0.41,0.27,7,Gut,9,Hoch,15.5,,,,,,,,,,,,,,,,,,
2026-05-22,Short Term,4,NVDA,NVIDIA Corporation,215.3300018310547,0.8,0.61,0.12,7,Gut,10,Hoch,15.5,,,,,,,,,,,,,,,,,,
2026-05-22,Short Term,5,EOG,"EOG Resources, Inc.",141.22000122070312,0.81,0.63,0.15,7,Gut,9,Hoch,15.5,,,,,,,,,,,,,,,,,,
2026-05-22,Short Term,6,OMCL,"Omnicell, Inc.",44.40999984741211,0.62,0.25,0.11,6,Gut,2,Niedrig,15.0,,,,,,,,,,,,,,,,,,
2026-05-22,Short Term,7,MDLZ,"Mondelez International, Inc.",61.7599983215332,0.59,0.18,0.02,7,Gut,5,Mittel,14.5,,,,,,,,,,,,,,,,,,
2026-05-22,Short Term,8,JPM,JP Morgan Chase & Co.,306.3800048828125,0.67,0.33,0.04,7,Gut,6,Mittel,14.5,,,,,,,,,,,,,,,,,,
2026-05-22,Long Term,1,TD,Toronto Dominion Bank (The),111.87000274658205,0.99,0.98,0.19,6,Gut,10,Hoch,25.98,,,,,,,,,,,,,,,,,,
2026-05-22,Long Term,2,NVDA,NVIDIA Corporation,215.3300018310547,0.8,0.61,0.12,7,Gut,10,Hoch,25.6,,,,,,,,,,,,,,,,,,
2026-05-22,Long Term,3,005930.KS,SamsungElec,292500.0,0.97,0.94,0.54,6,Gut,10,Hoch,23.94,,,,,,,,,,,,,,,,,,
2026-05-22,Long Term,4,MS,Morgan Stanley,201.02999877929688,0.97,0.95,0.2,6,Gut,9,Hoch,23.94,,,,,,,,,,,,,,,,,,
2026-05-22,Long Term,5,C,"Citigroup, Inc.",125.08999633789062,0.85,0.7,0.15,6,Gut,9,Hoch,23.7,,,,,,,,,,,,,,,,,,
2026-05-22,Long Term,6,EOG,"EOG Resources, Inc.",141.22000122070312,0.81,0.63,0.15,7,Gut,9,Hoch,23.62,,,,,,,,,,,,,,,,,,
2026-05-22,Long Term,7,FSLR,"First Solar, Inc.",257.8500061035156,0.81,0.63,0.06,6,Gut,10,Hoch,23.62,,,,,,,,,,,,,,,,,,
2026-05-22,Long Term,8,NVO,Novo Nordisk A/S,44.959999084472656,0.24,-0.52,0.21,4,Neutral,10,Hoch,23.48,,,,,,,,,,,,,,,,,,
2026-05-22,Early Play,1,NVO,Novo Nordisk A/S,44.959999084472656,0.24,-0.52,0.21,4,Neutral,10,Hoch,30.0,,,,,,,,,,,,,,,,,,
2026-05-22,Early Play,2,MSFT,Microsoft Corporation,418.5700073242188,0.32,-0.36,0.08,2,Riskant,8,Hoch,26.0,,,,,,,,,,,,,,,,,,
2026-05-22,Early Play,3,PLTR,Palantir Technologies Inc.,136.8800048828125,0.2,-0.59,0.06,1,Riskant,8,Hoch,26.0,,,,,,,,,,,,,,,,,,
2026-05-22,Early Play,4,DSGX,The Descartes Systems Group Inc,71.29000091552734,0.16,-0.68,0.12,3,Riskant,8,Hoch,26.0,,,,,,,,,,,,,,,,,,
2026-05-22,Early Play,5,NFLX,"Netflix, Inc.",88.5999984741211,0.23,-0.54,0.14,3,Riskant,8,Hoch,26.0,,,,,,,,,,,,,,,,,,
2026-05-22,Early Play,6,AFL,AFLAC Incorporated,117.86000061035156,0.95,0.89,0.05,5,Neutral,10,Hoch,25.0,,,,,,,,,,,,,,,,,,
2026-05-22,Early Play,7,NVDA,NVIDIA Corporation,215.3300018310547,0.8,0.61,0.12,7,Gut,10,Hoch,25.0,,,,,,,,,,,,,,,,,,
2026-05-22,Early Play,8,KGC,Kinross Gold Corporation,28.290000915527344,0.57,0.13,-0.21,5,Neutral,10,Hoch,25.0,,,,,,,,,,,,,,,,,,
2026-05-23,Short Term,1,ETSY,"Etsy, Inc.",62.380001068115234,0.57,0.13,0.15,7,Gut,2,Niedrig,16.5,,,,,,,,,,,,,,,,,,
2026-05-23,Short Term,2,JD,"JD.com, Inc.",30.520000457763672,0.57,0.15,0.15,7,Gut,2,Niedrig,16.5,,,,,,,,,,,,,,,,,,
2026-05-23,Short Term,3,CF,"CF Industries Holdings, Inc.",121.6999969482422,0.7,0.41,0.27,7,Gut,9,Hoch,15.5,,,,,,,,,,,,,,,,,,
2026-05-23,Short Term,4,NVDA,NVIDIA Corporation,215.3300018310547,0.8,0.61,0.12,7,Gut,10,Hoch,15.5,,,,,,,,,,,,,,,,,,
2026-05-23,Short Term,5,EOG,"EOG Resources, Inc.",141.22000122070312,0.81,0.63,0.15,7,Gut,9,Hoch,15.5,,,,,,,,,,,,,,,,,,
2026-05-23,Short Term,6,OMCL,"Omnicell, Inc.",44.40999984741211,0.62,0.25,0.11,6,Gut,2,Niedrig,15.0,,,,,,,,,,,,,,,,,,
2026-05-23,Short Term,7,BAC,Bank of America Corporation,51.79999923706055,0.66,0.31,0.03,7,Gut,7,Mittel,14.5,,,,,,,,,,,,,,,,,,
2026-05-23,Short Term,8,MDLZ,"Mondelez International, Inc.",61.7599983215332,0.59,0.18,0.02,7,Gut,5,Mittel,14.5,,,,,,,,,,,,,,,,,,
2026-05-23,Long Term,1,TD,Toronto Dominion Bank (The),111.87000274658205,0.99,0.98,0.19,6,Gut,10,Hoch,25.98,,,,,,,,,,,,,,,,,,
2026-05-23,Long Term,2,NVDA,NVIDIA Corporation,215.3300018310547,0.8,0.61,0.12,7,Gut,10,Hoch,25.6,,,,,,,,,,,,,,,,,,
2026-05-23,Long Term,3,005930.KS,SamsungElec,292500.0,0.97,0.94,0.54,6,Gut,10,Hoch,23.94,,,,,,,,,,,,,,,,,,
2026-05-23,Long Term,4,MS,Morgan Stanley,201.02999877929688,0.97,0.95,0.2,6,Gut,9,Hoch,23.94,,,,,,,,,,,,,,,,,,
2026-05-23,Long Term,5,C,"Citigroup, Inc.",125.08999633789062,0.85,0.7,0.15,6,Gut,9,Hoch,23.7,,,,,,,,,,,,,,,,,,
2026-05-23,Long Term,6,EOG,"EOG Resources, Inc.",141.22000122070312,0.81,0.63,0.15,7,Gut,9,Hoch,23.62,,,,,,,,,,,,,,,,,,
2026-05-23,Long Term,7,FSLR,"First Solar, Inc.",257.8500061035156,0.81,0.63,0.06,6,Gut,10,Hoch,23.62,,,,,,,,,,,,,,,,,,
2026-05-23,Long Term,8,NVO,Novo Nordisk A/S,44.959999084472656,0.24,-0.52,0.21,4,Neutral,10,Hoch,23.48,,,,,,,,,,,,,,,,,,
2026-05-23,Early Play,1,NVO,Novo Nordisk A/S,44.959999084472656,0.24,-0.52,0.21,4,Neutral,10,Hoch,30.0,,,,,,,,,,,,,,,,,,
2026-05-23,Early Play,2,PLTR,Palantir Technologies Inc.,136.8800048828125,0.2,-0.59,0.06,1,Riskant,8,Hoch,26.0,,,,,,,,,,,,,,,,,,
2026-05-23,Early Play,3,MSFT,Microsoft Corporation,418.5700073242188,0.32,-0.36,0.08,2,Riskant,8,Hoch,26.0,,,,,,,,,,,,,,,,,,
2026-05-23,Early Play,4,NFLX,"Netflix, Inc.",88.5999984741211,0.23,-0.54,0.14,3,Riskant,8,Hoch,26.0,,,,,,,,,,,,,,,,,,
2026-05-23,Early Play,5,DSGX,The Descartes Systems Group Inc,71.29000091552734,0.16,-0.68,0.12,3,Riskant,8,Hoch,26.0,,,,,,,,,,,,,,,,,,
2026-05-23,Early Play,6,FIS,Fidelity National Information S,43.560001373291016,0.06,-0.89,-0.09,1,Riskant,10,Hoch,25.0,,,,,,,,,,,,,,,,,,
2026-05-23,Early Play,7,KGC,Kinross Gold Corporation,28.290000915527344,0.57,0.13,-0.21,5,Neutral,10,Hoch,25.0,,,,,,,,,,,,,,,,,,
2026-05-23,Early Play,8,HALO,"Halozyme Therapeutics, Inc.",68.31999969482422,0.55,0.11,-0.03,6,Gut,10,Hoch,25.0,,,,,,,,,,,,,,,,,,
2026-05-24,Short Term,1,ETSY,"Etsy, Inc.",62.380001068115234,0.57,0.13,0.15,7,Gut,2,Niedrig,16.5,,,,,,,,,,,,,,,,,,
2026-05-24,Short Term,2,JD,"JD.com, Inc.",30.520000457763672,0.57,0.15,0.15,7,Gut,2,Niedrig,16.5,,,,,,,,,,,,,,,,,,
2026-05-24,Short Term,3,CF,"CF Industries Holdings, Inc.",121.6999969482422,0.7,0.41,0.27,7,Gut,9,Hoch,15.5,,,,,,,,,,,,,,,,,,
2026-05-24,Short Term,4,NVDA,NVIDIA Corporation,215.3300018310547,0.8,0.61,0.12,7,Gut,10,Hoch,15.5,,,,,,,,,,,,,,,,,,
2026-05-24,Short Term,5,EOG,"EOG Resources, Inc.",141.22000122070312,0.81,0.63,0.15,7,Gut,9,Hoch,15.5,,,,,,,,,,,,,,,,,,
2026-05-24,Short Term,6,OMCL,"Omnicell, Inc.",44.40999984741211,0.62,0.25,0.11,6,Gut,2,Niedrig,15.0,,,,,,,,,,,,,,,,,,
2026-05-24,Short Term,7,BAC,Bank of America Corporation,51.79999923706055,0.66,0.31,0.03,7,Gut,7,Mittel,14.5,,,,,,,,,,,,,,,,,,
2026-05-24,Short Term,8,MDLZ,"Mondelez International, Inc.",61.7599983215332,0.59,0.18,0.02,7,Gut,5,Mittel,14.5,,,,,,,,,,,,,,,,,,
2026-05-24,Long Term,1,TD,Toronto Dominion Bank (The),111.87000274658205,0.99,0.98,0.19,6,Gut,10,Hoch,25.98,,,,,,,,,,,,,,,,,,
2026-05-24,Long Term,2,NVDA,NVIDIA Corporation,215.3300018310547,0.8,0.61,0.12,7,Gut,10,Hoch,25.6,,,,,,,,,,,,,,,,,,
2026-05-24,Long Term,3,005930.KS,SamsungElec,292500.0,0.97,0.94,0.54,6,Gut,10,Hoch,23.94,,,,,,,,,,,,,,,,,,
2026-05-24,Long Term,4,MS,Morgan Stanley,201.02999877929688,0.97,0.95,0.2,6,Gut,9,Hoch,23.94,,,,,,,,,,,,,,,,,,
2026-05-24,Long Term,5,C,"Citigroup, Inc.",125.08999633789062,0.85,0.7,0.15,6,Gut,9,Hoch,23.7,,,,,,,,,,,,,,,,,,
2026-05-24,Long Term,6,EOG,"EOG Resources, Inc.",141.22000122070312,0.81,0.63,0.15,7,Gut,9,Hoch,23.62,,,,,,,,,,,,,,,,,,
2026-05-24,Long Term,7,FSLR,"First Solar, Inc.",257.8500061035156,0.81,0.63,0.06,6,Gut,10,Hoch,23.62,,,,,,,,,,,,,,,,,,
2026-05-24,Long Term,8,NVO,Novo Nordisk A/S,44.959999084472656,0.24,-0.52,0.21,4,Neutral,10,Hoch,23.48,,,,,,,,,,,,,,,,,,
2026-05-24,Early Play,1,NVO,Novo Nordisk A/S,44.959999084472656,0.24,-0.52,0.21,4,Neutral,10,Hoch,30.0,,,,,,,,,,,,,,,,,,
2026-05-24,Early Play,2,PLTR,Palantir Technologies Inc.,136.8800048828125,0.2,-0.59,0.06,1,Riskant,8,Hoch,26.0,,,,,,,,,,,,,,,,,,
2026-05-24,Early Play,3,MSFT,Microsoft Corporation,418.5700073242188,0.32,-0.36,0.08,2,Riskant,8,Hoch,26.0,,,,,,,,,,,,,,,,,,
2026-05-24,Early Play,4,NFLX,"Netflix, Inc.",88.5999984741211,0.23,-0.54,0.14,3,Riskant,8,Hoch,26.0,,,,,,,,,,,,,,,,,,
2026-05-24,Early Play,5,DSGX,The Descartes Systems Group Inc,71.29000091552734,0.16,-0.68,0.12,3,Riskant,8,Hoch,26.0,,,,,,,,,,,,,,,,,,
2026-05-24,Early Play,6,FIS,Fidelity National Information S,43.560001373291016,0.06,-0.89,-0.09,1,Riskant,10,Hoch,25.0,,,,,,,,,,,,,,,,,,
2026-05-24,Early Play,7,KGC,Kinross Gold Corporation,28.290000915527344,0.57,0.13,-0.21,5,Neutral,10,Hoch,25.0,,,,,,,,,,,,,,,,,,
2026-05-24,Early Play,8,HALO,"Halozyme Therapeutics, Inc.",68.31999969482422,0.55,0.11,-0.03,6,Gut,10,Hoch,25.0,,,,,,,,,,,,,,,,,,
2026-05-25,Short Term,1,ETSY,"Etsy, Inc.",62.380001068115234,0.57,0.13,0.15,7,Gut,2,Niedrig,16.5,,,,,,,,,,,,,,,,,,
2026-05-25,Short Term,2,JD,"JD.com, Inc.",30.520000457763672,0.57,0.15,0.15,7,Gut,2,Niedrig,16.5,,,,,,,,,,,,,,,,,,
2026-05-25,Short Term,3,CF,"CF Industries Holdings, Inc.",121.6999969482422,0.7,0.41,0.27,7,Gut,9,Hoch,15.5,,,,,,,,,,,,,,,,,,
2026-05-25,Short Term,4,EOG,"EOG Resources, Inc.",141.22000122070312,0.81,0.63,0.15,7,Gut,9,Hoch,15.5,,,,,,,,,,,,,,,,,,
2026-05-25,Short Term,5,NVDA,NVIDIA Corporation,215.3300018310547,0.8,0.61,0.12,7,Gut,10,Hoch,15.5,,,,,,,,,,,,,,,,,,
2026-05-25,Short Term,6,OMCL,"Omnicell, Inc.",44.40999984741211,0.62,0.25,0.11,6,Gut,2,Niedrig,15.0,,,,,,,,,,,,,,,,,,
2026-05-25,Short Term,7,JPM,JP Morgan Chase & Co.,306.3800048828125,0.67,0.33,0.04,7,Gut,6,Mittel,14.5,,,,,,,,,,,,,,,,,,
2026-05-25,Short Term,8,MDLZ,"Mondelez International, Inc.",61.7599983215332,0.59,0.18,0.02,7,Gut,5,Mittel,14.5,,,,,,,,,,,,,,,,,,
2026-05-25,Long Term,1,TD,Toronto Dominion Bank (The),111.87000274658205,0.99,0.98,0.19,6,Gut,10,Hoch,25.98,,,,,,,,,,,,,,,,,,
2026-05-25,Long Term,2,NVDA,NVIDIA Corporation,215.3300018310547,0.8,0.61,0.12,7,Gut,10,Hoch,25.6,,,,,,,,,,,,,,,,,,
2026-05-25,Long Term,3,005930.KS,SamsungElec,292500.0,0.97,0.94,0.54,6,Gut,10,Hoch,23.94,,,,,,,,,,,,,,,,,,
2026-05-25,Long Term,4,MS,Morgan Stanley,201.02999877929688,0.97,0.95,0.2,6,Gut,9,Hoch,23.94,,,,,,,,,,,,,,,,,,
2026-05-25,Long Term,5,C,"Citigroup, Inc.",125.08999633789062,0.85,0.7,0.15,6,Gut,9,Hoch,23.7,,,,,,,,,,,,,,,,,,
2026-05-25,Long Term,6,FSLR,"First Solar, Inc.",257.8500061035156,0.81,0.63,0.06,6,Gut,10,Hoch,23.62,,,,,,,,,,,,,,,,,,
2026-05-25,Long Term,7,EOG,"EOG Resources, Inc.",141.22000122070312,0.81,0.63,0.15,7,Gut,9,Hoch,23.62,,,,,,,,,,,,,,,,,,
2026-05-25,Long Term,8,NVO,Novo Nordisk A/S,44.959999084472656,0.24,-0.52,0.21,4,Neutral,10,Hoch,23.48,,,,,,,,,,,,,,,,,,
2026-05-25,Early Play,1,NVO,Novo Nordisk A/S,44.959999084472656,0.24,-0.52,0.21,4,Neutral,10,Hoch,30.0,,,,,,,,,,,,,,,,,,
2026-05-25,Early Play,2,PLTR,Palantir Technologies Inc.,136.8800048828125,0.2,-0.59,0.06,1,Riskant,8,Hoch,26.0,,,,,,,,,,,,,,,,,,
2026-05-25,Early Play,3,MSFT,Microsoft Corporation,418.5700073242188,0.32,-0.36,0.08,2,Riskant,8,Hoch,26.0,,,,,,,,,,,,,,,,,,
2026-05-25,Early Play,4,NFLX,"Netflix, Inc.",88.5999984741211,0.23,-0.54,0.14,3,Riskant,8,Hoch,26.0,,,,,,,,,,,,,,,,,,
2026-05-25,Early Play,5,DSGX,The Descartes Systems Group Inc,71.29000091552734,0.16,-0.68,0.12,3,Riskant,8,Hoch,26.0,,,,,,,,,,,,,,,,,,
2026-05-25,Early Play,6,KGC,Kinross Gold Corporation,28.290000915527344,0.57,0.13,-0.21,5,Neutral,10,Hoch,25.0,,,,,,,,,,,,,,,,,,
2026-05-25,Early Play,7,NVDA,NVIDIA Corporation,215.3300018310547,0.8,0.61,0.12,7,Gut,10,Hoch,25.0,,,,,,,,,,,,,,,,,,
2026-05-25,Early Play,8,META,"Meta Platforms, Inc.",610.260009765625,0.33,-0.34,-0.04,1,Riskant,10,Hoch,25.0,,,,,,,,,,,,,,,,,,
2026-05-26,Short Term,1,CF,"CF Industries Holdings, Inc.",119.16000366210938,0.67,0.33,0.24,9,Sehr gut,9,Hoch,20.5,,,,,,,,,,,,,,,,,,
2026-05-26,Short Term,2,ETSY,"Etsy, Inc.",64.33000183105469,0.63,0.25,0.2,7,Gut,2,Niedrig,16.5,,,,,,,,,,,,,,,,,,
2026-05-26,Short Term,3,APO,"Apollo Global Management, Inc. ",129.91000366210938,0.55,0.11,0.11,7,Gut,2,Niedrig,16.5,,,,,,,,,,,,,,,,,,
2026-05-26,Short Term,4,EOG,"EOG Resources, Inc.",136.1999969482422,0.71,0.43,0.12,7,Gut,9,Hoch,15.5,,,,,,,,,,,,,,,,,,
2026-05-26,Short Term,5,CLF,Cleveland-Cliffs Inc.,11.979999542236328,0.57,0.15,0.11,6,Gut,2,Niedrig,15.0,,,,,,,,,,,,,,,,,,
2026-05-26,Short Term,6,MP,MP Materials Corp.,66.98999786376953,0.59,0.18,0.14,6,Gut,2,Niedrig,15.0,,,,,,,,,,,,,,,,,,
2026-05-26,Short Term,7,COP,ConocoPhillips,116.56999969482422,0.66,0.31,0.07,6,Gut,3,Niedrig,15.0,,,,,,,,,,,,,,,,,,
2026-05-26,Short Term,8,JPM,JP Morgan Chase & Co.,306.739990234375,0.65,0.3,0.02,7,Gut,6,Mittel,14.5,,,,,,,,,,,,,,,,,,
2026-05-26,Long Term,1,TD,Toronto Dominion Bank (The),112.55999755859376,0.98,0.96,0.17,6,Gut,10,Hoch,25.96,,,,,,,,,,,,,,,,,,
2026-05-26,Long Term,2,FSLR,"First Solar, Inc.",269.95001220703125,0.89,0.79,0.28,6,Gut,10,Hoch,25.78,,,,,,,,,,,,,,,,,,
2026-05-26,Long Term,3,NVDA,NVIDIA Corporation,214.8600006103516,0.79,0.58,0.1,6,Gut,10,Hoch,25.58,,,,,,,,,,,,,,,,,,
2026-05-26,Long Term,4,CF,"CF Industries Holdings, Inc.",119.16000366210938,0.67,0.33,0.24,9,Sehr gut,9,Hoch,24.34,,,,,,,,,,,,,,,,,,
2026-05-26,Long Term,5,005930.KS,SamsungElec,299000.0,0.99,0.98,0.55,6,Gut,10,Hoch,23.98,,,,,,,,,,,,,,,,,,
2026-05-26,Long Term,6,MS,Morgan Stanley,201.759994506836,0.97,0.95,0.17,6,Gut,9,Hoch,23.94,,,,,,,,,,,,,,,,,,
2026-05-26,Long Term,7,C,"Citigroup, Inc.",126.86000061035156,0.88,0.75,0.11,6,Gut,9,Hoch,23.76,,,,,,,,,,,,,,,,,,
2026-05-26,Long Term,8,NVO,Novo Nordisk A/S,44.18999862670898,0.22,-0.55,0.2,4,Neutral,10,Hoch,23.44,,,,,,,,,,,,,,,,,,
2026-05-26,Early Play,1,NVO,Novo Nordisk A/S,44.18999862670898,0.22,-0.55,0.2,4,Neutral,10,Hoch,30.0,,,,,,,,,,,,,,,,,,
2026-05-26,Early Play,2,MSFT,Microsoft Corporation,416.0299987792969,0.31,-0.38,0.04,2,Riskant,8,Hoch,26.0,,,,,,,,,,,,,,,,,,
2026-05-26,Early Play,3,NFLX,"Netflix, Inc.",87.68000030517578,0.21,-0.57,0.06,2,Riskant,8,Hoch,26.0,,,,,,,,,,,,,,,,,,
2026-05-26,Early Play,4,DSGX,The Descartes Systems Group Inc,70.58000183105469,0.15,-0.71,0.09,2,Riskant,8,Hoch,26.0,,,,,,,,,,,,,,,,,,
2026-05-26,Early Play,5,NVDA,NVIDIA Corporation,214.8600006103516,0.79,0.58,0.1,6,Gut,10,Hoch,25.0,,,,,,,,,,,,,,,,,,
2026-05-26,Early Play,6,FIS,Fidelity National Information S,42.220001220703125,0.02,-0.96,-0.13,0,Riskant,10,Hoch,25.0,,,,,,,,,,,,,,,,,,
2026-05-26,Early Play,7,TD,Toronto Dominion Bank (The),112.55999755859376,0.98,0.96,0.17,6,Gut,10,Hoch,25.0,,,,,,,,,,,,,,,,,,
2026-05-26,Early Play,8,HALO,"Halozyme Therapeutics, Inc.",68.72000122070312,0.57,0.13,-0.02,6,Gut,10,Hoch,25.0,,,,,,,,,,,,,,,,,,
2026-05-27,Short Term,1,CF,"CF Industries Holdings, Inc.",116.33999633789062,0.62,0.25,0.2,9,Sehr gut,9,Hoch,20.5,,,,,,,,,,,,,,,,,,
2026-05-27,Short Term,2,EOG,"EOG Resources, Inc.",134.3000030517578,0.68,0.35,0.12,9,Sehr gut,9,Hoch,20.5,,,,,,,,,,,,,,,,,,
2026-05-27,Short Term,3,ETSY,"Etsy, Inc.",63.810001373291016,0.61,0.22,0.16,7,Gut,2,Niedrig,16.5,,,,,,,,,,,,,,,,,,
2026-05-27,Short Term,4,APO,"Apollo Global Management, Inc. ",130.27000427246094,0.56,0.12,0.14,7,Gut,2,Niedrig,16.5,,,,,,,,,,,,,,,,,,
2026-05-27,Short Term,5,NVDA,NVIDIA Corporation,212.6000061035156,0.77,0.54,0.15,7,Gut,10,Hoch,15.5,,,,,,,,,,,,,,,,,,
2026-05-27,Short Term,6,CLF,Cleveland-Cliffs Inc.,12.829999923706056,0.65,0.3,0.16,6,Gut,2,Niedrig,15.0,,,,,,,,,,,,,,,,,,
2026-05-27,Short Term,7,MDLZ,"Mondelez International, Inc.",62.25,0.62,0.24,0.05,7,Gut,5,Mittel,14.5,,,,,,,,,,,,,,,,,,
2026-05-27,Short Term,8,SAIC,Science Applications Internatio,101.66000366210938,0.54,0.07,0.11,6,Gut,2,Niedrig,14.0,,,,,,,,,,,,,,,,,,
2026-05-27,Long Term,1,TD,Toronto Dominion Bank (The),112.1999969482422,0.97,0.94,0.14,6,Gut,10,Hoch,25.94,,,,,,,,,,,,,,,,,,
2026-05-27,Long Term,2,NVDA,NVIDIA Corporation,212.6000061035156,0.77,0.54,0.15,7,Gut,10,Hoch,25.54,,,,,,,,,,,,,,,,,,
2026-05-27,Long Term,3,EOG,"EOG Resources, Inc.",134.3000030517578,0.68,0.35,0.12,9,Sehr gut,9,Hoch,24.36,,,,,,,,,,,,,,,,,,
2026-05-27,Long Term,4,CF,"CF Industries Holdings, Inc.",116.33999633789062,0.62,0.25,0.2,9,Sehr gut,9,Hoch,24.24,,,,,,,,,,,,,,,,,,
2026-05-27,Long Term,5,MS,Morgan Stanley,201.6100006103516,0.97,0.94,0.14,6,Gut,9,Hoch,23.94,,,,,,,,,,,,,,,,,,
2026-05-27,Long Term,6,005930.KS,SamsungElec,307000.0,0.94,0.88,0.54,6,Gut,10,Hoch,23.88,,,,,,,,,,,,,,,,,,
2026-05-27,Long Term,7,FSLR,"First Solar, Inc.",273.6700134277344,0.92,0.84,0.37,6,Gut,10,Hoch,23.84,,,,,,,,,,,,,,,,,,
2026-05-27,Long Term,8,AFL,AFLAC Incorporated,114.8499984741211,0.82,0.64,0.01,6,Gut,10,Hoch,23.64,,,,,,,,,,,,,,,,,,
2026-05-27,Early Play,1,NVO,Novo Nordisk A/S,44.54999923706055,0.23,-0.54,0.23,4,Neutral,10,Hoch,30.0,,,,,,,,,,,,,,,,,,
2026-05-27,Early Play,2,KGC,Kinross Gold Corporation,28.51000022888184,0.57,0.15,-0.22,5,Neutral,10,Hoch,25.0,,,,,,,,,,,,,,,,,,
2026-05-27,Early Play,3,FIS,Fidelity National Information S,42.02000045776367,0.02,-0.97,-0.17,0,Riskant,10,Hoch,25.0,,,,,,,,,,,,,,,,,,
2026-05-27,Early Play,4,NU,Nu Holdings Ltd.,13.029999732971191,0.18,-0.64,-0.13,0,Riskant,10,Hoch,25.0,,,,,,,,,,,,,,,,,,
2026-05-27,Early Play,5,NVDA,NVIDIA Corporation,212.6000061035156,0.77,0.54,0.15,7,Gut,10,Hoch,25.0,,,,,,,,,,,,,,,,,,
2026-05-27,Early Play,6,BLK,"BlackRock, Inc.",1070.3399658203125,0.53,0.06,-0.01,5,Neutral,10,Hoch,25.0,,,,,,,,,,,,,,,,,,
2026-05-27,Early Play,7,HALO,"Halozyme Therapeutics, Inc.",68.6500015258789,0.56,0.13,-0.01,6,Gut,10,Hoch,25.0,,,,,,,,,,,,,,,,,,
2026-05-27,Early Play,8,TD,Toronto Dominion Bank (The),112.1999969482422,0.97,0.94,0.14,6,Gut,10,Hoch,25.0,,,,,,,,,,,,,,,,,,
2026-05-28,Short Term,1,CF,"CF Industries Holdings, Inc.",116.5,0.63,0.25,0.18,9,Sehr gut,9,Hoch,20.5,,,,,,,,,,,,,,,,,,
2026-05-28,Short Term,2,RUN,Sunrun Inc.,15.890000343322754,0.62,0.23,0.2,9,Sehr gut,9,Hoch,20.5,,,,,,,,,,,,,,,,,,
2026-05-28,Short Term,3,EOG,"EOG Resources, Inc.",134.5800018310547,0.68,0.37,0.09,8,Sehr gut,9,Hoch,19.0,,,,,,,,,,,,,,,,,,
2026-05-28,Short Term,4,SAIC,Science Applications Internatio,103.6999969482422,0.59,0.18,0.13,7,Gut,2,Niedrig,16.5,,,,,,,,,,,,,,,,,,
2026-05-28,Short Term,5,ARRY,"Array Technologies, Inc.",9.260000228881836,0.57,0.13,0.22,7,Gut,2,Niedrig,16.5,,,,,,,,,,,,,,,,,,
2026-05-28,Short Term,6,BP,BP p.l.c.,41.59000015258789,0.7,0.4,0.08,7,Gut,5,Mittel,16.5,,,,,,,,,,,,,,,,,,
2026-05-28,Short Term,7,NVDA,NVIDIA Corporation,214.25,0.78,0.57,0.21,7,Gut,10,Hoch,15.5,,,,,,,,,,,,,,,,,,
2026-05-28,Short Term,8,C,"Citigroup, Inc.",124.68000030517578,0.84,0.68,0.14,7,Gut,9,Hoch,15.5,,,,,,,,,,,,,,,,,,
2026-05-28,Long Term,1,TD,Toronto Dominion Bank (The),113.33999633789062,1.0,0.99,0.17,6,Gut,10,Hoch,26.0,,,,,,,,,,,,,,,,,,
2026-05-28,Long Term,2,NVDA,NVIDIA Corporation,214.25,0.78,0.57,0.21,7,Gut,10,Hoch,25.56,,,,,,,,,,,,,,,,,,
2026-05-28,Long Term,3,EOG,"EOG Resources, Inc.",134.5800018310547,0.68,0.37,0.09,8,Sehr gut,9,Hoch,24.36,,,,,,,,,,,,,,,,,,
2026-05-28,Long Term,4,CF,"CF Industries Holdings, Inc.",116.5,0.63,0.25,0.18,9,Sehr gut,9,Hoch,24.26,,,,,,,,,,,,,,,,,,
2026-05-28,Long Term,5,RUN,Sunrun Inc.,15.890000343322754,0.62,0.23,0.2,9,Sehr gut,9,Hoch,24.24,,,,,,,,,,,,,,,,,,
2026-05-28,Long Term,6,MS,Morgan Stanley,203.7899932861328,0.99,0.99,0.23,6,Gut,9,Hoch,23.98,,,,,,,,,,,,,,,,,,
2026-05-28,Long Term,7,FSLR,"First Solar, Inc.",303.3800048828125,0.96,0.92,0.54,6,Gut,10,Hoch,23.92,,,,,,,,,,,,,,,,,,
2026-05-28,Long Term,8,005930.KS,SamsungElec,299500.0,0.91,0.83,0.47,6,Gut,10,Hoch,23.82,,,,,,,,,,,,,,,,,,
2026-05-28,Early Play,1,MSFT,Microsoft Corporation,426.989990234375,0.37,-0.27,0.09,4,Neutral,8,Hoch,26.0,,,,,,,,,,,,,,,,,,
2026-05-28,Early Play,2,PLTR,Palantir Technologies Inc.,143.33999633789062,0.28,-0.45,0.04,1,Riskant,8,Hoch,26.0,,,,,,,,,,,,,,,,,,
2026-05-28,Early Play,3,DSGX,The Descartes Systems Group Inc,71.76000213623047,0.17,-0.66,0.08,2,Riskant,8,Hoch,26.0,,,,,,,,,,,,,,,,,,
2026-05-28,Early Play,4,FIS,Fidelity National Information S,42.220001220703125,0.02,-0.96,-0.16,0,Riskant,10,Hoch,25.0,,,,,,,,,,,,,,,,,,
2026-05-28,Early Play,5,NVDA,NVIDIA Corporation,214.25,0.78,0.57,0.21,7,Gut,10,Hoch,25.0,,,,,,,,,,,,,,,,,,
2026-05-28,Early Play,6,HALO,"Halozyme Therapeutics, Inc.",68.18000030517578,0.55,0.1,-0.02,5,Neutral,10,Hoch,25.0,,,,,,,,,,,,,,,,,,
2026-05-28,Early Play,7,NU,Nu Holdings Ltd.,13.050000190734863,0.18,-0.63,-0.13,0,Riskant,10,Hoch,25.0,,,,,,,,,,,,,,,,,,
2026-05-28,Early Play,8,TD,Toronto Dominion Bank (The),113.33999633789062,1.0,0.99,0.17,6,Gut,10,Hoch,25.0,,,,,,,,,,,,,,,,,,
2026-05-29,Short Term,1,CF,"CF Industries Holdings, Inc.",112.3499984741211,0.56,0.13,0.08,8,Sehr gut,9,Hoch,19.0,,,,,,,,,,,,,,,,,,
2026-05-29,Short Term,2,EOG,"EOG Resources, Inc.",133.3800048828125,0.66,0.32,0.04,8,Sehr gut,9,Hoch,17.0,,,,,,,,,,,,,,,,,,
2026-05-29,Short Term,3,SEIC,SEI Investments Company,87.87999725341797,0.69,0.39,0.07,7,Gut,6,Mittel,16.5,,,,,,,,,,,,,,,,,,
2026-05-29,Short Term,4,SAIC,Science Applications Internatio,104.1999969482422,0.6,0.2,0.13,7,Gut,2,Niedrig,16.5,,,,,,,,,,,,,,,,,,
2026-05-29,Short Term,5,NVDA,NVIDIA Corporation,211.13999938964844,0.75,0.51,0.16,7,Gut,10,Hoch,15.5,,,,,,,,,,,,,,,,,,
2026-05-29,Short Term,6,MSFT,Microsoft Corporation,450.239990234375,0.48,-0.03,0.13,6,Gut,8,Hoch,15.0,,,,,,,,,,,,,,,,,,
2026-05-29,Short Term,7,JPM,JP Morgan Chase & Co.,299.3099975585937,0.56,0.12,0.01,7,Gut,6,Mittel,14.5,,,,,,,,,,,,,,,,,,
2026-05-29,Short Term,8,TEL,TE Connectivity plc,213.4100036621093,0.6,0.2,0.01,7,Gut,6,Mittel,14.5,,,,,,,,,,,,,,,,,,
2026-05-29,Long Term,1,NVDA,NVIDIA Corporation,211.13999938964844,0.75,0.51,0.16,7,Gut,10,Hoch,25.5,,,,,,,,,,,,,,,,,,
2026-05-29,Long Term,2,CF,"CF Industries Holdings, Inc.",112.3499984741211,0.56,0.13,0.08,8,Sehr gut,9,Hoch,24.12,,,,,,,,,,,,,,,,,,
2026-05-29,Long Term,3,MS,Morgan Stanley,208.0,1.0,1.0,0.25,6,Gut,9,Hoch,24.0,,,,,,,,,,,,,,,,,,
2026-05-29,Long Term,4,005930.KS,SamsungElec,317000.0,0.98,0.96,0.46,6,Gut,10,Hoch,23.96,,,,,,,,,,,,,,,,,,
2026-05-29,Long Term,5,FSLR,"First Solar, Inc.",306.7900085449219,0.96,0.92,0.54,6,Gut,10,Hoch,23.92,,,,,,,,,,,,,,,,,,
2026-05-29,Long Term,6,C,"Citigroup, Inc.",125.9000015258789,0.86,0.72,0.13,6,Gut,9,Hoch,23.72,,,,,,,,,,,,,,,,,,
2026-05-29,Long Term,7,NVO,Novo Nordisk A/S,45.58000183105469,0.26,-0.49,0.25,4,Neutral,10,Hoch,23.52,,,,,,,,,,,,,,,,,,
2026-05-29,Long Term,8,INCY,Incyte Corporation,96.73999786376952,0.68,0.36,-0.03,6,Gut,10,Hoch,23.36,,,,,,,,,,,,,,,,,,
2026-05-29,Early Play,1,CF,"CF Industries Holdings, Inc.",112.3499984741211,0.56,0.13,0.08,8,Sehr gut,9,Hoch,28.0,,,,,,,,,,,,,,,,,,
2026-05-29,Early Play,2,DSGX,The Descartes Systems Group Inc,73.7699966430664,0.21,-0.58,0.1,2,Riskant,8,Hoch,26.0,,,,,,,,,,,,,,,,,,
2026-05-29,Early Play,3,NVDA,NVIDIA Corporation,211.13999938964844,0.75,0.51,0.16,7,Gut,10,Hoch,25.0,,,,,,,,,,,,,,,,,,
2026-05-29,Early Play,4,NU,Nu Holdings Ltd.,13.130000114440918,0.2,-0.61,-0.14,0,Riskant,10,Hoch,25.0,,,,,,,,,,,,,,,,,,
2026-05-29,Early Play,5,FIS,Fidelity National Information S,42.9900016784668,0.04,-0.92,-0.13,0,Riskant,10,Hoch,25.0,,,,,,,,,,,,,,,,,,
2026-05-29,Early Play,6,MSFT,Microsoft Corporation,450.239990234375,0.48,-0.03,0.13,6,Gut,8,Hoch,24.0,,,,,,,,,,,,,,,,,,
2026-05-29,Early Play,7,PLTR,Palantir Technologies Inc.,156.5399932861328,0.42,-0.15,0.08,4,Neutral,8,Hoch,24.0,,,,,,,,,,,,,,,,,,
2026-05-29,Early Play,8,ARES,Ares Management Corporation,128.5,0.36,-0.29,0.15,5,Neutral,7,Mittel,24.0,,,,,,,,,,,,,,,,,,
2026-05-30,Short Term,1,CF,"CF Industries Holdings, Inc.",112.3499984741211,0.56,0.13,0.08,8,Sehr gut,9,Hoch,19.0,,,,,,,,,,,,,,,,,,
2026-05-30,Short Term,2,EOG,"EOG Resources, Inc.",133.3800048828125,0.66,0.32,0.04,8,Sehr gut,9,Hoch,17.0,,,,,,,,,,,,,,,,,,
2026-05-30,Short Term,3,SAIC,Science Applications Internatio,104.1999969482422,0.6,0.2,0.13,7,Gut,2,Niedrig,16.5,,,,,,,,,,,,,,,,,,
2026-05-30,Short Term,4,SEIC,SEI Investments Company,87.87999725341797,0.69,0.39,0.07,7,Gut,6,Mittel,16.5,,,,,,,,,,,,,,,,,,
2026-05-30,Short Term,5,NVDA,NVIDIA Corporation,211.13999938964844,0.75,0.51,0.16,7,Gut,10,Hoch,15.5,,,,,,,,,,,,,,,,,,
2026-05-30,Short Term,6,MSFT,Microsoft Corporation,450.239990234375,0.48,-0.03,0.13,6,Gut,8,Hoch,15.0,,,,,,,,,,,,,,,,,,
2026-05-30,Short Term,7,JPM,JP Morgan Chase & Co.,299.3099975585937,0.56,0.12,0.01,7,Gut,6,Mittel,14.5,,,,,,,,,,,,,,,,,,
2026-05-30,Short Term,8,BAC,Bank of America Corporation,51.59999847412109,0.62,0.24,0.04,7,Gut,7,Mittel,14.5,,,,,,,,,,,,,,,,,,
2026-05-30,Long Term,1,NVDA,NVIDIA Corporation,211.13999938964844,0.75,0.51,0.16,7,Gut,10,Hoch,25.5,,,,,,,,,,,,,,,,,,
2026-05-30,Long Term,2,CF,"CF Industries Holdings, Inc.",112.3499984741211,0.56,0.13,0.08,8,Sehr gut,9,Hoch,24.12,,,,,,,,,,,,,,,,,,
2026-05-30,Long Term,3,MS,Morgan Stanley,208.0,1.0,1.0,0.25,6,Gut,9,Hoch,24.0,,,,,,,,,,,,,,,,,,
2026-05-30,Long Term,4,005930.KS,SamsungElec,317000.0,0.98,0.96,0.46,6,Gut,10,Hoch,23.96,,,,,,,,,,,,,,,,,,
2026-05-30,Long Term,5,FSLR,"First Solar, Inc.",306.7900085449219,0.96,0.92,0.54,6,Gut,10,Hoch,23.92,,,,,,,,,,,,,,,,,,
2026-05-30,Long Term,6,C,"Citigroup, Inc.",125.9000015258789,0.86,0.72,0.13,6,Gut,9,Hoch,23.72,,,,,,,,,,,,,,,,,,
2026-05-30,Long Term,7,NVO,Novo Nordisk A/S,45.58000183105469,0.26,-0.49,0.25,4,Neutral,10,Hoch,23.52,,,,,,,,,,,,,,,,,,
2026-05-30,Long Term,8,INCY,Incyte Corporation,96.73999786376952,0.68,0.36,-0.03,6,Gut,10,Hoch,23.36,,,,,,,,,,,,,,,,,,
2026-05-30,Early Play,1,CF,"CF Industries Holdings, Inc.",112.3499984741211,0.56,0.13,0.08,8,Sehr gut,9,Hoch,28.0,,,,,,,,,,,,,,,,,,
2026-05-30,Early Play,2,DSGX,The Descartes Systems Group Inc,73.7699966430664,0.21,-0.58,0.1,2,Riskant,8,Hoch,26.0,,,,,,,,,,,,,,,,,,
2026-05-30,Early Play,3,NVDA,NVIDIA Corporation,211.13999938964844,0.75,0.51,0.16,7,Gut,10,Hoch,25.0,,,,,,,,,,,,,,,,,,
2026-05-30,Early Play,4,FIS,Fidelity National Information S,42.9900016784668,0.04,-0.92,-0.13,0,Riskant,10,Hoch,25.0,,,,,,,,,,,,,,,,,,
2026-05-30,Early Play,5,NU,Nu Holdings Ltd.,13.130000114440918,0.2,-0.61,-0.14,0,Riskant,10,Hoch,25.0,,,,,,,,,,,,,,,,,,
2026-05-30,Early Play,6,MSFT,Microsoft Corporation,450.239990234375,0.48,-0.03,0.13,6,Gut,8,Hoch,24.0,,,,,,,,,,,,,,,,,,
2026-05-30,Early Play,7,PLTR,Palantir Technologies Inc.,156.5399932861328,0.42,-0.15,0.08,4,Neutral,8,Hoch,24.0,,,,,,,,,,,,,,,,,,
2026-05-30,Early Play,8,ARES,Ares Management Corporation,128.5,0.36,-0.29,0.15,5,Neutral,7,Mittel,24.0,,,,,,,,,,,,,,,,,,
2026-05-31,Short Term,1,CF,"CF Industries Holdings, Inc.",112.3499984741211,0.56,0.13,0.08,8,Sehr gut,9,Hoch,19.0,,,,,,,,,,,,,,,,,,
2026-05-31,Short Term,2,EOG,"EOG Resources, Inc.",133.3800048828125,0.66,0.32,0.04,8,Sehr gut,9,Hoch,17.0,,,,,,,,,,,,,,,,,,
2026-05-31,Short Term,3,SAIC,Science Applications Internatio,104.1999969482422,0.6,0.2,0.13,7,Gut,2,Niedrig,16.5,,,,,,,,,,,,,,,,,,
2026-05-31,Short Term,4,SEIC,SEI Investments Company,87.87999725341797,0.69,0.39,0.07,7,Gut,6,Mittel,16.5,,,,,,,,,,,,,,,,,,
2026-05-31,Short Term,5,NVDA,NVIDIA Corporation,211.13999938964844,0.75,0.51,0.16,7,Gut,10,Hoch,15.5,,,,,,,,,,,,,,,,,,
2026-05-31,Short Term,6,MSFT,Microsoft Corporation,450.239990234375,0.48,-0.03,0.13,6,Gut,8,Hoch,15.0,,,,,,,,,,,,,,,,,,
2026-05-31,Short Term,7,TEL,TE Connectivity plc,213.4100036621093,0.6,0.2,0.01,7,Gut,6,Mittel,14.5,,,,,,,,,,,,,,,,,,
2026-05-31,Short Term,8,MDLZ,"Mondelez International, Inc.",61.16999816894531,0.56,0.12,0.02,7,Gut,5,Mittel,14.5,,,,,,,,,,,,,,,,,,
2026-05-31,Long Term,1,NVDA,NVIDIA Corporation,211.13999938964844,0.75,0.51,0.16,7,Gut,10,Hoch,25.5,,,,,,,,,,,,,,,,,,
2026-05-31,Long Term,2,CF,"CF Industries Holdings, Inc.",112.3499984741211,0.56,0.13,0.08,8,Sehr gut,9,Hoch,24.12,,,,,,,,,,,,,,,,,,
2026-05-31,Long Term,3,MS,Morgan Stanley,208.0,1.0,1.0,0.25,6,Gut,9,Hoch,24.0,,,,,,,,,,,,,,,,,,
2026-05-31,Long Term,4,005930.KS,SamsungElec,317000.0,0.98,0.96,0.46,6,Gut,10,Hoch,23.96,,,,,,,,,,,,,,,,,,
2026-05-31,Long Term,5,FSLR,"First Solar, Inc.",306.7900085449219,0.96,0.92,0.54,6,Gut,10,Hoch,23.92,,,,,,,,,,,,,,,,,,
2026-05-31,Long Term,6,C,"Citigroup, Inc.",125.9000015258789,0.86,0.72,0.13,6,Gut,9,Hoch,23.72,,,,,,,,,,,,,,,,,,
2026-05-31,Long Term,7,NVO,Novo Nordisk A/S,45.58000183105469,0.26,-0.49,0.25,4,Neutral,10,Hoch,23.52,,,,,,,,,,,,,,,,,,
2026-05-31,Long Term,8,INCY,Incyte Corporation,96.73999786376952,0.68,0.36,-0.03,6,Gut,10,Hoch,23.36,,,,,,,,,,,,,,,,,,
2026-05-31,Early Play,1,CF,"CF Industries Holdings, Inc.",112.3499984741211,0.56,0.13,0.08,8,Sehr gut,9,Hoch,28.0,,,,,,,,,,,,,,,,,,
2026-05-31,Early Play,2,DSGX,The Descartes Systems Group Inc,73.7699966430664,0.21,-0.58,0.1,2,Riskant,8,Hoch,26.0,,,,,,,,,,,,,,,,,,
2026-05-31,Early Play,3,NVDA,NVIDIA Corporation,211.13999938964844,0.75,0.51,0.16,7,Gut,10,Hoch,25.0,,,,,,,,,,,,,,,,,,
2026-05-31,Early Play,4,FIS,Fidelity National Information S,42.9900016784668,0.04,-0.92,-0.13,0,Riskant,10,Hoch,25.0,,,,,,,,,,,,,,,,,,
2026-05-31,Early Play,5,NU,Nu Holdings Ltd.,13.130000114440918,0.2,-0.61,-0.14,0,Riskant,10,Hoch,25.0,,,,,,,,,,,,,,,,,,
2026-05-31,Early Play,6,MSFT,Microsoft Corporation,450.239990234375,0.48,-0.03,0.13,6,Gut,8,Hoch,24.0,,,,,,,,,,,,,,,,,,
2026-05-31,Early Play,7,PLTR,Palantir Technologies Inc.,156.5399932861328,0.42,-0.15,0.08,4,Neutral,8,Hoch,24.0,,,,,,,,,,,,,,,,,,
2026-05-31,Early Play,8,ARES,Ares Management Corporation,128.5,0.36,-0.29,0.15,5,Neutral,7,Mittel,24.0,,,,,,,,,,,,,,,,,,
2026-06-01,Short Term,1,CF,"CF Industries Holdings, Inc.",113.3000030517578,0.58,0.16,0.07,8,Sehr gut,9,Hoch,19.0,,,,,,,,,,,,,,,,,,
2026-06-01,Short Term,2,GEV,GE Vernova Inc.,950.5399780273438,0.68,0.36,0.13,7,Gut,7,Mittel,16.5,,,,,,,,,,,,,,,,,,
2026-06-01,Short Term,3,MSFT,Microsoft Corporation,460.5199890136719,0.54,0.07,0.14,7,Gut,8,Hoch,16.5,,,,,,,,,,,,,,,,,,
2026-06-01,Short Term,4,RUN,Sunrun Inc.,15.579999923706056,0.6,0.2,0.35,9,Sehr gut,9,Hoch,15.5,,,,,,,,,,,,,,,,,,
2026-06-01,Short Term,5,CLF,Cleveland-Cliffs Inc.,13.579999923706056,0.69,0.38,0.23,6,Gut,2,Niedrig,15.0,,,,,,,,,,,,,,,,,,
2026-06-01,Short Term,6,OMCL,"Omnicell, Inc.",43.15999984741211,0.58,0.16,0.06,6,Gut,3,Niedrig,15.0,,,,,,,,,,,,,,,,,,
2026-06-01,Short Term,7,FORM,"FormFactor, Inc.",115.06999969482422,0.67,0.34,0.24,6,Gut,4,Niedrig,15.0,,,,,,,,,,,,,,,,,,
2026-06-01,Short Term,8,AES,The AES Corporation,14.699999809265137,0.66,0.31,0.05,7,Gut,6,Mittel,14.5,,,,,,,,,,,,,,,,,,
2026-06-01,Long Term,1,NVDA,NVIDIA Corporation,224.3600006103516,0.88,0.76,0.25,6,Gut,10,Hoch,25.76,,,,,,,,,,,,,,,,,,
2026-06-01,Long Term,2,RUN,Sunrun Inc.,15.579999923706056,0.6,0.2,0.35,9,Sehr gut,9,Hoch,24.2,,,,,,,,,,,,,,,,,,
2026-06-01,Long Term,3,MS,Morgan Stanley,211.009994506836,0.99,0.98,0.28,6,Gut,9,Hoch,23.98,,,,,,,,,,,,,,,,,,
2026-06-01,Long Term,4,FSLR,"First Solar, Inc.",303.0,0.94,0.88,0.53,6,Gut,10,Hoch,23.88,,,,,,,,,,,,,,,,,,
2026-06-01,Long Term,5,C,"Citigroup, Inc.",129.08999633789062,0.91,0.82,0.17,6,Gut,9,Hoch,23.82,,,,,,,,,,,,,,,,,,
2026-06-01,Long Term,6,NVO,Novo Nordisk A/S,44.06999969482422,0.22,-0.56,0.25,4,Neutral,10,Hoch,23.44,,,,,,,,,,,,,,,,,,
2026-06-01,Long Term,7,EOG,"EOG Resources, Inc.",136.6199951171875,0.72,0.45,0.08,6,Gut,9,Hoch,23.44,,,,,,,,,,,,,,,,,,
2026-06-01,Long Term,8,NEM,Newmont Corporation,108.19000244140624,0.68,0.37,-0.09,6,Gut,10,Hoch,23.36,,,,,,,,,,,,,,,,,,
2026-06-01,Early Play,1,CF,"CF Industries Holdings, Inc.",113.3000030517578,0.58,0.16,0.07,8,Sehr gut,9,Hoch,28.0,,,,,,,,,,,,,,,,,,
2026-06-01,Early Play,2,MSFT,Microsoft Corporation,460.5199890136719,0.54,0.07,0.14,7,Gut,8,Hoch,26.0,,,,,,,,,,,,,,,,,,
2026-06-01,Early Play,3,DSGX,The Descartes Systems Group Inc,79.8499984741211,0.32,-0.35,0.15,3,Riskant,8,Hoch,26.0,,,,,,,,,,,,,,,,,,
2026-06-01,Early Play,4,KGC,Kinross Gold Corporation,29.13999938964844,0.59,0.19,-0.14,5,Neutral,10,Hoch,25.0,,,,,,,,,,,,,,,,,,
2026-06-01,Early Play,5,BLK,"BlackRock, Inc.",1020.72998046875,0.36,-0.29,-0.02,3,Riskant,10,Hoch,25.0,,,,,,,,,,,,,,,,,,
2026-06-01,Early Play,6,META,"Meta Platforms, Inc.",600.469970703125,0.29,-0.41,-0.08,1,Riskant,10,Hoch,25.0,,,,,,,,,,,,,,,,,,
2026-06-01,Early Play,7,NU,Nu Holdings Ltd.,12.989999771118164,0.18,-0.65,-0.12,0,Riskant,10,Hoch,25.0,,,,,,,,,,,,,,,,,,
2026-06-01,Early Play,8,FIS,Fidelity National Information S,43.59999847412109,0.06,-0.89,-0.13,0,Riskant,10,Hoch,25.0,,,,,,,,,,,,,,,,,,
2026-06-02,Short Term,1,RUN,Sunrun Inc.,15.25,0.58,0.16,0.25,9,Sehr gut,9,Hoch,20.5,,,,,,,,,,,,,,,,,,
2026-06-02,Short Term,2,CF,"CF Industries Holdings, Inc.",113.4800033569336,0.58,0.16,0.09,8,Sehr gut,9,Hoch,19.0,,,,,,,,,,,,,,,,,,
2026-06-02,Short Term,3,SEIC,SEI Investments Company,87.7699966430664,0.69,0.38,0.07,7,Gut,6,Mittel,16.5,,,,,,,,,,,,,,,,,,
2026-06-02,Short Term,4,ARRY,"Array Technologies, Inc.",9.220000267028809,0.56,0.12,0.26,7,Gut,2,Niedrig,16.5,,,,,,,,,,,,,,,,,,
2026-06-02,Short Term,5,FLYW,Flywire Corporation - Voting,15.140000343322754,0.64,0.28,0.18,7,Gut,4,Niedrig,16.5,,,,,,,,,,,,,,,,,,
2026-06-02,Short Term,6,S,"SentinelOne, Inc.",17.350000381469727,0.58,0.16,0.29,6,Gut,2,Niedrig,15.0,,,,,,,,,,,,,,,,,,
2026-06-02,Short Term,7,NVCR,NovoCure Limited,15.81999969482422,0.64,0.27,0.18,6,Gut,1,Niedrig,15.0,,,,,,,,,,,,,,,,,,
2026-06-02,Short Term,8,NIO,NIO Inc.,6.010000228881836,0.57,0.14,0.24,6,Gut,2,Niedrig,15.0,,,,,,,,,,,,,,,,,,
2026-06-02,Long Term,1,NVDA,NVIDIA Corporation,222.82000732421875,0.86,0.72,0.22,6,Gut,10,Hoch,25.72,,,,,,,,,,,,,,,,,,
2026-06-02,Long Term,2,RUN,Sunrun Inc.,15.25,0.58,0.16,0.25,9,Sehr gut,9,Hoch,24.16,,,,,,,,,,,,,,,,,,
2026-06-02,Long Term,3,CF,"CF Industries Holdings, Inc.",113.4800033569336,0.58,0.16,0.09,8,Sehr gut,9,Hoch,24.16,,,,,,,,,,,,,,,,,,
2026-06-02,Long Term,4,FSLR,"First Solar, Inc.",311.010009765625,0.98,0.97,0.58,6,Gut,10,Hoch,23.96,,,,,,,,,,,,,,,,,,
2026-06-02,Long Term,5,MS,Morgan Stanley,214.97999572753903,0.98,0.96,0.29,6,Gut,9,Hoch,23.96,,,,,,,,,,,,,,,,,,
2026-06-02,Long Term,6,C,"Citigroup, Inc.",131.25999450683594,0.94,0.89,0.18,6,Gut,9,Hoch,23.88,,,,,,,,,,,,,,,,,,
2026-06-02,Long Term,7,GOOGL,Alphabet Inc.,361.8500061035156,0.81,0.62,0.19,6,Gut,9,Hoch,23.62,,,,,,,,,,,,,,,,,,
2026-06-02,Long Term,8,AFL,AFLAC Incorporated,113.62999725341795,0.77,0.54,0.02,6,Gut,10,Hoch,23.54,,,,,,,,,,,,,,,,,,
2026-06-02,Early Play,1,NVO,Novo Nordisk A/S,42.91999816894531,0.19,-0.61,0.16,4,Neutral,10,Hoch,30.0,,,,,,,,,,,,,,,,,,
2026-06-02,Early Play,2,CF,"CF Industries Holdings, Inc.",113.4800033569336,0.58,0.16,0.09,8,Sehr gut,9,Hoch,28.0,,,,,,,,,,,,,,,,,,
2026-06-02,Early Play,3,DSGX,The Descartes Systems Group Inc,77.61000061035156,0.28,-0.44,0.14,3,Riskant,8,Hoch,26.0,,,,,,,,,,,,,,,,,,
2026-06-02,Early Play,4,META,"Meta Platforms, Inc.",597.6300048828125,0.28,-0.44,-0.1,1,Riskant,10,Hoch,25.0,,,,,,,,,,,,,,,,,,
2026-06-02,Early Play,5,FIS,Fidelity National Information S,42.52000045776367,0.03,-0.94,-0.14,0,Riskant,10,Hoch,25.0,,,,,,,,,,,,,,,,,,
2026-06-02,Early Play,6,NVDA,NVIDIA Corporation,222.82000732421875,0.86,0.72,0.22,6,Gut,10,Hoch,25.0,,,,,,,,,,,,,,,,,,
2026-06-02,Early Play,7,NU,Nu Holdings Ltd.,11.93000030517578,0.06,-0.87,-0.2,0,Riskant,10,Hoch,25.0,,,,,,,,,,,,,,,,,,
2026-06-02,Early Play,8,BLK,"BlackRock, Inc.",1018.9600219726562,0.35,-0.3,-0.02,3,Riskant,10,Hoch,25.0,,,,,,,,,,,,,,,,,,
2026-06-03,Short Term,1,RUN,Sunrun Inc.,14.850000381469728,0.56,0.11,0.26,9,Sehr gut,9,Hoch,20.5,,,,,,,,,,,,,,,,,,
2026-06-03,Short Term,2,CF,"CF Industries Holdings, Inc.",116.5999984741211,0.63,0.26,0.06,8,Sehr gut,9,Hoch,19.0,,,,,,,,,,,,,,,,,,
2026-06-03,Short Term,3,HALO,"Halozyme Therapeutics, Inc.",69.81999969482422,0.6,0.2,0.04,8,Sehr gut,10,Hoch,17.0,,,,,,,,,,,,,,,,,,
2026-06-03,Short Term,4,INCY,Incyte Corporation,97.9800033569336,0.69,0.38,0.01,8,Sehr gut,10,Hoch,17.0,,,,,,,,,,,,,,,,,,
2026-06-03,Short Term,5,AMZN,"Amazon.com, Inc.",250.0200042724609,0.65,0.31,0.14,7,Gut,5,Mittel,16.5,,,,,,,,,,,,,,,,,,
2026-06-03,Short Term,6,BAC,Bank of America Corporation,52.400001525878906,0.66,0.32,0.06,7,Gut,7,Mittel,16.5,,,,,,,,,,,,,,,,,,
2026-06-03,Short Term,7,SEIC,SEI Investments Company,87.01000213623047,0.65,0.3,0.06,7,Gut,6,Mittel,16.5,,,,,,,,,,,,,,,,,,
2026-06-03,Short Term,8,GEV,GE Vernova Inc.,959.3599853515624,0.69,0.39,0.18,7,Gut,7,Mittel,16.5,,,,,,,,,,,,,,,,,,
2026-06-03,Long Term,1,NVDA,NVIDIA Corporation,214.75,0.78,0.55,0.17,7,Gut,10,Hoch,25.56,,,,,,,,,,,,,,,,,,
2026-06-03,Long Term,2,INCY,Incyte Corporation,97.9800033569336,0.69,0.38,0.01,8,Sehr gut,10,Hoch,24.38,,,,,,,,,,,,,,,,,,
2026-06-03,Long Term,3,HALO,"Halozyme Therapeutics, Inc.",69.81999969482422,0.6,0.2,0.04,8,Sehr gut,10,Hoch,24.2,,,,,,,,,,,,,,,,,,
2026-06-03,Long Term,4,RUN,Sunrun Inc.,14.850000381469728,0.56,0.11,0.26,9,Sehr gut,9,Hoch,24.12,,,,,,,,,,,,,,,,,,
2026-06-03,Long Term,5,MS,Morgan Stanley,210.13999938964844,0.93,0.85,0.3,6,Gut,9,Hoch,23.86,,,,,,,,,,,,,,,,,,
2026-06-03,Long Term,6,C,"Citigroup, Inc.",129.92999267578125,0.92,0.84,0.2,6,Gut,9,Hoch,23.84,,,,,,,,,,,,,,,,,,
2026-06-03,Long Term,7,EOG,"EOG Resources, Inc.",141.5,0.82,0.64,0.09,6,Gut,9,Hoch,23.64,,,,,,,,,,,,,,,,,,
2026-06-03,Long Term,8,AFL,AFLAC Incorporated,114.5,0.81,0.61,0.04,6,Gut,10,Hoch,23.62,,,,,,,,,,,,,,,,,,
2026-06-03,Early Play,1,NVO,Novo Nordisk A/S,42.0,0.17,-0.66,0.11,4,Neutral,10,Hoch,30.0,,,,,,,,,,,,,,,,,,
2026-06-03,Early Play,2,DSGX,The Descartes Systems Group Inc,74.11000061035156,0.22,-0.57,0.04,2,Riskant,8,Hoch,26.0,,,,,,,,,,,,,,,,,,
2026-06-03,Early Play,3,MSFT,Microsoft Corporation,427.3399963378906,0.37,-0.27,0.04,4,Neutral,8,Hoch,26.0,,,,,,,,,,,,,,,,,,
2026-06-03,Early Play,4,META,"Meta Platforms, Inc.",622.97998046875,0.37,-0.25,-0.06,3,Riskant,10,Hoch,25.0,,,,,,,,,,,,,,,,,,
2026-06-03,Early Play,5,KGC,Kinross Gold Corporation,28.170000076293945,0.56,0.11,-0.14,5,Neutral,10,Hoch,25.0,,,,,,,,,,,,,,,,,,
2026-06-03,Early Play,6,NU,Nu Holdings Ltd.,11.640000343322754,0.06,-0.89,-0.21,0,Riskant,10,Hoch,25.0,,,,,,,,,,,,,,,,,,
2026-06-03,Early Play,7,AFL,AFLAC Incorporated,114.5,0.81,0.61,0.04,6,Gut,10,Hoch,25.0,,,,,,,,,,,,,,,,,,
2026-06-03,Early Play,8,BLK,"BlackRock, Inc.",990.8699951171876,0.25,-0.49,-0.04,1,Riskant,10,Hoch,25.0,,,,,,,,,,,,,,,,,,
2026-06-04,Short Term,1,CPA,"Copa Holdings, S.A.",133.13999938964844,0.66,0.33,0.08,8,Sehr gut,8,Hoch,19.0,,,,,,,,,,,,,,,,,,
2026-06-04,Short Term,2,HALO,"Halozyme Therapeutics, Inc.",71.5999984741211,0.66,0.32,0.06,8,Sehr gut,10,Hoch,19.0,,,,,,,,,,,,,,,,,,
2026-06-04,Short Term,3,CF,"CF Industries Holdings, Inc.",117.5199966430664,0.64,0.28,0.02,8,Sehr gut,9,Hoch,17.0,,,,,,,,,,,,,,,,,,
2026-06-04,Short Term,4,FLR,Fluor Corporation,50.40999984741211,0.64,0.29,0.12,7,Gut,2,Niedrig,16.5,,,,,,,,,,,,,,,,,,
2026-06-04,Short Term,5,EXP,Eagle Materials Inc,217.5,0.64,0.28,0.11,7,Gut,3,Niedrig,16.5,,,,,,,,,,,,,,,,,,
2026-06-04,Short Term,6,TEL,TE Connectivity plc,220.75,0.66,0.33,0.08,7,Gut,6,Mittel,16.5,,,,,,,,,,,,,,,,,,
2026-06-04,Short Term,7,AMZN,"Amazon.com, Inc.",253.7899932861328,0.7,0.4,0.19,7,Gut,5,Mittel,16.5,,,,,,,,,,,,,,,,,,
2026-06-04,Short Term,8,GEV,GE Vernova Inc.,963.3300170898438,0.7,0.4,0.22,7,Gut,7,Mittel,16.5,,,,,,,,,,,,,,,,,,
2026-06-04,Long Term,1,NVDA,NVIDIA Corporation,218.6600036621093,0.82,0.63,0.23,7,Gut,10,Hoch,25.64,,,,,,,,,,,,,,,,,,
2026-06-04,Long Term,2,HALO,"Halozyme Therapeutics, Inc.",71.5999984741211,0.66,0.32,0.06,8,Sehr gut,10,Hoch,24.32,,,,,,,,,,,,,,,,,,
2026-06-04,Long Term,3,RUN,Sunrun Inc.,14.81999969482422,0.55,0.11,0.31,9,Sehr gut,9,Hoch,24.1,,,,,,,,,,,,,,,,,,
2026-06-04,Long Term,4,C,"Citigroup, Inc.",135.14999389648438,0.99,0.98,0.27,6,Gut,9,Hoch,23.98,,,,,,,,,,,,,,,,,,
2026-06-04,Long Term,5,AFL,AFLAC Incorporated,115.29000091552734,0.84,0.68,0.04,6,Gut,10,Hoch,23.68,,,,,,,,,,,,,,,,,,
2026-06-04,Long Term,6,EOG,"EOG Resources, Inc.",140.8800048828125,0.81,0.61,0.08,6,Gut,9,Hoch,23.62,,,,,,,,,,,,,,,,,,
2026-06-04,Long Term,7,INCY,Incyte Corporation,101.23999786376952,0.76,0.51,0.06,6,Gut,10,Hoch,23.52,,,,,,,,,,,,,,,,,,
2026-06-04,Long Term,8,NVO,Novo Nordisk A/S,43.75,0.21,-0.57,0.18,4,Neutral,10,Hoch,23.42,,,,,,,,,,,,,,,,,,
2026-06-04,Early Play,1,NVO,Novo Nordisk A/S,43.75,0.21,-0.57,0.18,4,Neutral,10,Hoch,30.0,,,,,,,,,,,,,,,,,,
2026-06-04,Early Play,2,BLK,"BlackRock, Inc.",1022.5599975585938,0.36,-0.27,0.07,5,Neutral,10,Hoch,30.0,,,,,,,,,,,,,,,,,,
2026-06-04,Early Play,3,MSFT,Microsoft Corporation,428.0499877929688,0.37,-0.26,0.05,4,Neutral,8,Hoch,26.0,,,,,,,,,,,,,,,,,,
2026-06-04,Early Play,4,DSGX,The Descartes Systems Group Inc,77.91000366210938,0.33,-0.34,0.09,2,Riskant,8,Hoch,26.0,,,,,,,,,,,,,,,,,,
2026-06-04,Early Play,5,AFL,AFLAC Incorporated,115.29000091552734,0.84,0.68,0.04,6,Gut,10,Hoch,25.0,,,,,,,,,,,,,,,,,,
2026-06-04,Early Play,6,NVDA,NVIDIA Corporation,218.6600036621093,0.82,0.63,0.23,7,Gut,10,Hoch,25.0,,,,,,,,,,,,,,,,,,
2026-06-04,Early Play,7,KGC,Kinross Gold Corporation,28.600000381469727,0.57,0.15,-0.12,5,Neutral,10,Hoch,25.0,,,,,,,,,,,,,,,,,,
2026-06-04,Early Play,8,HALO,"Halozyme Therapeutics, Inc.",71.5999984741211,0.66,0.32,0.06,8,Sehr gut,10,Hoch,25.0,,,,,,,,,,,,,,,,,,
2026-06-05,Short Term,1,NVDA,NVIDIA Corporation,205.1000061035156,0.67,0.35,0.12,9,Sehr gut,10,Hoch,20.5,,,,,,,,,,,,,,,,,,
2026-06-05,Short Term,2,CPA,"Copa Holdings, S.A.",133.58999633789062,0.67,0.34,0.08,8,Sehr gut,8,Hoch,19.0,,,,,,,,,,,,,,,,,,
2026-06-05,Short Term,3,AVGO,Broadcom Inc.,385.7300109863281,0.57,0.15,0.12,8,Sehr gut,9,Hoch,19.0,,,,,,,,,,,,,,,,,,
2026-06-05,Short Term,4,F,Ford Motor Company,14.899999618530272,0.64,0.29,0.24,8,Sehr gut,5,Mittel,18.0,,,,,,,,,,,,,,,,,,
2026-06-05,Short Term,5,HALO,"Halozyme Therapeutics, Inc.",71.52999877929688,0.66,0.31,0.05,8,Sehr gut,10,Hoch,17.0,,,,,,,,,,,,,,,,,,
2026-06-05,Short Term,6,CF,"CF Industries Holdings, Inc.",113.48999786376952,0.58,0.16,0.03,8,Sehr gut,9,Hoch,17.0,,,,,,,,,,,,,,,,,,
2026-06-05,Short Term,7,MDLZ,"Mondelez International, Inc.",62.040000915527344,0.61,0.21,0.08,7,Gut,5,Mittel,16.5,,,,,,,,,,,,,,,,,,
2026-06-05,Short Term,8,AMZN,"Amazon.com, Inc.",246.02999877929688,0.61,0.21,0.15,7,Gut,5,Mittel,16.5,,,,,,,,,,,,,,,,,,
2026-06-05,Long Term,1,NVDA,NVIDIA Corporation,205.1000061035156,0.67,0.35,0.12,9,Sehr gut,10,Hoch,26.34,,,,,,,,,,,,,,,,,,
2026-06-05,Long Term,2,AFL,AFLAC Incorporated,118.23999786376952,0.96,0.92,0.08,5,Neutral,10,Hoch,24.92,,,,,,,,,,,,,,,,,,
2026-06-05,Long Term,3,HALO,"Halozyme Therapeutics, Inc.",71.52999877929688,0.66,0.31,0.05,8,Sehr gut,10,Hoch,24.32,,,,,,,,,,,,,,,,,,
2026-06-05,Long Term,4,AVGO,Broadcom Inc.,385.7300109863281,0.57,0.15,0.12,8,Sehr gut,9,Hoch,24.14,,,,,,,,,,,,,,,,,,
2026-06-05,Long Term,5,C,"Citigroup, Inc.",132.47000122070312,0.95,0.89,0.25,6,Gut,9,Hoch,23.9,,,,,,,,,,,,,,,,,,
2026-06-05,Long Term,6,MS,Morgan Stanley,211.92999267578125,0.92,0.85,0.33,6,Gut,9,Hoch,23.84,,,,,,,,,,,,,,,,,,
2026-06-05,Long Term,7,GOOGL,Alphabet Inc.,368.5299987792969,0.84,0.68,0.2,6,Gut,9,Hoch,23.68,,,,,,,,,,,,,,,,,,
2026-06-05,Long Term,8,INCY,Incyte Corporation,102.37999725341795,0.78,0.56,0.05,6,Gut,10,Hoch,23.56,,,,,,,,,,,,,,,,,,
2026-06-05,Early Play,1,BLK,"BlackRock, Inc.",995.5999755859376,0.27,-0.46,0.04,3,Riskant,10,Hoch,30.0,,,,,,,,,,,,,,,,,,
2026-06-05,Early Play,2,NVO,Novo Nordisk A/S,42.959999084472656,0.19,-0.61,0.12,4,Neutral,10,Hoch,30.0,,,,,,,,,,,,,,,,,,
2026-06-05,Early Play,3,AVGO,Broadcom Inc.,385.7300109863281,0.57,0.15,0.12,8,Sehr gut,9,Hoch,28.0,,,,,,,,,,,,,,,,,,
2026-06-05,Early Play,4,RUN,Sunrun Inc.,13.354999542236328,0.47,-0.07,0.18,7,Gut,9,Hoch,26.0,,,,,,,,,,,,,,,,,,
2026-06-05,Early Play,5,NU,Nu Holdings Ltd.,11.970000267028809,0.1,-0.8,-0.18,0,Riskant,10,Hoch,25.0,,,,,,,,,,,,,,,,,,
2026-06-05,Early Play,6,AEM,Agnico Eagle Mines Limited,163.66000366210938,0.36,-0.29,-0.27,2,Riskant,10,Hoch,25.0,,,,,,,,,,,,,,,,,,
2026-06-05,Early Play,7,NEM,Newmont Corporation,99.70999908447266,0.58,0.16,-0.15,5,Neutral,10,Hoch,25.0,,,,,,,,,,,,,,,,,,
2026-06-05,Early Play,8,NVDA,NVIDIA Corporation,205.1000061035156,0.67,0.35,0.12,9,Sehr gut,10,Hoch,25.0,,,,,,,,,,,,,,,,,,
2026-06-06,Short Term,1,NVDA,NVIDIA Corporation,205.1000061035156,0.67,0.35,0.12,9,Sehr gut,10,Hoch,20.5,,,,,,,,,,,,,,,,,,
2026-06-06,Short Term,2,AVGO,Broadcom Inc.,385.7300109863281,0.57,0.15,0.12,9,Sehr gut,10,Hoch,20.5,,,,,,,,,,,,,,,,,,
2026-06-06,Short Term,3,CPA,"Copa Holdings, S.A.",133.58999633789062,0.67,0.34,0.08,8,Sehr gut,8,Hoch,19.0,,,,,,,,,,,,,,,,,,
2026-06-06,Short Term,4,F,Ford Motor Company,14.899999618530272,0.64,0.29,0.24,8,Sehr gut,5,Mittel,18.0,,,,,,,,,,,,,,,,,,
2026-06-06,Short Term,5,HALO,"Halozyme Therapeutics, Inc.",71.52999877929688,0.66,0.31,0.05,8,Sehr gut,10,Hoch,17.0,,,,,,,,,,,,,,,,,,
2026-06-06,Short Term,6,CF,"CF Industries Holdings, Inc.",113.48999786376952,0.58,0.16,0.03,8,Sehr gut,9,Hoch,17.0,,,,,,,,,,,,,,,,,,
2026-06-06,Short Term,7,AMZN,"Amazon.com, Inc.",246.02999877929688,0.61,0.21,0.15,7,Gut,5,Mittel,16.5,,,,,,,,,,,,,,,,,,
2026-06-06,Short Term,8,MDLZ,"Mondelez International, Inc.",62.040000915527344,0.61,0.21,0.08,7,Gut,5,Mittel,16.5,,,,,,,,,,,,,,,,,,
2026-06-06,Long Term,1,NVDA,NVIDIA Corporation,205.1000061035156,0.67,0.35,0.12,9,Sehr gut,10,Hoch,26.34,,,,,,,,,,,,,,,,,,
2026-06-06,Long Term,2,AVGO,Broadcom Inc.,385.7300109863281,0.57,0.15,0.12,9,Sehr gut,10,Hoch,26.14,,,,,,,,,,,,,,,,,,
2026-06-06,Long Term,3,AFL,AFLAC Incorporated,118.23999786376952,0.96,0.92,0.08,5,Neutral,10,Hoch,24.92,,,,,,,,,,,,,,,,,,
2026-06-06,Long Term,4,HALO,"Halozyme Therapeutics, Inc.",71.52999877929688,0.66,0.31,0.05,8,Sehr gut,10,Hoch,24.32,,,,,,,,,,,,,,,,,,
2026-06-06,Long Term,5,C,"Citigroup, Inc.",132.47000122070312,0.95,0.89,0.25,6,Gut,9,Hoch,23.9,,,,,,,,,,,,,,,,,,
2026-06-06,Long Term,6,MS,Morgan Stanley,211.92999267578125,0.92,0.85,0.33,6,Gut,9,Hoch,23.84,,,,,,,,,,,,,,,,,,
2026-06-06,Long Term,7,GOOGL,Alphabet Inc.,368.5299987792969,0.84,0.68,0.2,6,Gut,9,Hoch,23.68,,,,,,,,,,,,,,,,,,
2026-06-06,Long Term,8,INCY,Incyte Corporation,102.37999725341795,0.78,0.56,0.05,6,Gut,10,Hoch,23.56,,,,,,,,,,,,,,,,,,
2026-06-06,Early Play,1,AVGO,Broadcom Inc.,385.7300109863281,0.57,0.15,0.12,9,Sehr gut,10,Hoch,30.0,,,,,,,,,,,,,,,,,,
2026-06-06,Early Play,2,NVO,Novo Nordisk A/S,42.959999084472656,0.19,-0.61,0.12,4,Neutral,10,Hoch,30.0,,,,,,,,,,,,,,,,,,
2026-06-06,Early Play,3,BLK,"BlackRock, Inc.",995.5999755859376,0.29,-0.42,0.05,3,Riskant,10,Hoch,30.0,,,,,,,,,,,,,,,,,,
2026-06-06,Early Play,4,RUN,Sunrun Inc.,13.354999542236328,0.47,-0.07,0.18,7,Gut,9,Hoch,26.0,,,,,,,,,,,,,,,,,,
2026-06-06,Early Play,5,META,"Meta Platforms, Inc.",593.0,0.27,-0.47,-0.08,1,Riskant,10,Hoch,25.0,,,,,,,,,,,,,,,,,,
2026-06-06,Early Play,6,AFL,AFLAC Incorporated,118.23999786376952,0.96,0.92,0.08,5,Neutral,10,Hoch,25.0,,,,,,,,,,,,,,,,,,
2026-06-06,Early Play,7,NU,Nu Holdings Ltd.,11.970000267028809,0.1,-0.8,-0.18,0,Riskant,10,Hoch,25.0,,,,,,,,,,,,,,,,,,
2026-06-06,Early Play,8,NVDA,NVIDIA Corporation,205.1000061035156,0.67,0.35,0.12,9,Sehr gut,10,Hoch,25.0,,,,,,,,,,,,,,,,,,
2026-06-07,Short Term,1,NVDA,NVIDIA Corporation,205.1000061035156,0.67,0.35,0.12,9,Sehr gut,10,Hoch,20.5,,,,,,,,,,,,,,,,,,
2026-06-07,Short Term,2,AVGO,Broadcom Inc.,385.7300109863281,0.57,0.15,0.12,9,Sehr gut,10,Hoch,20.5,,,,,,,,,,,,,,,,,,
2026-06-07,Short Term,3,CPA,"Copa Holdings, S.A.",133.58999633789062,0.67,0.34,0.08,8,Sehr gut,8,Hoch,19.0,,,,,,,,,,,,,,,,,,
2026-06-07,Short Term,4,F,Ford Motor Company,14.899999618530272,0.64,0.29,0.24,8,Sehr gut,5,Mittel,18.0,,,,,,,,,,,,,,,,,,
2026-06-07,Short Term,5,HALO,"Halozyme Therapeutics, Inc.",71.52999877929688,0.66,0.31,0.05,8,Sehr gut,10,Hoch,17.0,,,,,,,,,,,,,,,,,,
2026-06-07,Short Term,6,CF,"CF Industries Holdings, Inc.",113.48999786376952,0.58,0.16,0.03,8,Sehr gut,9,Hoch,17.0,,,,,,,,,,,,,,,,,,
2026-06-07,Short Term,7,AMZN,"Amazon.com, Inc.",246.02999877929688,0.61,0.21,0.15,7,Gut,5,Mittel,16.5,,,,,,,,,,,,,,,,,,
2026-06-07,Short Term,8,MDLZ,"Mondelez International, Inc.",62.040000915527344,0.61,0.21,0.08,7,Gut,5,Mittel,16.5,,,,,,,,,,,,,,,,,,
2026-06-07,Long Term,1,NVDA,NVIDIA Corporation,205.1000061035156,0.67,0.35,0.12,9,Sehr gut,10,Hoch,26.34,,,,,,,,,,,,,,,,,,
2026-06-07,Long Term,2,AVGO,Broadcom Inc.,385.7300109863281,0.57,0.15,0.12,9,Sehr gut,10,Hoch,26.14,,,,,,,,,,,,,,,,,,
2026-06-07,Long Term,3,AFL,AFLAC Incorporated,118.23999786376952,0.96,0.92,0.08,5,Neutral,10,Hoch,24.92,,,,,,,,,,,,,,,,,,
2026-06-07,Long Term,4,HALO,"Halozyme Therapeutics, Inc.",71.52999877929688,0.66,0.31,0.05,8,Sehr gut,10,Hoch,24.32,,,,,,,,,,,,,,,,,,
2026-06-07,Long Term,5,C,"Citigroup, Inc.",132.47000122070312,0.95,0.89,0.25,6,Gut,9,Hoch,23.9,,,,,,,,,,,,,,,,,,
2026-06-07,Long Term,6,MS,Morgan Stanley,211.92999267578125,0.92,0.85,0.33,6,Gut,9,Hoch,23.84,,,,,,,,,,,,,,,,,,
2026-06-07,Long Term,7,GOOGL,Alphabet Inc.,368.5299987792969,0.84,0.68,0.2,6,Gut,9,Hoch,23.68,,,,,,,,,,,,,,,,,,
2026-06-07,Long Term,8,INCY,Incyte Corporation,102.37999725341795,0.78,0.56,0.05,6,Gut,10,Hoch,23.56,,,,,,,,,,,,,,,,,,
2026-06-07,Early Play,1,AVGO,Broadcom Inc.,385.7300109863281,0.57,0.15,0.12,9,Sehr gut,10,Hoch,30.0,,,,,,,,,,,,,,,,,,
2026-06-07,Early Play,2,NVO,Novo Nordisk A/S,42.959999084472656,0.19,-0.61,0.12,4,Neutral,10,Hoch,30.0,,,,,,,,,,,,,,,,,,
2026-06-07,Early Play,3,BLK,"BlackRock, Inc.",995.5999755859376,0.29,-0.42,0.05,3,Riskant,10,Hoch,30.0,,,,,,,,,,,,,,,,,,
2026-06-07,Early Play,4,RUN,Sunrun Inc.,13.354999542236328,0.47,-0.07,0.18,7,Gut,9,Hoch,26.0,,,,,,,,,,,,,,,,,,
2026-06-07,Early Play,5,META,"Meta Platforms, Inc.",593.0,0.27,-0.47,-0.08,1,Riskant,10,Hoch,25.0,,,,,,,,,,,,,,,,,,
2026-06-07,Early Play,6,AFL,AFLAC Incorporated,118.23999786376952,0.96,0.92,0.08,5,Neutral,10,Hoch,25.0,,,,,,,,,,,,,,,,,,
2026-06-07,Early Play,7,NU,Nu Holdings Ltd.,11.970000267028809,0.1,-0.8,-0.18,0,Riskant,10,Hoch,25.0,,,,,,,,,,,,,,,,,,
2026-06-07,Early Play,8,NVDA,NVIDIA Corporation,205.1000061035156,0.67,0.35,0.12,9,Sehr gut,10,Hoch,25.0,,,,,,,,,,,,,,,,,,
2026-06-08,Short Term,1,AVGO,Broadcom Inc.,396.6000061035156,0.62,0.23,0.16,8,Sehr gut,9,Hoch,19.0,,,,,,,,,,,,,,,,,,
2026-06-08,Short Term,2,CPA,"Copa Holdings, S.A.",131.67999267578125,0.64,0.28,0.06,8,Sehr gut,8,Hoch,19.0,,,,,,,,,,,,,,,,,,
2026-06-08,Short Term,3,F,Ford Motor Company,15.0,0.65,0.3,0.24,8,Sehr gut,5,Mittel,18.0,,,,,,,,,,,,,,,,,,
2026-06-08,Short Term,4,HALO,"Halozyme Therapeutics, Inc.",70.7300033569336,0.63,0.26,0.04,8,Sehr gut,10,Hoch,17.0,,,,,,,,,,,,,,,,,,
2026-06-08,Short Term,5,AMZN,"Amazon.com, Inc.",245.22000122070312,0.6,0.19,0.14,7,Gut,5,Mittel,16.5,,,,,,,,,,,,,,,,,,
2026-06-08,Short Term,6,MDLZ,"Mondelez International, Inc.",61.59999847412109,0.58,0.17,0.1,7,Gut,5,Mittel,16.5,,,,,,,,,,,,,,,,,,
2026-06-08,Short Term,7,GEV,GE Vernova Inc.,933.8499755859376,0.66,0.31,0.11,7,Gut,7,Mittel,16.5,,,,,,,,,,,,,,,,,,
2026-06-08,Short Term,8,RUN,Sunrun Inc.,13.460000038146973,0.47,-0.05,0.11,7,Gut,9,Hoch,16.5,,,,,,,,,,,,,,,,,,
2026-06-08,Long Term,1,NVDA,NVIDIA Corporation,208.63999938964844,0.71,0.42,0.13,7,Gut,10,Hoch,25.42,,,,,,,,,,,,,,,,,,
2026-06-08,Long Term,2,HALO,"Halozyme Therapeutics, Inc.",70.7300033569336,0.63,0.26,0.04,8,Sehr gut,10,Hoch,24.26,,,,,,,,,,,,,,,,,,
2026-06-08,Long Term,3,AVGO,Broadcom Inc.,396.6000061035156,0.62,0.23,0.16,8,Sehr gut,9,Hoch,24.24,,,,,,,,,,,,,,,,,,
2026-06-08,Long Term,4,C,"Citigroup, Inc.",133.27999877929688,0.96,0.92,0.23,6,Gut,9,Hoch,23.92,,,,,,,,,,,,,,,,,,
2026-06-08,Long Term,5,MS,Morgan Stanley,212.2400054931641,0.93,0.85,0.33,6,Gut,9,Hoch,23.86,,,,,,,,,,,,,,,,,,
2026-06-08,Long Term,6,AFL,AFLAC Incorporated,115.23999786376952,0.84,0.67,0.05,6,Gut,10,Hoch,23.68,,,,,,,,,,,,,,,,,,
2026-06-08,Long Term,7,GOOGL,Alphabet Inc.,363.30999755859375,0.82,0.63,0.18,6,Gut,9,Hoch,23.64,,,,,,,,,,,,,,,,,,
2026-06-08,Long Term,8,EOG,"EOG Resources, Inc.",140.14999389648438,0.79,0.59,0.1,6,Gut,9,Hoch,23.58,,,,,,,,,,,,,,,,,,
2026-06-08,Early Play,1,NVO,Novo Nordisk A/S,41.02000045776367,0.15,-0.7,0.1,3,Riskant,10,Hoch,30.0,,,,,,,,,,,,,,,,,,
2026-06-08,Early Play,2,BLK,"BlackRock, Inc.",994.77001953125,0.29,-0.43,0.03,3,Riskant,10,Hoch,27.0,,,,,,,,,,,,,,,,,,
2026-06-08,Early Play,3,RUN,Sunrun Inc.,13.460000038146973,0.47,-0.05,0.11,7,Gut,9,Hoch,26.0,,,,,,,,,,,,,,,,,,
2026-06-08,Early Play,4,AFL,AFLAC Incorporated,115.23999786376952,0.84,0.67,0.05,6,Gut,10,Hoch,25.0,,,,,,,,,,,,,,,,,,
2026-06-08,Early Play,5,NVDA,NVIDIA Corporation,208.63999938964844,0.71,0.42,0.13,7,Gut,10,Hoch,25.0,,,,,,,,,,,,,,,,,,
2026-06-08,Early Play,6,NEM,Newmont Corporation,98.98999786376952,0.57,0.15,-0.17,5,Neutral,10,Hoch,25.0,,,,,,,,,,,,,,,,,,
2026-06-08,Early Play,7,AEM,Agnico Eagle Mines Limited,162.11000061035156,0.34,-0.31,-0.28,0,Riskant,10,Hoch,25.0,,,,,,,,,,,,,,,,,,
2026-06-08,Early Play,8,NU,Nu Holdings Ltd.,11.600000381469728,0.05,-0.9,-0.22,0,Riskant,10,Hoch,25.0,,,,,,,,,,,,,,,,,,
2026-06-09,Short Term,1,AVGO,Broadcom Inc.,392.1600036621094,0.6,0.2,0.15,8,Sehr gut,9,Hoch,19.0,,,,,,,,,,,,,,,,,,
2026-06-09,Short Term,2,HALO,"Halozyme Therapeutics, Inc.",71.4800033569336,0.66,0.31,0.08,8,Sehr gut,10,Hoch,19.0,,,,,,,,,,,,,,,,,,
2026-06-09,Short Term,3,MDLZ,"Mondelez International, Inc.",62.93000030517578,0.66,0.31,0.15,8,Sehr gut,5,Mittel,18.0,,,,,,,,,,,,,,,,,,
2026-06-09,Short Term,4,F,Ford Motor Company,14.949999809265137,0.64,0.28,0.25,8,Sehr gut,5,Mittel,18.0,,,,,,,,,,,,,,,,,,
2026-06-09,Short Term,5,MTZ,"MasTec, Inc.",353.0799865722656,0.69,0.39,0.16,7,Gut,5,Mittel,16.5,,,,,,,,,,,,,,,,,,
2026-06-09,Short Term,6,FN,Fabrinet,586.0,0.68,0.37,0.12,7,Gut,5,Mittel,16.5,,,,,,,,,,,,,,,,,,
2026-06-09,Short Term,7,EXP,Eagle Materials Inc,217.3800048828125,0.64,0.28,0.14,7,Gut,3,Niedrig,16.5,,,,,,,,,,,,,,,,,,
2026-06-09,Short Term,8,FLR,Fluor Corporation,49.47999954223633,0.6,0.19,0.11,7,Gut,2,Niedrig,16.5,,,,,,,,,,,,,,,,,,
2026-06-09,Long Term,1,FSLR,"First Solar, Inc.",262.19000244140625,0.68,0.37,0.31,9,Sehr gut,10,Hoch,26.36,,,,,,,,,,,,,,,,,,
2026-06-09,Long Term,2,HALO,"Halozyme Therapeutics, Inc.",71.4800033569336,0.66,0.31,0.08,8,Sehr gut,10,Hoch,26.32,,,,,,,,,,,,,,,,,,
2026-06-09,Long Term,3,INCY,Incyte Corporation,103.2300033569336,0.8,0.6,0.09,6,Gut,10,Hoch,25.6,,,,,,,,,,,,,,,,,,
2026-06-09,Long Term,4,NVDA,NVIDIA Corporation,208.19000244140625,0.71,0.41,0.12,7,Gut,10,Hoch,25.42,,,,,,,,,,,,,,,,,,
2026-06-09,Long Term,5,AVGO,Broadcom Inc.,392.1600036621094,0.6,0.2,0.15,8,Sehr gut,9,Hoch,24.2,,,,,,,,,,,,,,,,,,
2026-06-09,Long Term,6,C,"Citigroup, Inc.",134.72999572753906,0.98,0.96,0.24,6,Gut,9,Hoch,23.96,,,,,,,,,,,,,,,,,,
2026-06-09,Long Term,7,MS,Morgan Stanley,210.25,0.9,0.81,0.31,6,Gut,9,Hoch,23.8,,,,,,,,,,,,,,,,,,
2026-06-09,Long Term,8,GOOGL,Alphabet Inc.,364.260009765625,0.82,0.64,0.18,6,Gut,9,Hoch,23.64,,,,,,,,,,,,,,,,,,
2026-06-09,Early Play,1,BLK,"BlackRock, Inc.",1011.9600219726562,0.35,-0.31,0.07,3,Riskant,10,Hoch,30.0,,,,,,,,,,,,,,,,,,
2026-06-09,Early Play,2,NVO,Novo Nordisk A/S,42.18999862670898,0.18,-0.65,0.13,4,Neutral,10,Hoch,30.0,,,,,,,,,,,,,,,,,,
2026-06-09,Early Play,3,NEM,Newmont Corporation,98.54000091552734,0.57,0.13,-0.15,5,Neutral,10,Hoch,25.0,,,,,,,,,,,,,,,,,,
2026-06-09,Early Play,4,AFL,AFLAC Incorporated,115.61000061035156,0.85,0.7,0.06,5,Neutral,10,Hoch,25.0,,,,,,,,,,,,,,,,,,
2026-06-09,Early Play,5,AEM,Agnico Eagle Mines Limited,159.92999267578125,0.33,-0.34,-0.28,0,Riskant,10,Hoch,25.0,,,,,,,,,,,,,,,,,,
2026-06-09,Early Play,6,NU,Nu Holdings Ltd.,11.880000114440918,0.09,-0.83,-0.18,0,Riskant,10,Hoch,25.0,,,,,,,,,,,,,,,,,,
2026-06-09,Early Play,7,NVDA,NVIDIA Corporation,208.19000244140625,0.71,0.41,0.12,7,Gut,10,Hoch,25.0,,,,,,,,,,,,,,,,,,
2026-06-09,Early Play,8,FIS,Fidelity National Information S,39.97999954223633,0.03,-0.95,-0.2,0,Riskant,10,Hoch,25.0,,,,,,,,,,,,,,,,,,
2026-06-10,Short Term,1,CPA,"Copa Holdings, S.A.",128.50999450683594,0.58,0.17,0.16,9,Sehr gut,8,Hoch,20.5,,,,,,,,,,,,,,,,,,
2026-06-10,Short Term,2,HALO,"Halozyme Therapeutics, Inc.",70.5,0.62,0.25,0.11,9,Sehr gut,10,Hoch,20.5,,,,,,,,,,,,,,,,,,
2026-06-10,Short Term,3,FSLR,"First Solar, Inc.",249.2700042724609,0.61,0.23,0.26,9,Sehr gut,10,Hoch,20.5,,,,,,,,,,,,,,,,,,
2026-06-10,Short Term,4,NVDA,NVIDIA Corporation,200.4199981689453,0.63,0.25,0.1,8,Sehr gut,10,Hoch,19.0,,,,,,,,,,,,,,,,,,
2026-06-10,Short Term,5,UAL,"United Airlines Holdings, Inc.",102.77999877929688,0.66,0.31,0.19,8,Sehr gut,5,Mittel,18.0,,,,,,,,,,,,,,,,,,
2026-06-10,Short Term,6,F,Ford Motor Company,14.300000190734863,0.56,0.12,0.2,8,Sehr gut,5,Mittel,18.0,,,,,,,,,,,,,,,,,,
2026-06-10,Short Term,7,AVGO,Broadcom Inc.,372.1000061035156,0.51,0.03,0.11,8,Sehr gut,10,Hoch,18.0,,,,,,,,,,,,,,,,,,
2026-06-10,Short Term,8,JPM,JP Morgan Chase & Co.,309.1400146484375,0.67,0.35,0.1,7,Gut,6,Mittel,16.5,,,,,,,,,,,,,,,,,,
2026-06-10,Long Term,1,NVDA,NVIDIA Corporation,200.4199981689453,0.63,0.25,0.1,8,Sehr gut,10,Hoch,26.26,,,,,,,,,,,,,,,,,,
2026-06-10,Long Term,2,HALO,"Halozyme Therapeutics, Inc.",70.5,0.62,0.25,0.11,9,Sehr gut,10,Hoch,26.24,,,,,,,,,,,,,,,,,,
2026-06-10,Long Term,3,FSLR,"First Solar, Inc.",249.2700042724609,0.61,0.23,0.26,9,Sehr gut,10,Hoch,26.22,,,,,,,,,,,,,,,,,,
2026-06-10,Long Term,4,AVGO,Broadcom Inc.,372.1000061035156,0.51,0.03,0.11,8,Sehr gut,10,Hoch,26.02,,,,,,,,,,,,,,,,,,
2026-06-10,Long Term,5,INCY,Incyte Corporation,105.38999938964844,0.85,0.7,0.15,7,Gut,10,Hoch,25.7,,,,,,,,,,,,,,,,,,
2026-06-10,Long Term,6,C,"Citigroup, Inc.",133.3800048828125,0.94,0.88,0.27,6,Gut,9,Hoch,23.88,,,,,,,,,,,,,,,,,,
2026-06-10,Long Term,7,MS,Morgan Stanley,206.6600036621093,0.87,0.73,0.35,6,Gut,9,Hoch,23.74,,,,,,,,,,,,,,,,,,
2026-06-10,Long Term,8,TSM,Taiwan Semiconductor Manufactur,408.75,0.83,0.66,0.22,6,Gut,9,Hoch,23.66,,,,,,,,,,,,,,,,,,
2026-06-10,Early Play,1,AVGO,Broadcom Inc.,372.1000061035156,0.51,0.03,0.11,8,Sehr gut,10,Hoch,30.0,,,,,,,,,,,,,,,,,,
2026-06-10,Early Play,2,BLK,"BlackRock, Inc.",1010.6799926757812,0.34,-0.32,0.1,3,Riskant,10,Hoch,30.0,,,,,,,,,,,,,,,,,,
2026-06-10,Early Play,3,NVO,Novo Nordisk A/S,42.810001373291016,0.19,-0.62,0.17,4,Neutral,10,Hoch,30.0,,,,,,,,,,,,,,,,,,
2026-06-10,Early Play,4,V,Visa Inc.,322.9599914550781,0.37,-0.25,0.06,4,Neutral,8,Hoch,26.0,,,,,,,,,,,,,,,,,,
2026-06-10,Early Play,5,CPA,"Copa Holdings, S.A.",128.50999450683594,0.58,0.17,0.16,9,Sehr gut,8,Hoch,26.0,,,,,,,,,,,,,,,,,,
2026-06-10,Early Play,6,META,"Meta Platforms, Inc.",570.97998046875,0.19,-0.63,-0.1,1,Riskant,10,Hoch,25.0,,,,,,,,,,,,,,,,,,
2026-06-10,Early Play,7,AEM,Agnico Eagle Mines Limited,152.47999572753906,0.28,-0.45,-0.3,0,Riskant,10,Hoch,25.0,,,,,,,,,,,,,,,,,,
2026-06-10,Early Play,8,KGC,Kinross Gold Corporation,23.65999984741211,0.37,-0.26,-0.27,2,Riskant,10,Hoch,25.0,,,,,,,,,,,,,,,,,,
2026-06-11,Short Term,1,NVDA,NVIDIA Corporation,204.8699951171875,0.67,0.34,0.14,9,Sehr gut,10,Hoch,20.5,,,,,,,,,,,,,,,,,,
2026-06-11,Short Term,2,AVGO,Broadcom Inc.,385.5700073242188,0.57,0.13,0.2,9,Sehr gut,10,Hoch,20.5,,,,,,,,,,,,,,,,,,
2026-06-11,Short Term,3,HALO,"Halozyme Therapeutics, Inc.",70.7300033569336,0.63,0.26,0.11,9,Sehr gut,10,Hoch,20.5,,,,,,,,,,,,,,,,,,
2026-06-11,Short Term,4,MDLZ,"Mondelez International, Inc.",63.36000061035156,0.68,0.36,0.16,8,Sehr gut,5,Mittel,18.0,,,,,,,,,,,,,,,,,,
2026-06-11,Short Term,5,F,Ford Motor Company,14.710000038146973,0.61,0.22,0.28,8,Sehr gut,5,Mittel,18.0,,,,,,,,,,,,,,,,,,
2026-06-11,Short Term,6,PLUS,ePlus inc.,83.77999877929688,0.69,0.38,0.11,8,Sehr gut,5,Mittel,18.0,,,,,,,,,,,,,,,,,,
2026-06-11,Short Term,7,EXP,Eagle Materials Inc,217.0599975585937,0.63,0.27,0.17,7,Gut,3,Niedrig,16.5,,,,,,,,,,,,,,,,,,
2026-06-11,Short Term,8,PRU,"Prudential Financial, Inc.",106.51000213623048,0.61,0.22,0.17,7,Gut,3,Niedrig,16.5,,,,,,,,,,,,,,,,,,
2026-06-11,Long Term,1,NVDA,NVIDIA Corporation,204.8699951171875,0.67,0.34,0.14,9,Sehr gut,10,Hoch,26.34,,,,,,,,,,,,,,,,,,
2026-06-11,Long Term,2,HALO,"Halozyme Therapeutics, Inc.",70.7300033569336,0.63,0.26,0.11,9,Sehr gut,10,Hoch,26.26,,,,,,,,,,,,,,,,,,
2026-06-11,Long Term,3,AVGO,Broadcom Inc.,385.5700073242188,0.57,0.13,0.2,9,Sehr gut,10,Hoch,26.14,,,,,,,,,,,,,,,,,,
2026-06-11,Long Term,4,INCY,Incyte Corporation,107.83000183105467,0.9,0.8,0.17,6,Gut,10,Hoch,25.8,,,,,,,,,,,,,,,,,,
2026-06-11,Long Term,5,AFL,AFLAC Incorporated,116.4499969482422,0.89,0.77,0.08,5,Neutral,10,Hoch,24.78,,,,,,,,,,,,,,,,,,
2026-06-11,Long Term,6,BLK,"BlackRock, Inc.",1016.5800170898438,0.36,-0.28,0.11,6,Gut,10,Hoch,24.72,,,,,,,,,,,,,,,,,,
2026-06-11,Long Term,7,C,"Citigroup, Inc.",138.07000732421875,1.0,1.0,0.31,6,Gut,9,Hoch,24.0,,,,,,,,,,,,,,,,,,
2026-06-11,Long Term,8,GOOGL,Alphabet Inc.,357.7699890136719,0.8,0.59,0.18,6,Gut,9,Hoch,23.6,,,,,,,,,,,,,,,,,,
2026-06-11,Early Play,1,AVGO,Broadcom Inc.,385.5700073242188,0.57,0.13,0.2,9,Sehr gut,10,Hoch,30.0,,,,,,,,,,,,,,,,,,
2026-06-11,Early Play,2,NVO,Novo Nordisk A/S,43.959999084472656,0.22,-0.56,0.2,4,Neutral,10,Hoch,30.0,,,,,,,,,,,,,,,,,,
2026-06-11,Early Play,3,ORCL,Oracle Corporation,184.1000061035156,0.24,-0.52,0.19,4,Neutral,10,Hoch,30.0,,,,,,,,,,,,,,,,,,
2026-06-11,Early Play,4,BLK,"BlackRock, Inc.",1016.5800170898438,0.36,-0.28,0.11,6,Gut,10,Hoch,30.0,,,,,,,,,,,,,,,,,,
2026-06-11,Early Play,5,V,Visa Inc.,319.04998779296875,0.33,-0.34,0.04,2,Riskant,8,Hoch,26.0,,,,,,,,,,,,,,,,,,
2026-06-11,Early Play,6,WPM,Wheaton Precious Metals Corp,112.66000366210938,0.34,-0.32,-0.19,0,Riskant,10,Hoch,25.0,,,,,,,,,,,,,,,,,,
2026-06-11,Early Play,7,NVDA,NVIDIA Corporation,204.8699951171875,0.67,0.34,0.14,9,Sehr gut,10,Hoch,25.0,,,,,,,,,,,,,,,,,,
2026-06-11,Early Play,8,INCY,Incyte Corporation,107.83000183105467,0.9,0.8,0.17,6,Gut,10,Hoch,25.0,,,,,,,,,,,,,,,,,,
2026-06-12,Short Term,1,NVDA,NVIDIA Corporation,205.19000244140625,0.67,0.35,0.12,9,Sehr gut,10,Hoch,20.5,,,,,,,,,,,,,,,,,,
2026-06-12,Short Term,2,AVGO,Broadcom Inc.,382.0700073242188,0.55,0.1,0.18,9,Sehr gut,10,Hoch,20.5,,,,,,,,,,,,,,,,,,
2026-06-12,Short Term,3,HALO,"Halozyme Therapeutics, Inc.",69.5,0.59,0.18,0.08,8,Sehr gut,10,Hoch,19.0,,,,,,,,,,,,,,,,,,
2026-06-12,Short Term,4,DB,Deutsche Bank AG,33.310001373291016,0.56,0.11,0.16,8,Sehr gut,5,Mittel,18.0,,,,,,,,,,,,,,,,,,
2026-06-12,Short Term,5,F,Ford Motor Company,14.84000015258789,0.63,0.25,0.28,8,Sehr gut,5,Mittel,18.0,,,,,,,,,,,,,,,,,,
2026-06-12,Short Term,6,MDLZ,"Mondelez International, Inc.",62.9900016784668,0.66,0.32,0.11,8,Sehr gut,5,Mittel,18.0,,,,,,,,,,,,,,,,,,
2026-06-12,Short Term,7,FLR,Fluor Corporation,50.7599983215332,0.66,0.32,0.16,7,Gut,2,Niedrig,16.5,,,,,,,,,,,,,,,,,,
2026-06-12,Short Term,8,PRU,"Prudential Financial, Inc.",108.5,0.69,0.38,0.18,7,Gut,3,Niedrig,16.5,,,,,,,,,,,,,,,,,,
2026-06-12,Long Term,1,NVDA,NVIDIA Corporation,205.19000244140625,0.67,0.35,0.12,9,Sehr gut,10,Hoch,26.34,,,,,,,,,,,,,,,,,,
2026-06-12,Long Term,2,HALO,"Halozyme Therapeutics, Inc.",69.5,0.59,0.18,0.08,8,Sehr gut,10,Hoch,26.18,,,,,,,,,,,,,,,,,,
2026-06-12,Long Term,3,AVGO,Broadcom Inc.,382.0700073242188,0.55,0.1,0.18,9,Sehr gut,10,Hoch,26.1,,,,,,,,,,,,,,,,,,
2026-06-12,Long Term,4,INCY,Incyte Corporation,108.52999877929688,0.92,0.83,0.17,6,Gut,10,Hoch,25.84,,,,,,,,,,,,,,,,,,
2026-06-12,Long Term,5,FSLR,"First Solar, Inc.",267.3099975585937,0.71,0.42,0.34,7,Gut,10,Hoch,25.42,,,,,,,,,,,,,,,,,,
2026-06-12,Long Term,6,AFL,AFLAC Incorporated,117.8000030517578,0.94,0.89,0.09,5,Neutral,10,Hoch,24.88,,,,,,,,,,,,,,,,,,
2026-06-12,Long Term,7,BLK,"BlackRock, Inc.",1032.0,0.42,-0.17,0.1,6,Gut,10,Hoch,24.84,,,,,,,,,,,,,,,,,,
2026-06-12,Long Term,8,C,"Citigroup, Inc.",139.8300018310547,0.98,0.96,0.31,6,Gut,9,Hoch,23.96,,,,,,,,,,,,,,,,,,
2026-06-12,Early Play,1,ORCL,Oracle Corporation,184.1300048828125,0.24,-0.52,0.18,4,Neutral,10,Hoch,30.0,,,,,,,,,,,,,,,,,,
2026-06-12,Early Play,2,HALO,"Halozyme Therapeutics, Inc.",69.5,0.59,0.18,0.08,8,Sehr gut,10,Hoch,30.0,,,,,,,,,,,,,,,,,,
2026-06-12,Early Play,3,AVGO,Broadcom Inc.,382.0700073242188,0.55,0.1,0.18,9,Sehr gut,10,Hoch,30.0,,,,,,,,,,,,,,,,,,
2026-06-12,Early Play,4,NVO,Novo Nordisk A/S,43.880001068115234,0.22,-0.57,0.18,4,Neutral,10,Hoch,30.0,,,,,,,,,,,,,,,,,,
2026-06-12,Early Play,5,BLK,"BlackRock, Inc.",1032.0,0.42,-0.17,0.1,6,Gut,10,Hoch,28.0,,,,,,,,,,,,,,,,,,
2026-06-12,Early Play,6,AEM,Agnico Eagle Mines Limited,162.63999938964844,0.35,-0.3,-0.22,0,Riskant,10,Hoch,25.0,,,,,,,,,,,,,,,,,,
2026-06-12,Early Play,7,NVDA,NVIDIA Corporation,205.19000244140625,0.67,0.35,0.12,9,Sehr gut,10,Hoch,25.0,,,,,,,,,,,,,,,,,,
2026-06-12,Early Play,8,META,"Meta Platforms, Inc.",566.97998046875,0.17,-0.66,-0.1,1,Riskant,10,Hoch,25.0,,,,,,,,,,,,,,,,,,
2026-06-13,Short Term,1,NVDA,NVIDIA Corporation,205.19000244140625,0.67,0.35,0.12,9,Sehr gut,10,Hoch,20.5,,,,,,,,,,,,,,,,,,
2026-06-13,Short Term,2,AVGO,Broadcom Inc.,382.0700073242188,0.55,0.1,0.18,9,Sehr gut,10,Hoch,20.5,,,,,,,,,,,,,,,,,,
2026-06-13,Short Term,3,HALO,"Halozyme Therapeutics, Inc.",69.5,0.59,0.18,0.08,8,Sehr gut,10,Hoch,19.0,,,,,,,,,,,,,,,,,,
2026-06-13,Short Term,4,F,Ford Motor Company,14.84000015258789,0.63,0.25,0.28,8,Sehr gut,5,Mittel,18.0,,,,,,,,,,,,,,,,,,
2026-06-13,Short Term,5,MDLZ,"Mondelez International, Inc.",62.9900016784668,0.66,0.32,0.11,8,Sehr gut,5,Mittel,18.0,,,,,,,,,,,,,,,,,,
2026-06-13,Short Term,6,DB,Deutsche Bank AG,33.310001373291016,0.56,0.11,0.16,8,Sehr gut,5,Mittel,18.0,,,,,,,,,,,,,,,,,,
2026-06-13,Short Term,7,FLR,Fluor Corporation,50.7599983215332,0.66,0.32,0.16,7,Gut,2,Niedrig,16.5,,,,,,,,,,,,,,,,,,
2026-06-13,Short Term,8,FLYW,Flywire Corporation - Voting,14.710000038146973,0.58,0.16,0.19,7,Gut,4,Niedrig,16.5,,,,,,,,,,,,,,,,,,
2026-06-13,Long Term,1,NVDA,NVIDIA Corporation,205.19000244140625,0.67,0.35,0.12,9,Sehr gut,10,Hoch,26.34,,,,,,,,,,,,,,,,,,
2026-06-13,Long Term,2,HALO,"Halozyme Therapeutics, Inc.",69.5,0.59,0.18,0.08,8,Sehr gut,10,Hoch,26.18,,,,,,,,,,,,,,,,,,
2026-06-13,Long Term,3,AVGO,Broadcom Inc.,382.0700073242188,0.55,0.1,0.18,9,Sehr gut,10,Hoch,26.1,,,,,,,,,,,,,,,,,,
2026-06-13,Long Term,4,INCY,Incyte Corporation,108.52999877929688,0.92,0.83,0.17,6,Gut,10,Hoch,25.84,,,,,,,,,,,,,,,,,,
2026-06-13,Long Term,5,FSLR,"First Solar, Inc.",267.3099975585937,0.71,0.42,0.34,7,Gut,10,Hoch,25.42,,,,,,,,,,,,,,,,,,
2026-06-13,Long Term,6,AFL,AFLAC Incorporated,117.8000030517578,0.94,0.89,0.09,5,Neutral,10,Hoch,24.88,,,,,,,,,,,,,,,,,,
2026-06-13,Long Term,7,BLK,"BlackRock, Inc.",1032.0,0.42,-0.17,0.1,6,Gut,10,Hoch,24.84,,,,,,,,,,,,,,,,,,
2026-06-13,Long Term,8,C,"Citigroup, Inc.",139.8300018310547,0.98,0.96,0.31,6,Gut,9,Hoch,23.96,,,,,,,,,,,,,,,,,,
2026-06-13,Early Play,1,ORCL,Oracle Corporation,184.1300048828125,0.24,-0.52,0.18,4,Neutral,10,Hoch,30.0,,,,,,,,,,,,,,,,,,
2026-06-13,Early Play,2,AVGO,Broadcom Inc.,382.0700073242188,0.55,0.1,0.18,9,Sehr gut,10,Hoch,30.0,,,,,,,,,,,,,,,,,,
2026-06-13,Early Play,3,NVO,Novo Nordisk A/S,43.880001068115234,0.22,-0.57,0.18,4,Neutral,10,Hoch,30.0,,,,,,,,,,,,,,,,,,
2026-06-13,Early Play,4,HALO,"Halozyme Therapeutics, Inc.",69.5,0.59,0.18,0.08,8,Sehr gut,10,Hoch,30.0,,,,,,,,,,,,,,,,,,
2026-06-13,Early Play,5,BLK,"BlackRock, Inc.",1032.0,0.42,-0.17,0.1,6,Gut,10,Hoch,28.0,,,,,,,,,,,,,,,,,,
2026-06-13,Early Play,6,AFL,AFLAC Incorporated,117.8000030517578,0.94,0.89,0.09,5,Neutral,10,Hoch,25.0,,,,,,,,,,,,,,,,,,
2026-06-13,Early Play,7,META,"Meta Platforms, Inc.",566.97998046875,0.17,-0.66,-0.1,1,Riskant,10,Hoch,25.0,,,,,,,,,,,,,,,,,,
2026-06-13,Early Play,8,AEM,Agnico Eagle Mines Limited,162.63999938964844,0.35,-0.3,-0.22,0,Riskant,10,Hoch,25.0,,,,,,,,,,,,,,,,,,
2026-06-14,Short Term,1,NVDA,NVIDIA Corporation,205.19000244140625,0.67,0.35,0.12,9,Sehr gut,10,Hoch,20.5,,,,,,,,,,,,,,,,,,
2026-06-14,Short Term,2,AVGO,Broadcom Inc.,382.0700073242188,0.55,0.1,0.18,9,Sehr gut,10,Hoch,20.5,,,,,,,,,,,,,,,,,,
2026-06-14,Short Term,3,HALO,"Halozyme Therapeutics, Inc.",69.5,0.59,0.18,0.08,8,Sehr gut,10,Hoch,19.0,,,,,,,,,,,,,,,,,,
2026-06-14,Short Term,4,F,Ford Motor Company,14.84000015258789,0.63,0.25,0.28,8,Sehr gut,5,Mittel,18.0,,,,,,,,,,,,,,,,,,
2026-06-14,Short Term,5,MDLZ,"Mondelez International, Inc.",62.9900016784668,0.66,0.32,0.11,8,Sehr gut,5,Mittel,18.0,,,,,,,,,,,,,,,,,,
2026-06-14,Short Term,6,DB,Deutsche Bank AG,33.310001373291016,0.56,0.11,0.16,8,Sehr gut,5,Mittel,18.0,,,,,,,,,,,,,,,,,,
2026-06-14,Short Term,7,FLR,Fluor Corporation,50.7599983215332,0.66,0.32,0.16,7,Gut,2,Niedrig,16.5,,,,,,,,,,,,,,,,,,
2026-06-14,Short Term,8,FLYW,Flywire Corporation - Voting,14.710000038146973,0.58,0.16,0.19,7,Gut,4,Niedrig,16.5,,,,,,,,,,,,,,,,,,
2026-06-14,Long Term,1,NVDA,NVIDIA Corporation,205.19000244140625,0.67,0.35,0.12,9,Sehr gut,10,Hoch,26.34,,,,,,,,,,,,,,,,,,
2026-06-14,Long Term,2,HALO,"Halozyme Therapeutics, Inc.",69.5,0.59,0.18,0.08,8,Sehr gut,10,Hoch,26.18,,,,,,,,,,,,,,,,,,
2026-06-14,Long Term,3,AVGO,Broadcom Inc.,382.0700073242188,0.55,0.1,0.18,9,Sehr gut,10,Hoch,26.1,,,,,,,,,,,,,,,,,,
2026-06-14,Long Term,4,INCY,Incyte Corporation,108.52999877929688,0.92,0.83,0.17,6,Gut,10,Hoch,25.84,,,,,,,,,,,,,,,,,,
2026-06-14,Long Term,5,FSLR,"First Solar, Inc.",267.3099975585937,0.71,0.42,0.34,7,Gut,10,Hoch,25.42,,,,,,,,,,,,,,,,,,
2026-06-14,Long Term,6,AFL,AFLAC Incorporated,117.8000030517578,0.94,0.89,0.09,5,Neutral,10,Hoch,24.88,,,,,,,,,,,,,,,,,,
2026-06-14,Long Term,7,BLK,"BlackRock, Inc.",1032.0,0.42,-0.17,0.1,6,Gut,10,Hoch,24.84,,,,,,,,,,,,,,,,,,
2026-06-14,Long Term,8,C,"Citigroup, Inc.",139.8300018310547,0.98,0.96,0.31,6,Gut,9,Hoch,23.96,,,,,,,,,,,,,,,,,,
2026-06-14,Early Play,1,ORCL,Oracle Corporation,184.1300048828125,0.24,-0.52,0.18,4,Neutral,10,Hoch,30.0,,,,,,,,,,,,,,,,,,
2026-06-14,Early Play,2,AVGO,Broadcom Inc.,382.0700073242188,0.55,0.1,0.18,9,Sehr gut,10,Hoch,30.0,,,,,,,,,,,,,,,,,,
2026-06-14,Early Play,3,NVO,Novo Nordisk A/S,43.880001068115234,0.22,-0.57,0.18,4,Neutral,10,Hoch,30.0,,,,,,,,,,,,,,,,,,
2026-06-14,Early Play,4,HALO,"Halozyme Therapeutics, Inc.",69.5,0.59,0.18,0.08,8,Sehr gut,10,Hoch,30.0,,,,,,,,,,,,,,,,,,
2026-06-14,Early Play,5,BLK,"BlackRock, Inc.",1032.0,0.42,-0.17,0.1,6,Gut,10,Hoch,28.0,,,,,,,,,,,,,,,,,,
2026-06-14,Early Play,6,AFL,AFLAC Incorporated,117.8000030517578,0.94,0.89,0.09,5,Neutral,10,Hoch,25.0,,,,,,,,,,,,,,,,,,
2026-06-14,Early Play,7,META,"Meta Platforms, Inc.",566.97998046875,0.17,-0.66,-0.1,1,Riskant,10,Hoch,25.0,,,,,,,,,,,,,,,,,,
2026-06-14,Early Play,8,AEM,Agnico Eagle Mines Limited,162.63999938964844,0.35,-0.3,-0.22,0,Riskant,10,Hoch,25.0,,,,,,,,,,,,,,,,,,
2026-06-15,Short Term,1,HALO,"Halozyme Therapeutics, Inc.",71.27999877929688,0.65,0.3,0.09,8,Sehr gut,10,Hoch,19.0,,,,,,,,,,,,,,,,,,
2026-06-15,Short Term,2,AVGO,Broadcom Inc.,393.9400024414063,0.6,0.2,0.23,8,Sehr gut,9,Hoch,19.0,,,,,,,,,,,,,,,,,,
2026-06-15,Short Term,3,F,Ford Motor Company,14.770000457763672,0.62,0.24,0.25,8,Sehr gut,5,Mittel,18.0,,,,,,,,,,,,,,,,,,
2026-06-15,Short Term,4,DB,Deutsche Bank AG,34.5,0.65,0.29,0.19,8,Sehr gut,5,Mittel,18.0,,,,,,,,,,,,,,,,,,
2026-06-15,Short Term,5,AMZN,"Amazon.com, Inc.",246.0200042724609,0.61,0.21,0.14,7,Gut,5,Mittel,16.5,,,,,,,,,,,,,,,,,,
2026-06-15,Short Term,6,EXP,Eagle Materials Inc,217.9600067138672,0.65,0.29,0.16,7,Gut,3,Niedrig,16.5,,,,,,,,,,,,,,,,,,
2026-06-15,Short Term,7,MDLZ,"Mondelez International, Inc.",61.5,0.58,0.16,0.07,7,Gut,5,Mittel,16.5,,,,,,,,,,,,,,,,,,
2026-06-15,Short Term,8,APO,"Apollo Global Management, Inc. ",136.11000061035156,0.66,0.33,0.26,7,Gut,2,Niedrig,16.5,,,,,,,,,,,,,,,,,,
2026-06-15,Long Term,1,HALO,"Halozyme Therapeutics, Inc.",71.27999877929688,0.65,0.3,0.09,8,Sehr gut,10,Hoch,26.3,,,,,,,,,,,,,,,,,,
2026-06-15,Long Term,2,INCY,Incyte Corporation,101.9800033569336,0.77,0.55,0.08,6,Gut,10,Hoch,25.54,,,,,,,,,,,,,,,,,,
2026-06-15,Long Term,3,NVDA,NVIDIA Corporation,212.4499969482422,0.75,0.5,0.17,7,Gut,10,Hoch,25.5,,,,,,,,,,,,,,,,,,
2026-06-15,Long Term,4,BLK,"BlackRock, Inc.",1042.8699951171875,0.45,-0.09,0.08,6,Gut,10,Hoch,24.9,,,,,,,,,,,,,,,,,,
2026-06-15,Long Term,5,AVGO,Broadcom Inc.,393.9400024414063,0.6,0.2,0.23,8,Sehr gut,9,Hoch,24.2,,,,,,,,,,,,,,,,,,
2026-06-15,Long Term,6,C,"Citigroup, Inc.",141.2100067138672,0.97,0.93,0.32,6,Gut,9,Hoch,23.94,,,,,,,,,,,,,,,,,,
2026-06-15,Long Term,7,GOOGL,Alphabet Inc.,369.3500061035156,0.84,0.68,0.19,6,Gut,9,Hoch,23.68,,,,,,,,,,,,,,,,,,
2026-06-15,Long Term,8,ORCL,Oracle Corporation,192.63999938964844,0.28,-0.44,0.25,4,Neutral,10,Hoch,23.56,,,,,,,,,,,,,,,,,,
2026-06-15,Early Play,1,NVO,Novo Nordisk A/S,43.91999816894531,0.23,-0.54,0.18,4,Neutral,10,Hoch,30.0,,,,,,,,,,,,,,,,,,
2026-06-15,Early Play,2,BLK,"BlackRock, Inc.",1042.8699951171875,0.45,-0.09,0.08,6,Gut,10,Hoch,28.0,,,,,,,,,,,,,,,,,,
2026-06-15,Early Play,3,AFL,AFLAC Incorporated,116.95999908447266,0.91,0.82,0.07,5,Neutral,10,Hoch,25.0,,,,,,,,,,,,,,,,,,
2026-06-15,Early Play,4,HALO,"Halozyme Therapeutics, Inc.",71.27999877929688,0.65,0.3,0.09,8,Sehr gut,10,Hoch,25.0,,,,,,,,,,,,,,,,,,
2026-06-15,Early Play,5,KGC,Kinross Gold Corporation,27.34000015258789,0.52,0.04,-0.12,4,Neutral,10,Hoch,25.0,,,,,,,,,,,,,,,,,,
2026-06-15,Early Play,6,NU,Nu Holdings Ltd.,12.43000030517578,0.16,-0.68,-0.13,0,Riskant,10,Hoch,25.0,,,,,,,,,,,,,,,,,,
2026-06-15,Early Play,7,NVDA,NVIDIA Corporation,212.4499969482422,0.75,0.5,0.17,7,Gut,10,Hoch,25.0,,,,,,,,,,,,,,,,,,
2026-06-15,Early Play,8,FIS,Fidelity National Information S,38.970001220703125,0.03,-0.95,-0.22,0,Riskant,10,Hoch,25.0,,,,,,,,,,,,,,,,,,
2026-06-16,Short Term,1,NVDA,NVIDIA Corporation,207.4100036621093,0.69,0.39,0.15,9,Sehr gut,10,Hoch,20.5,,,,,,,,,,,,,,,,,,
2026-06-16,Short Term,2,HALO,"Halozyme Therapeutics, Inc.",69.63999938964844,0.6,0.19,0.09,8,Sehr gut,10,Hoch,19.0,,,,,,,,,,,,,,,,,,
2026-06-16,Short Term,3,V,Visa Inc.,333.1199951171875,0.62,0.25,0.12,8,Sehr gut,8,Hoch,19.0,,,,,,,,,,,,,,,,,,
2026-06-16,Short Term,4,DB,Deutsche Bank AG,34.880001068115234,0.68,0.35,0.24,8,Sehr gut,5,Mittel,18.0,,,,,,,,,,,,,,,,,,
2026-06-16,Short Term,5,WFC,Wells Fargo & Company,85.05000305175781,0.55,0.1,0.12,8,Sehr gut,6,Mittel,18.0,,,,,,,,,,,,,,,,,,
2026-06-16,Short Term,6,AXP,American Express Company,340.739990234375,0.55,0.1,0.16,8,Sehr gut,5,Mittel,18.0,,,,,,,,,,,,,,,,,,
2026-06-16,Short Term,7,TEL,TE Connectivity plc,217.0,0.62,0.24,0.11,8,Sehr gut,6,Mittel,18.0,,,,,,,,,,,,,,,,,,
2026-06-16,Short Term,8,AVGO,Broadcom Inc.,376.7099914550781,0.53,0.06,0.19,8,Sehr gut,10,Hoch,18.0,,,,,,,,,,,,,,,,,,
2026-06-16,Long Term,1,NVDA,NVIDIA Corporation,207.4100036621093,0.69,0.39,0.15,9,Sehr gut,10,Hoch,26.38,,,,,,,,,,,,,,,,,,
2026-06-16,Long Term,2,FSLR,"First Solar, Inc.",264.3599853515625,0.69,0.39,0.34,9,Sehr gut,10,Hoch,26.38,,,,,,,,,,,,,,,,,,
2026-06-16,Long Term,3,HALO,"Halozyme Therapeutics, Inc.",69.63999938964844,0.6,0.19,0.09,8,Sehr gut,10,Hoch,26.2,,,,,,,,,,,,,,,,,,
2026-06-16,Long Term,4,AVGO,Broadcom Inc.,376.7099914550781,0.53,0.06,0.19,8,Sehr gut,10,Hoch,26.06,,,,,,,,,,,,,,,,,,
2026-06-16,Long Term,5,INCY,Incyte Corporation,99.75,0.72,0.45,0.08,6,Gut,10,Hoch,25.44,,,,,,,,,,,,,,,,,,
2026-06-16,Long Term,6,BLK,"BlackRock, Inc.",1052.22998046875,0.49,-0.03,0.09,6,Gut,10,Hoch,24.98,,,,,,,,,,,,,,,,,,
2026-06-16,Long Term,7,AFL,AFLAC Incorporated,117.41000366210938,0.93,0.85,0.09,5,Neutral,10,Hoch,24.86,,,,,,,,,,,,,,,,,,
2026-06-16,Long Term,8,NEM,Newmont Corporation,108.44000244140624,0.67,0.35,0.02,8,Sehr gut,10,Hoch,24.34,,,,,,,,,,,,,,,,,,
2026-06-16,Early Play,1,NVO,Novo Nordisk A/S,43.54999923706055,0.24,-0.52,0.21,4,Neutral,10,Hoch,30.0,,,,,,,,,,,,,,,,,,
2026-06-16,Early Play,2,AVGO,Broadcom Inc.,376.7099914550781,0.53,0.06,0.19,8,Sehr gut,10,Hoch,30.0,,,,,,,,,,,,,,,,,,
2026-06-16,Early Play,3,ORCL,Oracle Corporation,188.3300018310547,0.26,-0.48,0.24,4,Neutral,10,Hoch,30.0,,,,,,,,,,,,,,,,,,
2026-06-16,Early Play,4,BLK,"BlackRock, Inc.",1052.22998046875,0.49,-0.03,0.09,6,Gut,10,Hoch,28.0,,,,,,,,,,,,,,,,,,
2026-06-16,Early Play,5,NVDA,NVIDIA Corporation,207.4100036621093,0.69,0.39,0.15,9,Sehr gut,10,Hoch,25.0,,,,,,,,,,,,,,,,,,
2026-06-16,Early Play,6,KGC,Kinross Gold Corporation,27.989999771118164,0.55,0.1,-0.03,5,Neutral,10,Hoch,25.0,,,,,,,,,,,,,,,,,,
2026-06-16,Early Play,7,META,"Meta Platforms, Inc.",600.2100219726562,0.29,-0.41,-0.02,1,Riskant,10,Hoch,25.0,,,,,,,,,,,,,,,,,,
2026-06-16,Early Play,8,AFL,AFLAC Incorporated,117.41000366210938,0.93,0.85,0.09,5,Neutral,10,Hoch,25.0,,,,,,,,,,,,,,,,,,
2026-06-17,Short Term,1,NVDA,NVIDIA Corporation,204.6499938964844,0.67,0.33,0.15,9,Sehr gut,10,Hoch,20.5,,,,,,,,,,,,,,,,,,
2026-06-17,Short Term,2,FSLR,"First Solar, Inc.",254.8000030517578,0.64,0.27,0.28,9,Sehr gut,10,Hoch,20.5,,,,,,,,,,,,,,,,,,
2026-06-17,Short Term,3,AVGO,Broadcom Inc.,392.8999938964844,0.6,0.19,0.23,8,Sehr gut,9,Hoch,19.0,,,,,,,,,,,,,,,,,,
2026-06-17,Short Term,4,HALO,"Halozyme Therapeutics, Inc.",68.56999969482422,0.56,0.12,0.08,8,Sehr gut,10,Hoch,19.0,,,,,,,,,,,,,,,,,,
2026-06-17,Short Term,5,NEM,Newmont Corporation,105.66999816894533,0.64,0.28,0.07,8,Sehr gut,10,Hoch,19.0,,,,,,,,,,,,,,,,,,
2026-06-17,Short Term,6,DB,Deutsche Bank AG,35.04999923706055,0.69,0.38,0.24,8,Sehr gut,5,Mittel,18.0,,,,,,,,,,,,,,,,,,
2026-06-17,Short Term,7,V,Visa Inc.,330.3800048828125,0.58,0.16,0.1,7,Gut,8,Hoch,17.5,,,,,,,,,,,,,,,,,,
2026-06-17,Short Term,8,EXP,Eagle Materials Inc,213.2400054931641,0.58,0.17,0.21,7,Gut,3,Niedrig,16.5,,,,,,,,,,,,,,,,,,
2026-06-17,Long Term,1,NVDA,NVIDIA Corporation,204.6499938964844,0.67,0.33,0.15,9,Sehr gut,10,Hoch,26.34,,,,,,,,,,,,,,,,,,
2026-06-17,Long Term,2,FSLR,"First Solar, Inc.",254.8000030517578,0.64,0.27,0.28,9,Sehr gut,10,Hoch,26.28,,,,,,,,,,,,,,,,,,
2026-06-17,Long Term,3,HALO,"Halozyme Therapeutics, Inc.",68.56999969482422,0.56,0.12,0.08,8,Sehr gut,10,Hoch,26.12,,,,,,,,,,,,,,,,,,
2026-06-17,Long Term,4,BLK,"BlackRock, Inc.",1057.3800048828125,0.5,0.01,0.1,7,Gut,10,Hoch,25.0,,,,,,,,,,,,,,,,,,
2026-06-17,Long Term,5,AFL,AFLAC Incorporated,116.23999786376952,0.88,0.76,0.09,5,Neutral,10,Hoch,24.76,,,,,,,,,,,,,,,,,,
2026-06-17,Long Term,6,NEM,Newmont Corporation,105.66999816894533,0.64,0.28,0.07,8,Sehr gut,10,Hoch,24.28,,,,,,,,,,,,,,,,,,
2026-06-17,Long Term,7,AVGO,Broadcom Inc.,392.8999938964844,0.6,0.19,0.23,8,Sehr gut,9,Hoch,24.2,,,,,,,,,,,,,,,,,,
2026-06-17,Long Term,8,C,"Citigroup, Inc.",143.77999877929688,0.96,0.92,0.32,6,Gut,9,Hoch,23.92,,,,,,,,,,,,,,,,,,
2026-06-17,Early Play,1,BLK,"BlackRock, Inc.",1057.3800048828125,0.5,0.01,0.1,7,Gut,10,Hoch,30.0,,,,,,,,,,,,,,,,,,
2026-06-17,Early Play,2,ORCL,Oracle Corporation,183.52999877929688,0.23,-0.53,0.18,4,Neutral,10,Hoch,30.0,,,,,,,,,,,,,,,,,,
2026-06-17,Early Play,3,NVO,Novo Nordisk A/S,43.52000045776367,0.24,-0.51,0.22,4,Neutral,10,Hoch,30.0,,,,,,,,,,,,,,,,,,
2026-06-17,Early Play,4,HALO,"Halozyme Therapeutics, Inc.",68.56999969482422,0.56,0.12,0.08,8,Sehr gut,10,Hoch,30.0,,,,,,,,,,,,,,,,,,
2026-06-17,Early Play,5,WPM,Wheaton Precious Metals Corp,125.8499984741211,0.51,0.01,0.04,6,Gut,9,Hoch,28.0,,,,,,,,,,,,,,,,,,
2026-06-17,Early Play,6,MLM,"Martin Marietta Materials, Inc.",591.0800170898438,0.36,-0.28,0.04,4,Neutral,8,Hoch,26.0,,,,,,,,,,,,,,,,,,
2026-06-17,Early Play,7,V,Visa Inc.,330.3800048828125,0.58,0.16,0.1,7,Gut,8,Hoch,26.0,,,,,,,,,,,,,,,,,,
2026-06-17,Early Play,8,NEM,Newmont Corporation,105.66999816894533,0.64,0.28,0.07,8,Sehr gut,10,Hoch,25.0,,,,,,,,,,,,,,,,,,
2026-06-18,Short Term,1,HALO,"Halozyme Therapeutics, Inc.",68.55000305175781,0.56,0.12,0.08,8,Sehr gut,10,Hoch,19.0,,,,,,,,,,,,,,,,,,
2026-06-18,Short Term,2,INCY,Incyte Corporation,98.22000122070312,0.69,0.38,0.08,8,Sehr gut,10,Hoch,19.0,,,,,,,,,,,,,,,,,,
2026-06-18,Short Term,3,NEM,Newmont Corporation,103.79000091552734,0.62,0.23,0.09,8,Sehr gut,10,Hoch,19.0,,,,,,,,,,,,,,,,,,
2026-06-18,Short Term,4,TEL,TE Connectivity plc,217.63999938964844,0.63,0.25,0.12,8,Sehr gut,6,Mittel,18.0,,,,,,,,,,,,,,,,,,
2026-06-18,Short Term,5,AMZN,"Amazon.com, Inc.",244.38999938964844,0.59,0.17,0.19,7,Gut,5,Mittel,16.5,,,,,,,,,,,,,,,,,,
2026-06-18,Short Term,6,VMC,Vulcan Materials Company (Holdi,302.8399963378906,0.66,0.31,0.17,7,Gut,5,Mittel,16.5,,,,,,,,,,,,,,,,,,
2026-06-18,Short Term,7,PRU,"Prudential Financial, Inc.",106.52999877929688,0.61,0.23,0.16,7,Gut,3,Niedrig,16.5,,,,,,,,,,,,,,,,,,
2026-06-18,Short Term,8,RUN,Sunrun Inc.,13.520000457763672,0.46,-0.08,0.11,7,Gut,9,Hoch,16.5,,,,,,,,,,,,,,,,,,
2026-06-18,Long Term,1,INCY,Incyte Corporation,98.22000122070312,0.69,0.38,0.08,8,Sehr gut,10,Hoch,26.38,,,,,,,,,,,,,,,,,,
2026-06-18,Long Term,2,FSLR,"First Solar, Inc.",257.70001220703125,0.65,0.3,0.34,9,Sehr gut,10,Hoch,26.3,,,,,,,,,,,,,,,,,,
2026-06-18,Long Term,3,NEM,Newmont Corporation,103.79000091552734,0.62,0.23,0.09,8,Sehr gut,10,Hoch,26.24,,,,,,,,,,,,,,,,,,
2026-06-18,Long Term,4,HALO,"Halozyme Therapeutics, Inc.",68.55000305175781,0.56,0.12,0.08,8,Sehr gut,10,Hoch,26.12,,,,,,,,,,,,,,,,,,
2026-06-18,Long Term,5,AFL,AFLAC Incorporated,115.47000122070312,0.85,0.69,0.09,6,Gut,10,Hoch,25.7,,,,,,,,,,,,,,,,,,
2026-06-18,Long Term,6,NVDA,NVIDIA Corporation,210.69000244140625,0.73,0.46,0.22,7,Gut,10,Hoch,25.46,,,,,,,,,,,,,,,,,,
2026-06-18,Long Term,7,BLK,"BlackRock, Inc.",1050.0899658203125,0.48,-0.04,0.1,6,Gut,10,Hoch,24.96,,,,,,,,,,,,,,,,,,
2026-06-18,Long Term,8,AVGO,Broadcom Inc.,411.3500061035156,0.67,0.34,0.33,8,Sehr gut,9,Hoch,24.34,,,,,,,,,,,,,,,,,,
2026-06-18,Early Play,1,NVO,Novo Nordisk A/S,43.18999862670898,0.24,-0.53,0.23,4,Neutral,10,Hoch,30.0,,,,,,,,,,,,,,,,,,
2026-06-18,Early Play,2,ORCL,Oracle Corporation,184.2899932861328,0.24,-0.52,0.24,4,Neutral,10,Hoch,30.0,,,,,,,,,,,,,,,,,,
2026-06-18,Early Play,3,HALO,"Halozyme Therapeutics, Inc.",68.55000305175781,0.56,0.12,0.08,8,Sehr gut,10,Hoch,30.0,,,,,,,,,,,,,,,,,,
2026-06-18,Early Play,4,BLK,"BlackRock, Inc.",1050.0899658203125,0.48,-0.04,0.1,6,Gut,10,Hoch,28.0,,,,,,,,,,,,,,,,,,
2026-06-18,Early Play,5,V,Visa Inc.,327.239990234375,0.53,0.06,0.09,6,Gut,8,Hoch,26.0,,,,,,,,,,,,,,,,,,
2026-06-18,Early Play,6,RUN,Sunrun Inc.,13.520000457763672,0.46,-0.08,0.11,7,Gut,9,Hoch,26.0,,,,,,,,,,,,,,,,,,
2026-06-18,Early Play,7,WPM,Wheaton Precious Metals Corp,122.56999969482422,0.47,-0.07,0.07,5,Neutral,9,Hoch,26.0,,,,,,,,,,,,,,,,,,
2026-06-18,Early Play,8,KGC,Kinross Gold Corporation,26.670000076293945,0.49,-0.01,0.01,6,Gut,10,Hoch,25.0,,,,,,,,,,,,,,,,,,
2026-06-19,Short Term,1,NEM,Newmont Corporation,103.79000091552734,0.62,0.23,0.09,8,Sehr gut,10,Hoch,19.0,,,,,,,,,,,,,,,,,,
2026-06-19,Short Term,2,AMZN,"Amazon.com, Inc.",244.38999938964844,0.59,0.17,0.19,7,Gut,5,Mittel,16.5,,,,,,,,,,,,,,,,,,
2026-06-19,Short Term,3,RUN,Sunrun Inc.,13.520000457763672,0.46,-0.08,0.11,7,Gut,9,Hoch,16.5,,,,,,,,,,,,,,,,,,
2026-06-19,Short Term,4,UPS,"United Parcel Service, Inc.",104.86000061035156,0.66,0.32,0.11,7,Gut,2,Niedrig,16.5,,,,,,,,,,,,,,,,,,
2026-06-19,Short Term,5,NVDA,NVIDIA Corporation,210.69000244140625,0.73,0.46,0.22,7,Gut,10,Hoch,15.5,,,,,,,,,,,,,,,,,,
2026-06-19,Short Term,6,AXP,American Express Company,338.0,0.52,0.05,0.15,7,Gut,5,Mittel,15.5,,,,,,,,,,,,,,,,,,
2026-06-19,Short Term,7,F,Ford Motor Company,14.0600004196167,0.53,0.05,0.24,7,Gut,5,Mittel,15.5,,,,,,,,,,,,,,,,,,
2026-06-19,Short Term,8,CIEN,Ciena Corporation,428.2200012207031,0.63,0.26,0.12,6,Gut,4,Niedrig,15.0,,,,,,,,,,,,,,,,,,
2026-06-19,Long Term,1,NEM,Newmont Corporation,103.79000091552734,0.62,0.23,0.09,8,Sehr gut,10,Hoch,26.24,,,,,,,,,,,,,,,,,,
2026-06-19,Long Term,2,NVDA,NVIDIA Corporation,210.69000244140625,0.73,0.46,0.22,7,Gut,10,Hoch,25.46,,,,,,,,,,,,,,,,,,
2026-06-19,Long Term,3,AVGO,Broadcom Inc.,411.3500061035156,0.67,0.34,0.33,8,Sehr gut,9,Hoch,24.34,,,,,,,,,,,,,,,,,,
2026-06-19,Long Term,4,C,"Citigroup, Inc.",143.05999755859375,0.93,0.86,0.31,6,Gut,9,Hoch,23.86,,,,,,,,,,,,,,,,,,
2026-06-19,Long Term,5,GOOGL,Alphabet Inc.,368.0299987792969,0.84,0.67,0.22,6,Gut,9,Hoch,23.68,,,,,,,,,,,,,,,,,,
2026-06-19,Long Term,6,ORCL,Oracle Corporation,184.2899932861328,0.24,-0.52,0.24,4,Neutral,10,Hoch,23.48,,,,,,,,,,,,,,,,,,
2026-06-19,Long Term,7,NVO,Novo Nordisk A/S,43.18999862670898,0.24,-0.53,0.23,4,Neutral,10,Hoch,23.48,,,,,,,,,,,,,,,,,,
2026-06-19,Long Term,8,KGC,Kinross Gold Corporation,26.670000076293945,0.49,-0.01,0.01,6,Gut,10,Hoch,22.98,,,,,,,,,,,,,,,,,,
2026-06-19,Early Play,1,ORCL,Oracle Corporation,184.2899932861328,0.24,-0.52,0.24,4,Neutral,10,Hoch,30.0,,,,,,,,,,,,,,,,,,
2026-06-19,Early Play,2,NVO,Novo Nordisk A/S,43.18999862670898,0.24,-0.53,0.23,4,Neutral,10,Hoch,30.0,,,,,,,,,,,,,,,,,,
2026-06-19,Early Play,3,WPM,Wheaton Precious Metals Corp,122.56999969482422,0.47,-0.07,0.07,5,Neutral,9,Hoch,26.0,,,,,,,,,,,,,,,,,,
2026-06-19,Early Play,4,RUN,Sunrun Inc.,13.520000457763672,0.46,-0.08,0.11,7,Gut,9,Hoch,26.0,,,,,,,,,,,,,,,,,,
2026-06-19,Early Play,5,V,Visa Inc.,327.239990234375,0.53,0.06,0.09,6,Gut,8,Hoch,26.0,,,,,,,,,,,,,,,,,,
2026-06-19,Early Play,6,KGC,Kinross Gold Corporation,26.670000076293945,0.49,-0.01,0.01,6,Gut,10,Hoch,25.0,,,,,,,,,,,,,,,,,,
2026-06-19,Early Play,7,NU,Nu Holdings Ltd.,12.710000038146973,0.19,-0.61,-0.09,1,Riskant,10,Hoch,25.0,,,,,,,,,,,,,,,,,,
2026-06-19,Early Play,8,AEM,Agnico Eagle Mines Limited,166.66000366210938,0.38,-0.25,-0.07,3,Riskant,10,Hoch,25.0,,,,,,,,,,,,,,,,,,
2026-06-20,Short Term,1,NEM,Newmont Corporation,103.79000091552734,0.62,0.23,0.09,8,Sehr gut,10,Hoch,19.0,,,,,,,,,,,,,,,,,,
2026-06-20,Short Term,2,HALO,"Halozyme Therapeutics, Inc.",68.55000305175781,0.56,0.12,0.08,8,Sehr gut,10,Hoch,19.0,,,,,,,,,,,,,,,,,,
2026-06-20,Short Term,3,INCY,Incyte Corporation,98.22000122070312,0.69,0.38,0.08,8,Sehr gut,10,Hoch,19.0,,,,,,,,,,,,,,,,,,
2026-06-20,Short Term,4,TEL,TE Connectivity plc,217.63999938964844,0.63,0.25,0.12,8,Sehr gut,6,Mittel,18.0,,,,,,,,,,,,,,,,,,
2026-06-20,Short Term,5,UPS,"United Parcel Service, Inc.",104.86000061035156,0.66,0.32,0.11,7,Gut,2,Niedrig,16.5,,,,,,,,,,,,,,,,,,
2026-06-20,Short Term,6,VMC,Vulcan Materials Company (Holdi,302.8399963378906,0.66,0.31,0.17,7,Gut,5,Mittel,16.5,,,,,,,,,,,,,,,,,,
2026-06-20,Short Term,7,PRU,"Prudential Financial, Inc.",106.52999877929688,0.61,0.23,0.16,7,Gut,3,Niedrig,16.5,,,,,,,,,,,,,,,,,,
2026-06-20,Short Term,8,FN,Fabrinet,573.760009765625,0.64,0.28,0.13,7,Gut,5,Mittel,16.5,,,,,,,,,,,,,,,,,,
2026-06-20,Long Term,1,INCY,Incyte Corporation,98.22000122070312,0.69,0.38,0.08,8,Sehr gut,10,Hoch,26.38,,,,,,,,,,,,,,,,,,
2026-06-20,Long Term,2,FSLR,"First Solar, Inc.",257.70001220703125,0.65,0.3,0.34,9,Sehr gut,10,Hoch,26.3,,,,,,,,,,,,,,,,,,
2026-06-20,Long Term,3,NEM,Newmont Corporation,103.79000091552734,0.62,0.23,0.09,8,Sehr gut,10,Hoch,26.24,,,,,,,,,,,,,,,,,,
2026-06-20,Long Term,4,HALO,"Halozyme Therapeutics, Inc.",68.55000305175781,0.56,0.12,0.08,8,Sehr gut,10,Hoch,26.12,,,,,,,,,,,,,,,,,,
2026-06-20,Long Term,5,AFL,AFLAC Incorporated,115.47000122070312,0.85,0.69,0.09,6,Gut,10,Hoch,25.7,,,,,,,,,,,,,,,,,,
2026-06-20,Long Term,6,NVDA,NVIDIA Corporation,210.69000244140625,0.73,0.46,0.22,7,Gut,10,Hoch,25.46,,,,,,,,,,,,,,,,,,
2026-06-20,Long Term,7,BLK,"BlackRock, Inc.",1050.0899658203125,0.48,-0.04,0.1,6,Gut,10,Hoch,24.96,,,,,,,,,,,,,,,,,,
2026-06-20,Long Term,8,AVGO,Broadcom Inc.,411.3500061035156,0.67,0.34,0.33,8,Sehr gut,9,Hoch,24.34,,,,,,,,,,,,,,,,,,
2026-06-20,Early Play,1,HALO,"Halozyme Therapeutics, Inc.",68.55000305175781,0.56,0.12,0.08,8,Sehr gut,10,Hoch,30.0,,,,,,,,,,,,,,,,,,
2026-06-20,Early Play,2,ORCL,Oracle Corporation,184.2899932861328,0.24,-0.52,0.24,4,Neutral,10,Hoch,30.0,,,,,,,,,,,,,,,,,,
2026-06-20,Early Play,3,NVO,Novo Nordisk A/S,43.18999862670898,0.24,-0.53,0.23,4,Neutral,10,Hoch,30.0,,,,,,,,,,,,,,,,,,
2026-06-20,Early Play,4,BLK,"BlackRock, Inc.",1050.0899658203125,0.48,-0.04,0.1,6,Gut,10,Hoch,28.0,,,,,,,,,,,,,,,,,,
2026-06-20,Early Play,5,RUN,Sunrun Inc.,13.520000457763672,0.46,-0.08,0.11,7,Gut,9,Hoch,26.0,,,,,,,,,,,,,,,,,,
2026-06-20,Early Play,6,WPM,Wheaton Precious Metals Corp,122.56999969482422,0.47,-0.07,0.07,5,Neutral,9,Hoch,26.0,,,,,,,,,,,,,,,,,,
2026-06-20,Early Play,7,V,Visa Inc.,327.239990234375,0.53,0.06,0.09,6,Gut,8,Hoch,26.0,,,,,,,,,,,,,,,,,,
2026-06-20,Early Play,8,AFL,AFLAC Incorporated,115.47000122070312,0.85,0.69,0.09,6,Gut,10,Hoch,25.0,,,,,,,,,,,,,,,,,,
2026-06-21,Short Term,1,NEM,Newmont Corporation,103.79000091552734,0.62,0.23,0.09,8,Sehr gut,10,Hoch,19.0,,,,,,,,,,,,,,,,,,
2026-06-21,Short Term,2,HALO,"Halozyme Therapeutics, Inc.",68.55000305175781,0.56,0.12,0.08,8,Sehr gut,10,Hoch,19.0,,,,,,,,,,,,,,,,,,
2026-06-21,Short Term,3,INCY,Incyte Corporation,98.22000122070312,0.69,0.38,0.08,8,Sehr gut,10,Hoch,19.0,,,,,,,,,,,,,,,,,,
2026-06-21,Short Term,4,TEL,TE Connectivity plc,217.63999938964844,0.63,0.25,0.12,8,Sehr gut,6,Mittel,18.0,,,,,,,,,,,,,,,,,,
2026-06-21,Short Term,5,UPS,"United Parcel Service, Inc.",104.86000061035156,0.66,0.32,0.11,7,Gut,2,Niedrig,16.5,,,,,,,,,,,,,,,,,,
2026-06-21,Short Term,6,VMC,Vulcan Materials Company (Holdi,302.8399963378906,0.66,0.31,0.17,7,Gut,5,Mittel,16.5,,,,,,,,,,,,,,,,,,
2026-06-21,Short Term,7,PRU,"Prudential Financial, Inc.",106.52999877929688,0.61,0.23,0.16,7,Gut,3,Niedrig,16.5,,,,,,,,,,,,,,,,,,
2026-06-21,Short Term,8,FN,Fabrinet,573.760009765625,0.64,0.28,0.13,7,Gut,5,Mittel,16.5,,,,,,,,,,,,,,,,,,
2026-06-21,Long Term,1,INCY,Incyte Corporation,98.22000122070312,0.69,0.38,0.08,8,Sehr gut,10,Hoch,26.38,,,,,,,,,,,,,,,,,,
2026-06-21,Long Term,2,FSLR,"First Solar, Inc.",257.70001220703125,0.65,0.3,0.34,9,Sehr gut,10,Hoch,26.3,,,,,,,,,,,,,,,,,,
2026-06-21,Long Term,3,NEM,Newmont Corporation,103.79000091552734,0.62,0.23,0.09,8,Sehr gut,10,Hoch,26.24,,,,,,,,,,,,,,,,,,
2026-06-21,Long Term,4,HALO,"Halozyme Therapeutics, Inc.",68.55000305175781,0.56,0.12,0.08,8,Sehr gut,10,Hoch,26.12,,,,,,,,,,,,,,,,,,
2026-06-21,Long Term,5,AFL,AFLAC Incorporated,115.47000122070312,0.85,0.69,0.09,6,Gut,10,Hoch,25.7,,,,,,,,,,,,,,,,,,
2026-06-21,Long Term,6,NVDA,NVIDIA Corporation,210.69000244140625,0.73,0.46,0.22,7,Gut,10,Hoch,25.46,,,,,,,,,,,,,,,,,,
2026-06-21,Long Term,7,BLK,"BlackRock, Inc.",1050.0899658203125,0.48,-0.04,0.1,6,Gut,10,Hoch,24.96,,,,,,,,,,,,,,,,,,
2026-06-21,Long Term,8,AVGO,Broadcom Inc.,411.3500061035156,0.67,0.34,0.33,8,Sehr gut,9,Hoch,24.34,,,,,,,,,,,,,,,,,,
2026-06-21,Early Play,1,HALO,"Halozyme Therapeutics, Inc.",68.55000305175781,0.56,0.12,0.08,8,Sehr gut,10,Hoch,30.0,,,,,,,,,,,,,,,,,,
2026-06-21,Early Play,2,ORCL,Oracle Corporation,184.2899932861328,0.24,-0.52,0.24,4,Neutral,10,Hoch,30.0,,,,,,,,,,,,,,,,,,
2026-06-21,Early Play,3,NVO,Novo Nordisk A/S,43.18999862670898,0.24,-0.53,0.23,4,Neutral,10,Hoch,30.0,,,,,,,,,,,,,,,,,,
2026-06-21,Early Play,4,BLK,"BlackRock, Inc.",1050.0899658203125,0.48,-0.04,0.1,6,Gut,10,Hoch,28.0,,,,,,,,,,,,,,,,,,
2026-06-21,Early Play,5,RUN,Sunrun Inc.,13.520000457763672,0.46,-0.08,0.11,7,Gut,9,Hoch,26.0,,,,,,,,,,,,,,,,,,
2026-06-21,Early Play,6,WPM,Wheaton Precious Metals Corp,122.56999969482422,0.47,-0.07,0.07,5,Neutral,9,Hoch,26.0,,,,,,,,,,,,,,,,,,
2026-06-21,Early Play,7,V,Visa Inc.,327.239990234375,0.53,0.06,0.09,6,Gut,8,Hoch,26.0,,,,,,,,,,,,,,,,,,
2026-06-21,Early Play,8,AFL,AFLAC Incorporated,115.47000122070312,0.85,0.69,0.09,6,Gut,10,Hoch,25.0,,,,,,,,,,,,,,,,,,
2026-06-22,Short Term,1,AVGO,Broadcom Inc.,392.1300048828125,0.59,0.18,0.22,8,Sehr gut,9,Hoch,19.0,,,,,,,,,,,,,,,,,,
2026-06-22,Short Term,2,HALO,"Halozyme Therapeutics, Inc.",68.98999786376953,0.58,0.15,0.1,8,Sehr gut,10,Hoch,19.0,,,,,,,,,,,,,,,,,,
2026-06-22,Short Term,3,NEM,Newmont Corporation,101.8000030517578,0.59,0.18,0.04,8,Sehr gut,10,Hoch,17.0,,,,,,,,,,,,,,,,,,
2026-06-22,Short Term,4,TEL,TE Connectivity plc,212.69000244140625,0.57,0.15,0.06,7,Gut,6,Mittel,16.5,,,,,,,,,,,,,,,,,,
2026-06-22,Short Term,5,PRU,"Prudential Financial, Inc.",108.26000213623048,0.68,0.36,0.16,7,Gut,3,Niedrig,16.5,,,,,,,,,,,,,,,,,,
2026-06-22,Short Term,6,APO,"Apollo Global Management, Inc. ",135.2100067138672,0.65,0.3,0.23,7,Gut,2,Niedrig,16.5,,,,,,,,,,,,,,,,,,
2026-06-22,Short Term,7,VMC,Vulcan Materials Company (Holdi,304.3900146484375,0.68,0.35,0.16,7,Gut,5,Mittel,16.5,,,,,,,,,,,,,,,,,,
2026-06-22,Short Term,8,FLYW,Flywire Corporation - Voting,15.43000030517578,0.67,0.34,0.23,7,Gut,4,Niedrig,16.5,,,,,,,,,,,,,,,,,,
2026-06-22,Long Term,1,HALO,"Halozyme Therapeutics, Inc.",68.98999786376953,0.58,0.15,0.1,8,Sehr gut,10,Hoch,26.16,,,,,,,,,,,,,,,,,,
2026-06-22,Long Term,2,INCY,Incyte Corporation,103.66000366210938,0.81,0.62,0.15,7,Gut,10,Hoch,25.62,,,,,,,,,,,,,,,,,,
2026-06-22,Long Term,3,NVDA,NVIDIA Corporation,208.6499938964844,0.71,0.42,0.19,7,Gut,10,Hoch,25.42,,,,,,,,,,,,,,,,,,
2026-06-22,Long Term,4,BLK,"BlackRock, Inc.",1051.739990234375,0.48,-0.03,0.09,6,Gut,10,Hoch,24.96,,,,,,,,,,,,,,,,,,
2026-06-22,Long Term,5,AFL,AFLAC Incorporated,116.5500030517578,0.89,0.78,0.1,5,Neutral,10,Hoch,24.78,,,,,,,,,,,,,,,,,,
2026-06-22,Long Term,6,FSLR,"First Solar, Inc.",263.1099853515625,0.68,0.36,0.39,9,Sehr gut,10,Hoch,24.36,,,,,,,,,,,,,,,,,,
2026-06-22,Long Term,7,AVGO,Broadcom Inc.,392.1300048828125,0.59,0.18,0.22,8,Sehr gut,9,Hoch,24.18,,,,,,,,,,,,,,,,,,
2026-06-22,Long Term,8,NEM,Newmont Corporation,101.8000030517578,0.59,0.18,0.04,8,Sehr gut,10,Hoch,24.18,,,,,,,,,,,,,,,,,,
2026-06-22,Early Play,1,NEM,Newmont Corporation,101.8000030517578,0.59,0.18,0.04,8,Sehr gut,10,Hoch,30.0,,,,,,,,,,,,,,,,,,
2026-06-22,Early Play,2,ORCL,Oracle Corporation,175.07000732421875,0.19,-0.61,0.14,4,Neutral,10,Hoch,30.0,,,,,,,,,,,,,,,,,,
2026-06-22,Early Play,3,HALO,"Halozyme Therapeutics, Inc.",68.98999786376953,0.58,0.15,0.1,8,Sehr gut,10,Hoch,30.0,,,,,,,,,,,,,,,,,,
2026-06-22,Early Play,4,BLK,"BlackRock, Inc.",1051.739990234375,0.48,-0.03,0.09,6,Gut,10,Hoch,28.0,,,,,,,,,,,,,,,,,,
2026-06-22,Early Play,5,AVGO,Broadcom Inc.,392.1300048828125,0.59,0.18,0.22,8,Sehr gut,9,Hoch,28.0,,,,,,,,,,,,,,,,,,
2026-06-22,Early Play,6,RUN,Sunrun Inc.,13.619999885559082,0.46,-0.07,0.1,6,Gut,9,Hoch,26.0,,,,,,,,,,,,,,,,,,
2026-06-22,Early Play,7,V,Visa Inc.,326.6000061035156,0.52,0.04,0.08,6,Gut,8,Hoch,26.0,,,,,,,,,,,,,,,,,,
2026-06-22,Early Play,8,NVDA,NVIDIA Corporation,208.6499938964844,0.71,0.42,0.19,7,Gut,10,Hoch,25.0,,,,,,,,,,,,,,,,,,
2026-06-23,Short Term,1,NVDA,NVIDIA Corporation,200.0399932861328,0.6,0.2,0.14,9,Sehr gut,10,Hoch,20.5,,,,,,,,,,,,,,,,,,
2026-06-23,Short Term,2,FSLR,"First Solar, Inc.",249.2400054931641,0.6,0.19,0.29,9,Sehr gut,10,Hoch,20.5,,,,,,,,,,,,,,,,,,
2026-06-23,Short Term,3,HALO,"Halozyme Therapeutics, Inc.",69.62000274658203,0.6,0.19,0.12,9,Sehr gut,10,Hoch,20.5,,,,,,,,,,,,,,,,,,
2026-06-23,Short Term,4,AVGO,Broadcom Inc.,380.1499938964844,0.52,0.04,0.2,8,Sehr gut,10,Hoch,18.0,,,,,,,,,,,,,,,,,,
2026-06-23,Short Term,5,DB,Deutsche Bank AG,35.18000030517578,0.68,0.36,0.26,8,Sehr gut,5,Mittel,18.0,,,,,,,,,,,,,,,,,,
2026-06-23,Short Term,6,V,Visa Inc.,328.4800109863281,0.55,0.1,0.08,7,Gut,8,Hoch,17.5,,,,,,,,,,,,,,,,,,
2026-06-23,Short Term,7,APO,"Apollo Global Management, Inc. ",130.61000061035156,0.57,0.13,0.18,7,Gut,2,Niedrig,16.5,,,,,,,,,,,,,,,,,,
2026-06-23,Short Term,8,FLYW,Flywire Corporation - Voting,15.609999656677246,0.69,0.39,0.27,7,Gut,4,Niedrig,16.5,,,,,,,,,,,,,,,,,,
2026-06-23,Long Term,1,NVDA,NVIDIA Corporation,200.0399932861328,0.6,0.2,0.14,9,Sehr gut,10,Hoch,26.2,,,,,,,,,,,,,,,,,,
2026-06-23,Long Term,2,FSLR,"First Solar, Inc.",249.2400054931641,0.6,0.19,0.29,9,Sehr gut,10,Hoch,26.2,,,,,,,,,,,,,,,,,,
2026-06-23,Long Term,3,HALO,"Halozyme Therapeutics, Inc.",69.62000274658203,0.6,0.19,0.12,9,Sehr gut,10,Hoch,26.2,,,,,,,,,,,,,,,,,,
2026-06-23,Long Term,4,AVGO,Broadcom Inc.,380.1499938964844,0.52,0.04,0.2,8,Sehr gut,10,Hoch,26.04,,,,,,,,,,,,,,,,,,
2026-06-23,Long Term,5,AFL,AFLAC Incorporated,118.79000091552734,0.98,0.97,0.12,6,Gut,10,Hoch,25.96,,,,,,,,,,,,,,,,,,
2026-06-23,Long Term,6,INCY,Incyte Corporation,104.4000015258789,0.83,0.65,0.15,7,Gut,10,Hoch,25.66,,,,,,,,,,,,,,,,,,
2026-06-23,Long Term,7,NVO,Novo Nordisk A/S,47.41999816894531,0.38,-0.24,0.33,6,Gut,10,Hoch,24.76,,,,,,,,,,,,,,,,,,
2026-06-23,Long Term,8,C,"Citigroup, Inc.",144.97000122070312,0.96,0.91,0.28,6,Gut,9,Hoch,23.92,,,,,,,,,,,,,,,,,,
2026-06-23,Early Play,1,BLK,"BlackRock, Inc.",1015.3300170898438,0.36,-0.28,0.05,5,Neutral,10,Hoch,30.0,,,,,,,,,,,,,,,,,,
2026-06-23,Early Play,2,ORCL,Oracle Corporation,165.16000366210938,0.15,-0.71,0.13,4,Neutral,10,Hoch,30.0,,,,,,,,,,,,,,,,,,
2026-06-23,Early Play,3,AVGO,Broadcom Inc.,380.1499938964844,0.52,0.04,0.2,8,Sehr gut,10,Hoch,30.0,,,,,,,,,,,,,,,,,,
2026-06-23,Early Play,4,V,Visa Inc.,328.4800109863281,0.55,0.1,0.08,7,Gut,8,Hoch,26.0,,,,,,,,,,,,,,,,,,
2026-06-23,Early Play,5,NU,Nu Holdings Ltd.,12.59000015258789,0.18,-0.64,-0.11,0,Riskant,10,Hoch,25.0,,,,,,,,,,,,,,,,,,
2026-06-23,Early Play,6,MSFT,Microsoft Corporation,373.9400024414063,0.09,-0.81,0.01,3,Riskant,9,Hoch,25.0,,,,,,,,,,,,,,,,,,
2026-06-23,Early Play,7,NEM,Newmont Corporation,97.83999633789062,0.54,0.08,-0.01,5,Neutral,10,Hoch,25.0,,,,,,,,,,,,,,,,,,
2026-06-23,Early Play,8,HALO,"Halozyme Therapeutics, Inc.",69.62000274658203,0.6,0.19,0.12,9,Sehr gut,10,Hoch,25.0,,,,,,,,,,,,,,,,,,
2026-06-24,Short Term,1,NVDA,NVIDIA Corporation,199.0,0.57,0.15,0.12,9,Sehr gut,10,Hoch,20.5,,,,,,,,,,,,,,,,,,
2026-06-24,Short Term,2,HALO,"Halozyme Therapeutics, Inc.",71.1500015258789,0.64,0.29,0.13,9,Sehr gut,10,Hoch,20.5,,,,,,,,,,,,,,,,,,
2026-06-24,Short Term,3,FSLR,"First Solar, Inc.",248.3600006103516,0.58,0.16,0.28,9,Sehr gut,10,Hoch,20.5,,,,,,,,,,,,,,,,,,
2026-06-24,Short Term,4,AVGO,Broadcom Inc.,382.0700073242188,0.52,0.04,0.2,8,Sehr gut,10,Hoch,18.0,,,,,,,,,,,,,,,,,,
2026-06-24,Short Term,5,DB,Deutsche Bank AG,34.0,0.58,0.16,0.19,8,Sehr gut,5,Mittel,18.0,,,,,,,,,,,,,,,,,,
2026-06-24,Short Term,6,AXP,American Express Company,342.5599975585937,0.57,0.14,0.14,8,Sehr gut,5,Mittel,18.0,,,,,,,,,,,,,,,,,,
2026-06-24,Short Term,7,V,Visa Inc.,332.2300109863281,0.61,0.22,0.09,7,Gut,8,Hoch,17.5,,,,,,,,,,,,,,,,,,
2026-06-24,Short Term,8,SAIC,Science Applications Internatio,108.47000122070312,0.65,0.3,0.13,7,Gut,4,Niedrig,16.5,,,,,,,,,,,,,,,,,,
2026-06-24,Long Term,1,HALO,"Halozyme Therapeutics, Inc.",71.1500015258789,0.64,0.29,0.13,9,Sehr gut,10,Hoch,26.28,,,,,,,,,,,,,,,,,,
2026-06-24,Long Term,2,FSLR,"First Solar, Inc.",248.3600006103516,0.58,0.16,0.28,9,Sehr gut,10,Hoch,26.16,,,,,,,,,,,,,,,,,,
2026-06-24,Long Term,3,NVDA,NVIDIA Corporation,199.0,0.57,0.15,0.12,9,Sehr gut,10,Hoch,26.14,,,,,,,,,,,,,,,,,,
2026-06-24,Long Term,4,AVGO,Broadcom Inc.,382.0700073242188,0.52,0.04,0.2,8,Sehr gut,10,Hoch,26.04,,,,,,,,,,,,,,,,,,
2026-06-24,Long Term,5,INCY,Incyte Corporation,108.45999908447266,0.92,0.83,0.18,6,Gut,10,Hoch,25.84,,,,,,,,,,,,,,,,,,
2026-06-24,Long Term,6,AFL,AFLAC Incorporated,117.75,0.94,0.88,0.1,5,Neutral,10,Hoch,24.88,,,,,,,,,,,,,,,,,,
2026-06-24,Long Term,7,NVO,Novo Nordisk A/S,47.40999984741211,0.38,-0.24,0.35,6,Gut,10,Hoch,24.76,,,,,,,,,,,,,,,,,,
2026-06-24,Long Term,8,C,"Citigroup, Inc.",143.58999633789062,0.94,0.87,0.26,6,Gut,9,Hoch,23.88,,,,,,,,,,,,,,,,,,
2026-06-24,Early Play,1,NVDA,NVIDIA Corporation,199.0,0.57,0.15,0.12,9,Sehr gut,10,Hoch,30.0,,,,,,,,,,,,,,,,,,
2026-06-24,Early Play,2,ORCL,Oracle Corporation,157.52999877929688,0.11,-0.78,0.08,3,Riskant,10,Hoch,30.0,,,,,,,,,,,,,,,,,,
2026-06-24,Early Play,3,AVGO,Broadcom Inc.,382.0700073242188,0.52,0.04,0.2,8,Sehr gut,10,Hoch,30.0,,,,,,,,,,,,,,,,,,
2026-06-24,Early Play,4,AMSC,American Superconductor Corpora,40.84999847412109,0.35,-0.3,0.22,5,Neutral,9,Hoch,28.0,,,,,,,,,,,,,,,,,,
2026-06-24,Early Play,5,BLK,"BlackRock, Inc.",982.5999755859376,0.24,-0.51,0.01,3,Riskant,10,Hoch,27.0,,,,,,,,,,,,,,,,,,
2026-06-24,Early Play,6,RUN,Sunrun Inc.,14.420000076293944,0.48,-0.04,0.11,7,Gut,9,Hoch,26.0,,,,,,,,,,,,,,,,,,
2026-06-24,Early Play,7,KGC,Kinross Gold Corporation,23.700000762939453,0.37,-0.26,-0.18,2,Riskant,10,Hoch,25.0,,,,,,,,,,,,,,,,,,
2026-06-24,Early Play,8,AEM,Agnico Eagle Mines Limited,153.4600067138672,0.28,-0.43,-0.2,0,Riskant,10,Hoch,25.0,,,,,,,,,,,,,,,,,,
2026-06-25,Short Term,1,HALO,"Halozyme Therapeutics, Inc.",72.63500213623047,0.69,0.38,0.15,9,Sehr gut,10,Hoch,20.5,,,,,,,,,,,,,,,,,,
2026-06-25,Short Term,2,NVDA,NVIDIA Corporation,195.7400054931641,0.52,0.05,0.14,8,Sehr gut,10,Hoch,18.0,,,,,,,,,,,,,,,,,,
2026-06-25,Short Term,3,DB,Deutsche Bank AG,34.380001068115234,0.61,0.22,0.23,8,Sehr gut,5,Mittel,18.0,,,,,,,,,,,,,,,,,,
2026-06-25,Short Term,4,AVGO,Broadcom Inc.,378.9100036621094,0.51,0.01,0.23,8,Sehr gut,10,Hoch,18.0,,,,,,,,,,,,,,,,,,
2026-06-25,Short Term,5,AXP,American Express Company,342.4599914550781,0.57,0.14,0.15,8,Sehr gut,5,Mittel,18.0,,,,,,,,,,,,,,,,,,
2026-06-25,Short Term,6,V,Visa Inc.,330.5199890136719,0.58,0.17,0.08,7,Gut,8,Hoch,17.5,,,,,,,,,,,,,,,,,,
2026-06-25,Short Term,7,AAPL,Apple Inc.,275.1499938964844,0.64,0.29,0.09,7,Gut,8,Hoch,17.5,,,,,,,,,,,,,,,,,,
2026-06-25,Short Term,8,MLM,"Martin Marietta Materials, Inc.",628.9400024414062,0.57,0.13,0.09,7,Gut,8,Hoch,17.5,,,,,,,,,,,,,,,,,,
2026-06-25,Long Term,1,HALO,"Halozyme Therapeutics, Inc.",72.63500213623047,0.69,0.38,0.15,9,Sehr gut,10,Hoch,26.38,,,,,,,,,,,,,,,,,,
2026-06-25,Long Term,2,FSLR,"First Solar, Inc.",248.63999938964844,0.58,0.16,0.34,9,Sehr gut,10,Hoch,26.16,,,,,,,,,,,,,,,,,,
2026-06-25,Long Term,3,NVDA,NVIDIA Corporation,195.7400054931641,0.52,0.05,0.14,8,Sehr gut,10,Hoch,26.04,,,,,,,,,,,,,,,,,,
2026-06-25,Long Term,4,AVGO,Broadcom Inc.,378.9100036621094,0.51,0.01,0.23,8,Sehr gut,10,Hoch,26.02,,,,,,,,,,,,,,,,,,
2026-06-25,Long Term,5,INCY,Incyte Corporation,107.52999877929688,0.9,0.79,0.17,6,Gut,10,Hoch,25.8,,,,,,,,,,,,,,,,,,
2026-06-25,Long Term,6,AFL,AFLAC Incorporated,118.2300033569336,0.92,0.84,0.1,5,Neutral,10,Hoch,24.84,,,,,,,,,,,,,,,,,,
2026-06-25,Long Term,7,C,"Citigroup, Inc.",144.97999572753906,0.96,0.91,0.3,6,Gut,9,Hoch,23.92,,,,,,,,,,,,,,,,,,
2026-06-25,Long Term,8,TSM,Taiwan Semiconductor Manufactur,434.989990234375,0.84,0.68,0.34,6,Gut,9,Hoch,23.68,,,,,,,,,,,,,,,,,,
2026-06-25,Early Play,1,NVDA,NVIDIA Corporation,195.7400054931641,0.52,0.05,0.14,8,Sehr gut,10,Hoch,30.0,,,,,,,,,,,,,,,,,,
2026-06-25,Early Play,2,ORCL,Oracle Corporation,152.4600067138672,0.09,-0.83,0.07,3,Riskant,10,Hoch,30.0,,,,,,,,,,,,,,,,,,
2026-06-25,Early Play,3,AVGO,Broadcom Inc.,378.9100036621094,0.51,0.01,0.23,8,Sehr gut,10,Hoch,30.0,,,,,,,,,,,,,,,,,,
2026-06-25,Early Play,4,BLK,"BlackRock, Inc.",971.9199829101562,0.21,-0.59,0.01,3,Riskant,10,Hoch,27.0,,,,,,,,,,,,,,,,,,
2026-06-25,Early Play,5,MLM,"Martin Marietta Materials, Inc.",628.9400024414062,0.57,0.13,0.09,7,Gut,8,Hoch,26.0,,,,,,,,,,,,,,,,,,
2026-06-25,Early Play,6,RUN,Sunrun Inc.,13.600000381469728,0.42,-0.16,0.1,6,Gut,9,Hoch,26.0,,,,,,,,,,,,,,,,,,
2026-06-25,Early Play,7,V,Visa Inc.,330.5199890136719,0.58,0.17,0.08,7,Gut,8,Hoch,26.0,,,,,,,,,,,,,,,,,,
2026-06-25,Early Play,8,NEM,Newmont Corporation,95.3499984741211,0.51,0.02,-0.04,5,Neutral,10,Hoch,25.0,,,,,,,,,,,,,,,,,,
2026-06-26,Short Term,1,V,Visa Inc.,336.2300109863281,0.67,0.35,0.14,8,Sehr gut,8,Hoch,19.0,,,,,,,,,,,,,,,,,,
2026-06-26,Short Term,2,PGR,Progressive Corporation (The),224.33999633789065,0.57,0.14,0.13,8,Sehr gut,5,Mittel,18.0,,,,,,,,,,,,,,,,,,
2026-06-26,Short Term,3,SEIC,SEI Investments Company,87.25,0.69,0.38,0.16,8,Sehr gut,6,Mittel,18.0,,,,,,,,,,,,,,,,,,
2026-06-26,Short Term,4,FSLR,"First Solar, Inc.",239.07000732421875,0.52,0.04,0.26,8,Sehr gut,10,Hoch,18.0,,,,,,,,,,,,,,,,,,
2026-06-26,Short Term,5,CRH,CRH PLC,112.31999969482422,0.56,0.12,0.11,7,Gut,3,Niedrig,16.5,,,,,,,,,,,,,,,,,,
2026-06-26,Short Term,6,AVGO,Broadcom Inc.,365.0199890136719,0.45,-0.11,0.22,7,Gut,10,Hoch,16.5,,,,,,,,,,,,,,,,,,
2026-06-26,Short Term,7,SAIC,Science Applications Internatio,110.29000091552734,0.69,0.38,0.14,7,Gut,4,Niedrig,16.5,,,,,,,,,,,,,,,,,,
2026-06-26,Short Term,8,PRU,"Prudential Financial, Inc.",108.25,0.68,0.36,0.18,7,Gut,3,Niedrig,16.5,,,,,,,,,,,,,,,,,,
2026-06-26,Long Term,1,FSLR,"First Solar, Inc.",239.07000732421875,0.52,0.04,0.26,8,Sehr gut,10,Hoch,26.04,,,,,,,,,,,,,,,,,,
2026-06-26,Long Term,2,AFL,AFLAC Incorporated,120.1500015258789,1.0,0.99,0.13,6,Gut,10,Hoch,26.0,,,,,,,,,,,,,,,,,,
2026-06-26,Long Term,3,INCY,Incyte Corporation,113.75,0.96,0.93,0.26,6,Gut,10,Hoch,25.92,,,,,,,,,,,,,,,,,,
2026-06-26,Long Term,4,HALO,"Halozyme Therapeutics, Inc.",74.95999908447266,0.77,0.53,0.22,7,Gut,10,Hoch,25.54,,,,,,,,,,,,,,,,,,
2026-06-26,Long Term,5,NVDA,NVIDIA Corporation,192.52999877929688,0.49,-0.03,0.15,7,Gut,10,Hoch,24.98,,,,,,,,,,,,,,,,,,
2026-06-26,Long Term,6,AVGO,Broadcom Inc.,365.0199890136719,0.45,-0.11,0.22,7,Gut,10,Hoch,24.9,,,,,,,,,,,,,,,,,,
2026-06-26,Long Term,7,C,"Citigroup, Inc.",141.75999450683594,0.91,0.81,0.33,6,Gut,9,Hoch,23.82,,,,,,,,,,,,,,,,,,
2026-06-26,Long Term,8,TSM,Taiwan Semiconductor Manufactur,432.3500061035156,0.83,0.66,0.33,6,Gut,9,Hoch,23.66,,,,,,,,,,,,,,,,,,
2026-06-26,Early Play,1,ORCL,Oracle Corporation,148.52999877929688,0.07,-0.87,0.07,3,Riskant,10,Hoch,30.0,,,,,,,,,,,,,,,,,,
2026-06-26,Early Play,2,META,"Meta Platforms, Inc.",550.25,0.11,-0.78,0.05,3,Riskant,10,Hoch,30.0,,,,,,,,,,,,,,,,,,
2026-06-26,Early Play,3,BLK,"BlackRock, Inc.",964.7100219726562,0.18,-0.64,0.04,3,Riskant,10,Hoch,30.0,,,,,,,,,,,,,,,,,,
2026-06-26,Early Play,4,AVGO,Broadcom Inc.,365.0199890136719,0.45,-0.11,0.22,7,Gut,10,Hoch,28.0,,,,,,,,,,,,,,,,,,
2026-06-26,Early Play,5,MSFT,Microsoft Corporation,372.9700012207031,0.12,-0.76,0.05,3,Riskant,9,Hoch,28.0,,,,,,,,,,,,,,,,,,
2026-06-26,Early Play,6,NVDA,NVIDIA Corporation,192.52999877929688,0.49,-0.03,0.15,7,Gut,10,Hoch,28.0,,,,,,,,,,,,,,,,,,
2026-06-26,Early Play,7,AMSC,American Superconductor Corpora,39.72999954223633,0.33,-0.35,0.18,3,Riskant,9,Hoch,28.0,,,,,,,,,,,,,,,,,,
2026-06-26,Early Play,8,RUN,Sunrun Inc.,13.489999771118164,0.41,-0.18,0.07,6,Gut,9,Hoch,26.0,,,,,,,,,,,,,,,,,,
2026-06-27,Short Term,1,V,Visa Inc.,336.2300109863281,0.67,0.35,0.14,8,Sehr gut,8,Hoch,19.0,,,,,,,,,,,,,,,,,,
2026-06-27,Short Term,2,FSLR,"First Solar, Inc.",239.07000732421875,0.52,0.04,0.26,8,Sehr gut,10,Hoch,18.0,,,,,,,,,,,,,,,,,,
2026-06-27,Short Term,3,SEIC,SEI Investments Company,87.25,0.69,0.38,0.16,8,Sehr gut,6,Mittel,18.0,,,,,,,,,,,,,,,,,,
2026-06-27,Short Term,4,PGR,Progressive Corporation (The),224.33999633789065,0.57,0.14,0.13,8,Sehr gut,5,Mittel,18.0,,,,,,,,,,,,,,,,,,
2026-06-27,Short Term,5,NVDA,NVIDIA Corporation,192.52999877929688,0.49,-0.03,0.15,7,Gut,10,Hoch,16.5,,,,,,,,,,,,,,,,,,
2026-06-27,Short Term,6,HRL,Hormel Foods Corporation,26.51000022888184,0.64,0.28,0.17,7,Gut,2,Niedrig,16.5,,,,,,,,,,,,,,,,,,
2026-06-27,Short Term,7,PRU,"Prudential Financial, Inc.",108.25,0.68,0.36,0.18,7,Gut,3,Niedrig,16.5,,,,,,,,,,,,,,,,,,
2026-06-27,Short Term,8,AVGO,Broadcom Inc.,365.0199890136719,0.45,-0.11,0.22,7,Gut,10,Hoch,16.5,,,,,,,,,,,,,,,,,,
2026-06-27,Long Term,1,FSLR,"First Solar, Inc.",239.07000732421875,0.52,0.04,0.26,8,Sehr gut,10,Hoch,26.04,,,,,,,,,,,,,,,,,,
2026-06-27,Long Term,2,AFL,AFLAC Incorporated,120.1500015258789,1.0,0.99,0.13,6,Gut,10,Hoch,26.0,,,,,,,,,,,,,,,,,,
2026-06-27,Long Term,3,INCY,Incyte Corporation,113.75,0.96,0.93,0.26,6,Gut,10,Hoch,25.92,,,,,,,,,,,,,,,,,,
2026-06-27,Long Term,4,HALO,"Halozyme Therapeutics, Inc.",74.95999908447266,0.77,0.53,0.22,7,Gut,10,Hoch,25.54,,,,,,,,,,,,,,,,,,
2026-06-27,Long Term,5,NVDA,NVIDIA Corporation,192.52999877929688,0.49,-0.03,0.15,7,Gut,10,Hoch,24.98,,,,,,,,,,,,,,,,,,
2026-06-27,Long Term,6,AVGO,Broadcom Inc.,365.0199890136719,0.45,-0.11,0.22,7,Gut,10,Hoch,24.9,,,,,,,,,,,,,,,,,,
2026-06-27,Long Term,7,C,"Citigroup, Inc.",141.75999450683594,0.91,0.81,0.33,6,Gut,9,Hoch,23.82,,,,,,,,,,,,,,,,,,
2026-06-27,Long Term,8,TSM,Taiwan Semiconductor Manufactur,432.3500061035156,0.83,0.66,0.33,6,Gut,9,Hoch,23.66,,,,,,,,,,,,,,,,,,
2026-06-27,Early Play,1,BLK,"BlackRock, Inc.",964.7100219726562,0.18,-0.64,0.04,3,Riskant,10,Hoch,30.0,,,,,,,,,,,,,,,,,,
2026-06-27,Early Play,2,ORCL,Oracle Corporation,148.52999877929688,0.07,-0.87,0.07,3,Riskant,10,Hoch,30.0,,,,,,,,,,,,,,,,,,
2026-06-27,Early Play,3,META,"Meta Platforms, Inc.",550.25,0.11,-0.78,0.05,3,Riskant,10,Hoch,30.0,,,,,,,,,,,,,,,,,,
2026-06-27,Early Play,4,MSFT,Microsoft Corporation,372.9700012207031,0.12,-0.76,0.05,3,Riskant,9,Hoch,28.0,,,,,,,,,,,,,,,,,,
2026-06-27,Early Play,5,NVDA,NVIDIA Corporation,192.52999877929688,0.49,-0.03,0.15,7,Gut,10,Hoch,28.0,,,,,,,,,,,,,,,,,,
2026-06-27,Early Play,6,AVGO,Broadcom Inc.,365.0199890136719,0.45,-0.11,0.22,7,Gut,10,Hoch,28.0,,,,,,,,,,,,,,,,,,
2026-06-27,Early Play,7,AMSC,American Superconductor Corpora,39.72999954223633,0.33,-0.35,0.18,3,Riskant,9,Hoch,28.0,,,,,,,,,,,,,,,,,,
2026-06-27,Early Play,8,RUN,Sunrun Inc.,13.489999771118164,0.41,-0.18,0.07,6,Gut,9,Hoch,26.0,,,,,,,,,,,,,,,,,,
2026-06-28,Short Term,1,V,Visa Inc.,336.2300109863281,0.67,0.35,0.14,8,Sehr gut,8,Hoch,19.0,,,,,,,,,,,,,,,,,,
2026-06-28,Short Term,2,FSLR,"First Solar, Inc.",239.07000732421875,0.52,0.04,0.26,8,Sehr gut,10,Hoch,18.0,,,,,,,,,,,,,,,,,,
2026-06-28,Short Term,3,SEIC,SEI Investments Company,87.25,0.69,0.38,0.16,8,Sehr gut,6,Mittel,18.0,,,,,,,,,,,,,,,,,,
2026-06-28,Short Term,4,PGR,Progressive Corporation (The),224.33999633789065,0.57,0.14,0.13,8,Sehr gut,5,Mittel,18.0,,,,,,,,,,,,,,,,,,
2026-06-28,Short Term,5,NVDA,NVIDIA Corporation,192.52999877929688,0.49,-0.03,0.15,7,Gut,10,Hoch,16.5,,,,,,,,,,,,,,,,,,
2026-06-28,Short Term,6,HRL,Hormel Foods Corporation,26.51000022888184,0.64,0.28,0.17,7,Gut,2,Niedrig,16.5,,,,,,,,,,,,,,,,,,
2026-06-28,Short Term,7,PRU,"Prudential Financial, Inc.",108.25,0.68,0.36,0.18,7,Gut,3,Niedrig,16.5,,,,,,,,,,,,,,,,,,
2026-06-28,Short Term,8,AVGO,Broadcom Inc.,365.0199890136719,0.45,-0.11,0.22,7,Gut,10,Hoch,16.5,,,,,,,,,,,,,,,,,,
2026-06-28,Long Term,1,FSLR,"First Solar, Inc.",239.07000732421875,0.52,0.04,0.26,8,Sehr gut,10,Hoch,26.04,,,,,,,,,,,,,,,,,,
2026-06-28,Long Term,2,AFL,AFLAC Incorporated,120.1500015258789,1.0,0.99,0.13,6,Gut,10,Hoch,26.0,,,,,,,,,,,,,,,,,,
2026-06-28,Long Term,3,INCY,Incyte Corporation,113.75,0.96,0.93,0.26,6,Gut,10,Hoch,25.92,,,,,,,,,,,,,,,,,,
2026-06-28,Long Term,4,HALO,"Halozyme Therapeutics, Inc.",74.95999908447266,0.77,0.53,0.22,7,Gut,10,Hoch,25.54,,,,,,,,,,,,,,,,,,
2026-06-28,Long Term,5,NVDA,NVIDIA Corporation,192.52999877929688,0.49,-0.03,0.15,7,Gut,10,Hoch,24.98,,,,,,,,,,,,,,,,,,
2026-06-28,Long Term,6,AVGO,Broadcom Inc.,365.0199890136719,0.45,-0.11,0.22,7,Gut,10,Hoch,24.9,,,,,,,,,,,,,,,,,,
2026-06-28,Long Term,7,C,"Citigroup, Inc.",141.75999450683594,0.91,0.81,0.33,6,Gut,9,Hoch,23.82,,,,,,,,,,,,,,,,,,
2026-06-28,Long Term,8,TSM,Taiwan Semiconductor Manufactur,432.3500061035156,0.83,0.66,0.33,6,Gut,9,Hoch,23.66,,,,,,,,,,,,,,,,,,
2026-06-28,Early Play,1,BLK,"BlackRock, Inc.",964.7100219726562,0.18,-0.64,0.04,3,Riskant,10,Hoch,30.0,,,,,,,,,,,,,,,,,,
2026-06-28,Early Play,2,ORCL,Oracle Corporation,148.52999877929688,0.07,-0.87,0.07,3,Riskant,10,Hoch,30.0,,,,,,,,,,,,,,,,,,
2026-06-28,Early Play,3,META,"Meta Platforms, Inc.",550.25,0.11,-0.78,0.05,3,Riskant,10,Hoch,30.0,,,,,,,,,,,,,,,,,,
2026-06-28,Early Play,4,MSFT,Microsoft Corporation,372.9700012207031,0.12,-0.76,0.05,3,Riskant,9,Hoch,28.0,,,,,,,,,,,,,,,,,,
2026-06-28,Early Play,5,NVDA,NVIDIA Corporation,192.52999877929688,0.49,-0.03,0.15,7,Gut,10,Hoch,28.0,,,,,,,,,,,,,,,,,,
2026-06-28,Early Play,6,AVGO,Broadcom Inc.,365.0199890136719,0.45,-0.11,0.22,7,Gut,10,Hoch,28.0,,,,,,,,,,,,,,,,,,
2026-06-28,Early Play,7,AMSC,American Superconductor Corpora,39.72999954223633,0.33,-0.35,0.18,3,Riskant,9,Hoch,28.0,,,,,,,,,,,,,,,,,,
2026-06-28,Early Play,8,RUN,Sunrun Inc.,13.489999771118164,0.41,-0.18,0.07,6,Gut,9,Hoch,26.0,,,,,,,,,,,,,,,,,,
2026-06-29,Short Term,1,NVDA,NVIDIA Corporation,194.97000122070312,0.51,0.03,0.18,8,Sehr gut,10,Hoch,18.0,,,,,,,,,,,,,,,,,,
2026-06-29,Short Term,2,DB,Deutsche Bank AG,33.810001373291016,0.56,0.12,0.23,8,Sehr gut,5,Mittel,18.0,,,,,,,,,,,,,,,,,,
2026-06-29,Short Term,3,AXP,American Express Company,340.8800048828125,0.55,0.1,0.15,8,Sehr gut,5,Mittel,18.0,,,,,,,,,,,,,,,,,,
2026-06-29,Short Term,4,SEIC,SEI Investments Company,86.48999786376953,0.65,0.29,0.13,8,Sehr gut,6,Mittel,18.0,,,,,,,,,,,,,,,,,,
2026-06-29,Short Term,5,AVGO,Broadcom Inc.,372.4500122070313,0.48,-0.04,0.27,7,Gut,10,Hoch,16.5,,,,,,,,,,,,,,,,,,
2026-06-29,Short Term,6,FSLR,"First Solar, Inc.",232.8000030517578,0.46,-0.09,0.26,7,Gut,10,Hoch,16.5,,,,,,,,,,,,,,,,,,
2026-06-29,Short Term,7,AES,The AES Corporation,14.630000114440918,0.65,0.29,0.06,7,Gut,6,Mittel,16.5,,,,,,,,,,,,,,,,,,
2026-06-29,Short Term,8,PLUS,ePlus inc.,80.48999786376953,0.6,0.2,0.1,7,Gut,5,Mittel,16.5,,,,,,,,,,,,,,,,,,
2026-06-29,Long Term,1,NVDA,NVIDIA Corporation,194.97000122070312,0.51,0.03,0.18,8,Sehr gut,10,Hoch,26.02,,,,,,,,,,,,,,,,,,
2026-06-29,Long Term,2,AFL,AFLAC Incorporated,120.08000183105467,0.99,0.98,0.12,6,Gut,10,Hoch,25.98,,,,,,,,,,,,,,,,,,
2026-06-29,Long Term,3,INCY,Incyte Corporation,114.66000366210938,0.98,0.96,0.27,6,Gut,10,Hoch,25.96,,,,,,,,,,,,,,,,,,
2026-06-29,Long Term,4,HALO,"Halozyme Therapeutics, Inc.",77.18000030517578,0.84,0.68,0.24,7,Gut,10,Hoch,25.68,,,,,,,,,,,,,,,,,,
2026-06-29,Long Term,5,AVGO,Broadcom Inc.,372.4500122070313,0.48,-0.04,0.27,7,Gut,10,Hoch,24.96,,,,,,,,,,,,,,,,,,
2026-06-29,Long Term,6,FSLR,"First Solar, Inc.",232.8000030517578,0.46,-0.09,0.26,7,Gut,10,Hoch,24.92,,,,,,,,,,,,,,,,,,
2026-06-29,Long Term,7,C,"Citigroup, Inc.",142.49000549316406,0.92,0.83,0.33,6,Gut,9,Hoch,23.84,,,,,,,,,,,,,,,,,,
2026-06-29,Long Term,8,MS,Morgan Stanley,211.72000122070312,0.81,0.62,0.34,7,Gut,9,Hoch,23.62,,,,,,,,,,,,,,,,,,
2026-06-29,Early Play,1,ORCL,Oracle Corporation,147.75999450683594,0.06,-0.87,0.07,3,Riskant,10,Hoch,30.0,,,,,,,,,,,,,,,,,,
2026-06-29,Early Play,2,META,"Meta Platforms, Inc.",562.5999755859375,0.16,-0.69,0.05,3,Riskant,10,Hoch,30.0,,,,,,,,,,,,,,,,,,
2026-06-29,Early Play,3,NVDA,NVIDIA Corporation,194.97000122070312,0.51,0.03,0.18,8,Sehr gut,10,Hoch,30.0,,,,,,,,,,,,,,,,,,
2026-06-29,Early Play,4,AMSC,American Superconductor Corpora,39.83000183105469,0.33,-0.34,0.24,3,Riskant,9,Hoch,28.0,,,,,,,,,,,,,,,,,,
2026-06-29,Early Play,5,BLK,"BlackRock, Inc.",950.1699829101562,0.13,-0.74,0.02,3,Riskant,10,Hoch,27.0,,,,,,,,,,,,,,,,,,
2026-06-29,Early Play,6,RUN,Sunrun Inc.,13.479999542236328,0.4,-0.21,0.11,6,Gut,9,Hoch,26.0,,,,,,,,,,,,,,,,,,
2026-06-29,Early Play,7,AFL,AFLAC Incorporated,120.08000183105467,0.99,0.98,0.12,6,Gut,10,Hoch,25.0,,,,,,,,,,,,,,,,,,
2026-06-29,Early Play,8,KGC,Kinross Gold Corporation,23.780000686645508,0.37,-0.26,-0.17,2,Riskant,10,Hoch,25.0,,,,,,,,,,,,,,,,,,
2026-06-30,Short Term,1,NVDA,NVIDIA Corporation,200.08999633789065,0.57,0.15,0.15,9,Sehr gut,10,Hoch,20.5,,,,,,,,,,,,,,,,,,
2026-06-30,Short Term,2,DB,Deutsche Bank AG,33.7599983215332,0.56,0.12,0.17,8,Sehr gut,5,Mittel,18.0,,,,,,,,,,,,,,,,,,
2026-06-30,Short Term,3,STLD,"Steel Dynamics, Inc.",229.4600067138672,0.65,0.3,0.27,8,Sehr gut,5,Mittel,18.0,,,,,,,,,,,,,,,,,,
2026-06-30,Short Term,4,PLUS,ePlus inc.,83.2300033569336,0.68,0.37,0.11,8,Sehr gut,5,Mittel,18.0,,,,,,,,,,,,,,,,,,
2026-06-30,Short Term,5,HEINY,Heineken N.V.,42.130001068115234,0.55,0.11,0.11,7,Gut,3,Niedrig,16.5,,,,,,,,,,,,,,,,,,
2026-06-30,Short Term,6,AVGO,Broadcom Inc.,377.75,0.5,0.0,0.22,7,Gut,10,Hoch,16.5,,,,,,,,,,,,,,,,,,
2026-06-30,Short Term,7,FSLR,"First Solar, Inc.",235.9600067138672,0.48,-0.05,0.2,7,Gut,10,Hoch,16.5,,,,,,,,,,,,,,,,,,
2026-06-30,Short Term,8,PRU,"Prudential Financial, Inc.",107.93000030517578,0.67,0.33,0.12,7,Gut,3,Niedrig,16.5,,,,,,,,,,,,,,,,,,
2026-06-30,Long Term,1,NVDA,NVIDIA Corporation,200.08999633789065,0.57,0.15,0.15,9,Sehr gut,10,Hoch,26.14,,,,,,,,,,,,,,,,,,
2026-06-30,Long Term,2,INCY,Incyte Corporation,113.36000061035156,0.95,0.91,0.2,6,Gut,10,Hoch,25.9,,,,,,,,,,,,,,,,,,
2026-06-30,Long Term,3,HALO,"Halozyme Therapeutics, Inc.",78.2699966430664,0.87,0.74,0.21,6,Gut,10,Hoch,25.74,,,,,,,,,,,,,,,,,,
2026-06-30,Long Term,4,AVGO,Broadcom Inc.,377.75,0.5,0.0,0.22,7,Gut,10,Hoch,25.0,,,,,,,,,,,,,,,,,,
2026-06-30,Long Term,5,FSLR,"First Solar, Inc.",235.9600067138672,0.48,-0.05,0.2,7,Gut,10,Hoch,24.96,,,,,,,,,,,,,,,,,,
2026-06-30,Long Term,6,NVO,Novo Nordisk A/S,47.93999862670898,0.39,-0.21,0.3,6,Gut,10,Hoch,24.78,,,,,,,,,,,,,,,,,,
2026-06-30,Long Term,7,C,"Citigroup, Inc.",139.9600067138672,0.88,0.75,0.24,6,Gut,9,Hoch,23.76,,,,,,,,,,,,,,,,,,
2026-06-30,Long Term,8,GOOGL,Alphabet Inc.,357.3699951171875,0.78,0.57,0.24,6,Gut,9,Hoch,23.56,,,,,,,,,,,,,,,,,,
2026-06-30,Early Play,1,NVDA,NVIDIA Corporation,200.08999633789065,0.57,0.15,0.15,9,Sehr gut,10,Hoch,30.0,,,,,,,,,,,,,,,,,,
2026-06-30,Early Play,2,AVGO,Broadcom Inc.,377.75,0.5,0.0,0.22,7,Gut,10,Hoch,28.0,,,,,,,,,,,,,,,,,,
2026-06-30,Early Play,3,FSLR,"First Solar, Inc.",235.9600067138672,0.48,-0.05,0.2,7,Gut,10,Hoch,28.0,,,,,,,,,,,,,,,,,,
2026-06-30,Early Play,4,AMSC,American Superconductor Corpora,41.5099983215332,0.36,-0.27,0.23,5,Neutral,9,Hoch,28.0,,,,,,,,,,,,,,,,,,
2026-06-30,Early Play,5,BLK,"BlackRock, Inc.",961.5599975585938,0.17,-0.66,0.01,3,Riskant,10,Hoch,27.0,,,,,,,,,,,,,,,,,,
2026-06-30,Early Play,6,WPM,Wheaton Precious Metals Corp,112.31999969482422,0.34,-0.32,-0.14,0,Riskant,10,Hoch,25.0,,,,,,,,,,,,,,,,,,
2026-06-30,Early Play,7,AFL,AFLAC Incorporated,117.25,0.88,0.76,0.07,5,Neutral,10,Hoch,25.0,,,,,,,,,,,,,,,,,,
2026-06-30,Early Play,8,INCY,Incyte Corporation,113.36000061035156,0.95,0.91,0.2,6,Gut,10,Hoch,25.0,,,,,,,,,,,,,,,,,,
2026-07-01,Short Term,1,NVDA,NVIDIA Corporation,197.5800018310547,0.54,0.07,0.13,8,Sehr gut,10,Hoch,18.0,,,,,,,,,,,,,,,,,,
2026-07-01,Short Term,2,DB,Deutsche Bank AG,33.86000061035156,0.57,0.13,0.15,8,Sehr gut,5,Mittel,18.0,,,,,,,,,,,,,,,,,,
2026-07-01,Short Term,3,PGR,Progressive Corporation (The),225.3000030517578,0.63,0.25,0.17,8,Sehr gut,5,Mittel,18.0,,,,,,,,,,,,,,,,,,
2026-07-01,Short Term,4,AXP,American Express Company,348.0,0.62,0.25,0.16,8,Sehr gut,5,Mittel,18.0,,,,,,,,,,,,,,,,,,
2026-07-01,Short Term,5,NUE,Nucor Corporation,219.0200042724609,0.63,0.27,0.26,8,Sehr gut,6,Mittel,18.0,,,,,,,,,,,,,,,,,,
2026-07-01,Short Term,6,STLD,"Steel Dynamics, Inc.",221.759994506836,0.61,0.22,0.22,8,Sehr gut,5,Mittel,18.0,,,,,,,,,,,,,,,,,,
2026-07-01,Short Term,7,AVGO,Broadcom Inc.,369.3399963378906,0.46,-0.07,0.18,7,Gut,10,Hoch,16.5,,,,,,,,,,,,,,,,,,
2026-07-01,Short Term,8,AMZN,"Amazon.com, Inc.",241.6999969482422,0.55,0.11,0.15,7,Gut,5,Mittel,16.5,,,,,,,,,,,,,,,,,,
2026-07-01,Long Term,1,NVDA,NVIDIA Corporation,197.5800018310547,0.54,0.07,0.13,8,Sehr gut,10,Hoch,26.08,,,,,,,,,,,,,,,,,,
2026-07-01,Long Term,2,INCY,Incyte Corporation,113.80999755859376,0.96,0.91,0.21,6,Gut,10,Hoch,25.92,,,,,,,,,,,,,,,,,,
2026-07-01,Long Term,3,HALO,"Halozyme Therapeutics, Inc.",77.01000213623047,0.82,0.65,0.18,7,Gut,10,Hoch,25.64,,,,,,,,,,,,,,,,,,
2026-07-01,Long Term,4,AVGO,Broadcom Inc.,369.3399963378906,0.46,-0.07,0.18,7,Gut,10,Hoch,24.92,,,,,,,,,,,,,,,,,,
2026-07-01,Long Term,5,FSLR,"First Solar, Inc.",232.0800018310547,0.45,-0.1,0.16,7,Gut,10,Hoch,24.9,,,,,,,,,,,,,,,,,,
2026-07-01,Long Term,6,AFL,AFLAC Incorporated,118.48999786376952,0.93,0.86,0.09,5,Neutral,10,Hoch,24.86,,,,,,,,,,,,,,,,,,
2026-07-01,Long Term,7,NVO,Novo Nordisk A/S,48.77000045776367,0.42,-0.16,0.34,7,Gut,10,Hoch,24.84,,,,,,,,,,,,,,,,,,
2026-07-01,Long Term,8,C,"Citigroup, Inc.",140.1300048828125,0.88,0.76,0.22,6,Gut,9,Hoch,23.76,,,,,,,,,,,,,,,,,,
2026-07-01,Early Play,1,NVDA,NVIDIA Corporation,197.5800018310547,0.54,0.07,0.13,8,Sehr gut,10,Hoch,30.0,,,,,,,,,,,,,,,,,,
2026-07-01,Early Play,2,META,"Meta Platforms, Inc.",612.9099731445312,0.34,-0.32,0.06,3,Riskant,10,Hoch,30.0,,,,,,,,,,,,,,,,,,
2026-07-01,Early Play,3,MSFT,Microsoft Corporation,384.2799987792969,0.17,-0.65,0.04,3,Riskant,9,Hoch,28.0,,,,,,,,,,,,,,,,,,
2026-07-01,Early Play,4,AVGO,Broadcom Inc.,369.3399963378906,0.46,-0.07,0.18,7,Gut,10,Hoch,28.0,,,,,,,,,,,,,,,,,,
2026-07-01,Early Play,5,FSLR,"First Solar, Inc.",232.0800018310547,0.45,-0.1,0.16,7,Gut,10,Hoch,28.0,,,,,,,,,,,,,,,,,,
2026-07-01,Early Play,6,AMSC,American Superconductor Corpora,39.91999816894531,0.33,-0.34,0.22,3,Riskant,9,Hoch,28.0,,,,,,,,,,,,,,,,,,
2026-07-01,Early Play,7,BLK,"BlackRock, Inc.",980.3800048828124,0.24,-0.53,0.03,3,Riskant,10,Hoch,27.0,,,,,,,,,,,,,,,,,,
2026-07-01,Early Play,8,AEM,Agnico Eagle Mines Limited,154.85000610351562,0.29,-0.42,-0.26,0,Riskant,10,Hoch,25.0,,,,,,,,,,,,,,,,,,
2026-07-02,Short Term,1,NUE,Nucor Corporation,220.75,0.65,0.29,0.28,8,Sehr gut,6,Mittel,18.0,,,,,,,,,,,,,,,,,,
2026-07-02,Short Term,2,AXP,American Express Company,351.9599914550781,0.66,0.33,0.17,8,Sehr gut,5,Mittel,18.0,,,,,,,,,,,,,,,,,,
2026-07-02,Short Term,3,STLD,"Steel Dynamics, Inc.",220.38999938964844,0.6,0.2,0.23,8,Sehr gut,5,Mittel,18.0,,,,,,,,,,,,,,,,,,
2026-07-02,Short Term,4,MA,Mastercard Incorporated,539.3900146484375,0.56,0.11,0.1,7,Gut,8,Hoch,17.5,,,,,,,,,,,,,,,,,,
2026-07-02,Short Term,5,FSLR,"First Solar, Inc.",224.57000732421875,0.4,-0.2,0.15,7,Gut,10,Hoch,16.5,,,,,,,,,,,,,,,,,,
2026-07-02,Short Term,6,AVGO,Broadcom Inc.,360.4500122070313,0.41,-0.18,0.15,7,Gut,10,Hoch,16.5,,,,,,,,,,,,,,,,,,
2026-07-02,Short Term,7,GPN,Global Payments Inc.,78.62999725341797,0.62,0.24,0.23,7,Gut,4,Niedrig,16.5,,,,,,,,,,,,,,,,,,
2026-07-02,Short Term,8,OMCL,"Omnicell, Inc.",43.02999877929688,0.57,0.15,0.26,7,Gut,3,Niedrig,16.5,,,,,,,,,,,,,,,,,,
2026-07-02,Long Term,1,INCY,Incyte Corporation,116.86000061035156,0.96,0.93,0.22,6,Gut,10,Hoch,25.92,,,,,,,,,,,,,,,,,,
2026-07-02,Long Term,2,HALO,"Halozyme Therapeutics, Inc.",79.44999694824219,0.9,0.81,0.23,6,Gut,10,Hoch,25.8,,,,,,,,,,,,,,,,,,
2026-07-02,Long Term,3,AFL,AFLAC Incorporated,120.87999725341795,1.0,1.0,0.1,5,Neutral,10,Hoch,25.0,,,,,,,,,,,,,,,,,,
2026-07-02,Long Term,4,NVDA,NVIDIA Corporation,194.8300018310547,0.48,-0.05,0.1,6,Gut,10,Hoch,24.96,,,,,,,,,,,,,,,,,,
2026-07-02,Long Term,5,AVGO,Broadcom Inc.,360.4500122070313,0.41,-0.18,0.15,7,Gut,10,Hoch,24.82,,,,,,,,,,,,,,,,,,
2026-07-02,Long Term,6,FSLR,"First Solar, Inc.",224.57000732421875,0.4,-0.2,0.15,7,Gut,10,Hoch,24.8,,,,,,,,,,,,,,,,,,
2026-07-02,Long Term,7,C,"Citigroup, Inc.",139.97000122070312,0.88,0.75,0.22,6,Gut,9,Hoch,23.76,,,,,,,,,,,,,,,,,,
2026-07-02,Long Term,8,MS,Morgan Stanley,213.92999267578125,0.83,0.66,0.3,7,Gut,9,Hoch,23.66,,,,,,,,,,,,,,,,,,
2026-07-02,Early Play,1,BLK,"BlackRock, Inc.",995.72998046875,0.29,-0.42,0.04,3,Riskant,10,Hoch,30.0,,,,,,,,,,,,,,,,,,
2026-07-02,Early Play,2,NVDA,NVIDIA Corporation,194.8300018310547,0.48,-0.05,0.1,6,Gut,10,Hoch,28.0,,,,,,,,,,,,,,,,,,
2026-07-02,Early Play,3,AMSC,American Superconductor Corpora,37.11000061035156,0.27,-0.46,0.16,3,Riskant,9,Hoch,28.0,,,,,,,,,,,,,,,,,,
2026-07-02,Early Play,4,FSLR,"First Solar, Inc.",224.57000732421875,0.4,-0.2,0.15,7,Gut,10,Hoch,28.0,,,,,,,,,,,,,,,,,,
2026-07-02,Early Play,5,AVGO,Broadcom Inc.,360.4500122070313,0.41,-0.18,0.15,7,Gut,10,Hoch,28.0,,,,,,,,,,,,,,,,,,
2026-07-02,Early Play,6,META,"Meta Platforms, Inc.",582.9000244140625,0.23,-0.54,0.02,3,Riskant,10,Hoch,27.0,,,,,,,,,,,,,,,,,,
2026-07-02,Early Play,7,MSFT,Microsoft Corporation,390.489990234375,0.2,-0.59,0.05,2,Riskant,8,Hoch,26.0,,,,,,,,,,,,,,,,,,
2026-07-02,Early Play,8,MA,Mastercard Incorporated,539.3900146484375,0.56,0.11,0.1,7,Gut,8,Hoch,26.0,,,,,,,,,,,,,,,,,,
2026-07-03,Ranking Attraktiv,1,TDG,Transdigm Group Incorporated,,0.57,,0.16,8,Sehr gut,5,Mittel,8.0,1348.489990234375,0.14,0.11,0.1,0.09,0.05,363100.0,404955.0,0.9,Normal,Watchlist Zone,21.21,22.0,28.0,Industrials,Aerospace,Attraktiv,False
2026-07-03,Ranking Attraktiv,2,AIG,"American International Group, I",,0.57,,0.06,8,Sehr gut,5,Mittel,8.0,79.38999938964844,0.14,0.1,0.09,0.05,0.04,3491800.0,4903185.0,0.71,Normal,Watchlist Zone,21.21,21.0,27.0,Finance,Insurance,Attraktiv,False
2026-07-03,Ranking Attraktiv,3,ENTG,"Entegris, Inc.",,0.66,,0.26,7,Gut,3,Niedrig,7.0,146.66000366210938,0.32,0.05,0.05,-0.01,0.27,5907000.0,3932435.0,1.5,Normal,Watchlist Zone,18.98,16.5,13.0,AI / Tech,Semiconductor Materials,Attraktiv,False
2026-07-03,Ranking Attraktiv,4,DB,Deutsche Bank AG,,0.73,,0.25,7,Gut,5,Mittel,7.0,35.86000061035156,0.47,0.15,0.11,0.12,0.07,3499400.0,2959115.0,1.18,Normal,Hold Zone,17.205,21.0,17.0,Finance,Banks,Attraktiv,False
2026-07-03,Ranking Attraktiv,5,PGR,Progressive Corporation (The),,0.77,,0.19,7,Gut,5,Mittel,7.0,232.22000122070312,0.53,0.2,0.19,0.14,0.12,3107700.0,3702380.0,0.84,Normal,Hold Zone,17.295,21.0,15.0,Finance,Insurance,Attraktiv,False
2026-07-03,Ranking Attraktiv,6,S,"SentinelOne, Inc.",,0.59,,0.31,7,Gut,2,Niedrig,7.0,17.510000228881836,0.19,0.07,0.06,0.09,0.13,5318900.0,6352705.0,0.84,Normal,Watchlist Zone,14.785,18.5,14.0,AI / Tech,Cybersecurity,Attraktiv,False
2026-07-03,Ranking Attraktiv,7,RARE,Ultragenyx Pharmaceutical Inc.,,0.63,,0.49,6,Gut,1,Niedrig,6.0,33.470001220703125,0.26,0.49,0.44,0.31,0.24,1239000.0,3059965.0,0.4,Normal,Watchlist Zone,10.39,7.0,-4.0,Healthcare,Biotech,Attraktiv,False
2026-07-03,Ranking Attraktiv,8,BA,Boeing Company (The),,0.64,,0.09,6,Gut,1,Niedrig,6.0,226.4900054931641,0.28,0.08,0.04,0.01,0.04,6055000.0,5999905.0,1.01,Normal,Watchlist Zone,18.42,12.0,15.0,Industrials,Aerospace,Attraktiv,False
2026-07-03,Ranking Attraktiv,9,HWM,Howmet Aerospace Inc.,,0.83,,0.16,6,Gut,7,Mittel,6.0,270.4100036621094,0.67,0.09,0.08,0.04,0.19,2292600.0,3714535.0,0.62,Normal,Hold Zone,17.005,23.0,26.0,Industrials,Aerospace,Attraktiv,False
2026-07-03,Ranking Attraktiv,10,RHHBY,Roche Holding Ltd,,0.74,,0.06,6,Gut,6,Mittel,6.0,53.040000915527344,0.47,0.08,0.03,0.04,0.08,2082300.0,1816120.0,1.15,Normal,Hold Zone,15.705,22.0,25.0,Healthcare,Pharma,Attraktiv,False
2026-07-03,Ranking Attraktiv,11,BMRN,BioMarin Pharmaceutical Inc.,,0.57,,0.06,6,Gut,2,Niedrig,6.0,58.9900016784668,0.14,0.08,0.04,0.08,0.06,1483600.0,2078805.0,0.71,Normal,Watchlist Zone,18.21,13.0,21.0,Healthcare,Biotech,Attraktiv,False
2026-07-03,Ranking Attraktiv,12,HIG,"The Hartford Insurance Group, I",,0.79,,0.02,6,Gut,6,Mittel,6.0,137.85000610351562,0.58,0.09,0.08,0.04,0.04,1787300.0,1895230.0,0.94,Normal,Hold Zone,14.87,22.0,22.0,Finance,Insurance,Attraktiv,False
2026-07-03,Short Term Top 8,1,AXP,American Express Company,,0.67,,0.18,9,Sehr gut,5,Mittel,23.025,351.9599914550781,0.35,0.17,0.13,0.1,0.05,2441200.0,3175185.0,0.77,Normal,Watchlist Zone,23.025,22.0,22.0,Finance,Fintech,Review,False
2026-07-03,Short Term Top 8,2,MA,Mastercard Incorporated,,0.56,,0.1,8,Sehr gut,8,Hoch,22.165,539.3900146484375,0.11,0.14,0.12,0.08,0.02,3900700.0,4271030.0,0.91,Normal,Watchlist Zone,22.165,29.0,34.0,Finance,Fintech,Review,True
2026-07-03,Short Term Top 8,3,AIG,"American International Group, I",,0.57,,0.06,8,Sehr gut,5,Mittel,21.21,79.38999938964844,0.14,0.1,0.09,0.05,0.04,3491800.0,4903185.0,0.71,Normal,Watchlist Zone,21.21,21.0,27.0,Finance,Insurance,Attraktiv,False
2026-07-03,Short Term Top 8,4,TDG,Transdigm Group Incorporated,,0.57,,0.16,8,Sehr gut,5,Mittel,21.21,1348.489990234375,0.14,0.11,0.1,0.09,0.05,363100.0,404955.0,0.9,Normal,Watchlist Zone,21.21,22.0,28.0,Industrials,Defense,Review,False
2026-07-03,Short Term Top 8,5,GPN,Global Payments Inc.,,0.62,,0.23,8,Sehr gut,4,Niedrig,20.36,78.62999725341797,0.24,0.16,0.16,0.13,0.05,4358600.0,4208595.0,1.04,Normal,Watchlist Zone,20.36,19.0,19.0,Finance,Fintech,Review,False
2026-07-03,Short Term Top 8,6,VMC,Vulcan Materials Company (Holdi,,0.66,,0.09,7,Gut,5,Mittel,19.98,303.19000244140625,0.32,0.06,0.07,0.06,0.04,1340400.0,1339715.0,1.0,Normal,Watchlist Zone,19.98,21.0,23.0,Industrials,Infrastructure & Construction,Hold,False
2026-07-03,Short Term Top 8,7,ENTG,"Entegris, Inc.",,0.66,,0.26,7,Gut,3,Niedrig,18.98,146.66000366210938,0.32,0.05,0.05,-0.01,0.27,5907000.0,3932435.0,1.5,Normal,Watchlist Zone,18.98,16.5,13.0,AI / Tech,Semiconductor Materials,Attraktiv,False
2026-07-03,Short Term Top 8,8,WFC,Wells Fargo & Company,,0.53,,0.07,7,Gut,6,Mittel,18.59,85.51000213623047,0.06,0.09,0.05,0.07,0.02,10783800.0,15601980.0,0.69,Normal,Transition Zone,18.59,22.0,29.0,Finance,Banks,Hold,False
2026-07-03,Long Term Entry Top 8,1,NVO,Novo Nordisk A/S,,0.47,,0.36,8,Sehr gut,10,Hoch,31.0,50.43000030517578,-0.07,0.2,0.15,0.13,0.08,12080200.0,13337595.0,0.91,Normal,Transition Zone,15.0,31.0,23.0,Healthcare,Pharma,Review,True
2026-07-03,Long Term Entry Top 8,2,HALO,"Halozyme Therapeutics, Inc.",,0.9,,0.23,7,Gut,10,Hoch,30.0,79.44999694824219,0.81,0.14,0.11,0.15,0.15,1566200.0,1855475.0,0.84,Normal,Upper Range,14.715,30.0,31.0,Healthcare,Biotech,Hold,True
2026-07-03,Long Term Entry Top 8,3,MA,Mastercard Incorporated,,0.56,,0.1,8,Sehr gut,8,Hoch,29.0,539.3900146484375,0.11,0.14,0.12,0.08,0.02,3900700.0,4271030.0,0.91,Normal,Watchlist Zone,22.165,29.0,34.0,Finance,Fintech,Review,True
2026-07-03,Long Term Entry Top 8,4,C,"Citigroup, Inc.",,0.88,,0.22,7,Gut,9,Hoch,28.0,139.97000122070312,0.75,0.08,0.04,0.06,0.22,9501100.0,14037905.0,0.68,Normal,Upper Range,15.625,28.0,30.0,Finance,Banks,Hold,True
2026-07-03,Long Term Entry Top 8,5,TPR,"Tapestry, Inc.",,0.78,,0.02,6,Gut,6,Mittel,26.5,144.2100067138672,0.55,0.04,0.03,0.02,0.1,2705700.0,3072070.0,0.88,Normal,Hold Zone,13.825,26.5,22.0,Consumer & Retail,Luxury & Brands,Review,False
2026-07-03,Long Term Entry Top 8,6,AFL,AFLAC Incorporated,,1.0,,0.1,6,Gut,10,Hoch,26.0,120.87999725341795,1.0,0.06,0.05,0.04,0.09,1762400.0,2806890.0,0.63,Normal,Upper Range,14.5,26.0,32.0,Finance,Insurance,Hold,True
2026-07-03,Long Term Entry Top 8,7,CPA,"Copa Holdings, S.A.",,0.87,,0.35,7,Gut,8,Hoch,26.0,152.64999389648438,0.74,0.12,0.15,0.14,0.22,256600.0,343120.0,0.75,Normal,Upper Range,9.61,26.0,18.0,Industrials,Aerospace,Hold,True
2026-07-03,Long Term Entry Top 8,8,BUD,Anheuser-Busch Inbev SA Sponsor,,0.86,,0.16,6,Gut,6,Mittel,25.5,81.33000183105469,0.71,0.03,0.04,0.02,0.17,3167400.0,2446330.0,1.29,Normal,Upper Range,12.065,25.5,27.0,Consumer & Retail,Food & Beverages,Hold,False
2026-07-03,Early Play,1,GOLD,"Gold.com, Inc.",,0.52,,0.07,6,Gut,4,Niedrig,26.0,43.9900016784668,0.04,0.12,0.07,0.04,0.13,459400.0,427545.0,1.07,Normal,Transition Zone,17.060000000000002,14.0,26.0,Real Assets,Commodities & Mining,Review,False
2026-07-03,Early Play,2,RHHBY,Roche Holding Ltd,,0.74,,0.06,6,Gut,6,Mittel,25.0,53.040000915527344,0.47,0.08,0.03,0.04,0.08,2082300.0,1816120.0,1.15,Normal,Hold Zone,15.705,22.0,25.0,Healthcare,Pharma,Attraktiv,False
2026-07-03,Early Play,3,SFM,"Sprouts Farmers Market, Inc.",,0.24,,0.16,2,Riskant,2,Niedrig,22.0,89.94000244140625,-0.53,0.14,0.12,0.09,0.07,2449100.0,2288600.0,1.07,Normal,Weak Zone,5.0,6.0,22.0,Real Assets,Agriculture,Review,False
2026-07-03,Early Play,4,PATH,"UiPath, Inc.",,0.24,,0.04,2,Riskant,4,Niedrig,20.0,11.710000038146973,-0.53,0.0,0.0,0.09,-0.1,58404000.0,51530960.0,1.13,Normal,Weak Zone,1.0,14.5,20.0,AI / Tech,Robotics & Automation,Review,False
2026-07-03,Early Play,5,SE,Sea Limited,,0.21,,0.26,3,Riskant,4,Niedrig,20.0,103.3000030517578,-0.57,0.15,0.12,0.16,-0.13,7398500.0,3823665.0,1.93,Normal,Weak Zone,5.5,16.5,20.0,Consumer & Retail,E-Commerce,Review,False
2026-07-03,Early Play,6,HMC,"Honda Motor Company, Ltd.",,0.41,,0.16,6,Gut,3,Niedrig,20.0,28.020000457763672,-0.18,0.01,0.0,0.08,-0.02,3395800.0,2179150.0,1.56,Normal,Transition Zone,15.0,11.0,20.0,Mobility & Transport Tech,Electric Vehicles,Review,False
2026-07-03,Early Play,7,BNTX,BioNTech SE,,0.41,,0.07,3,Riskant,0,Niedrig,18.0,97.54499816894533,-0.19,0.1,0.09,0.04,-0.02,1390600.0,1040940.0,1.34,Normal,Transition Zone,12.5,4.0,18.0,Healthcare,Biotech,Review,False
2026-07-03,Early Play,8,DB,Deutsche Bank AG,,0.73,,0.25,7,Gut,5,Mittel,17.0,35.86000061035156,0.47,0.15,0.11,0.12,0.07,3499400.0,2959115.0,1.18,Normal,Hold Zone,17.205,21.0,17.0,Finance,Banks,Attraktiv,False
2026-07-04,Ranking Attraktiv,1,TDG,Transdigm Group Incorporated,,0.57,,0.16,8,Sehr gut,5,Mittel,8.0,1348.489990234375,0.14,0.11,0.1,0.09,0.05,363100.0,404955.0,0.9,Normal,Watchlist Zone,21.21,22.0,28.0,Industrials,Aerospace,Attraktiv,False
2026-07-04,Ranking Attraktiv,2,AIG,"American International Group, I",,0.57,,0.06,8,Sehr gut,5,Mittel,8.0,79.38999938964844,0.14,0.1,0.09,0.05,0.04,3491800.0,4903185.0,0.71,Normal,Watchlist Zone,21.21,21.0,27.0,Finance,Insurance,Attraktiv,False
2026-07-04,Ranking Attraktiv,3,ENTG,"Entegris, Inc.",,0.66,,0.26,7,Gut,3,Niedrig,7.0,146.66000366210938,0.32,0.05,0.05,-0.01,0.27,5905100.0,3932340.0,1.5,Normal,Watchlist Zone,18.98,16.5,13.0,AI / Tech,Semiconductor Materials,Attraktiv,False
2026-07-04,Ranking Attraktiv,4,DB,Deutsche Bank AG,,0.73,,0.25,7,Gut,5,Mittel,7.0,35.86000061035156,0.47,0.15,0.11,0.12,0.07,3499400.0,2959115.0,1.18,Normal,Hold Zone,17.205,21.0,17.0,Finance,Banks,Attraktiv,False
2026-07-04,Ranking Attraktiv,5,PGR,Progressive Corporation (The),,0.77,,0.19,7,Gut,5,Mittel,7.0,232.22000122070312,0.53,0.2,0.19,0.14,0.12,3107700.0,3702380.0,0.84,Normal,Hold Zone,17.295,21.0,15.0,Finance,Insurance,Attraktiv,False
2026-07-04,Ranking Attraktiv,6,S,"SentinelOne, Inc.",,0.59,,0.31,7,Gut,2,Niedrig,7.0,17.510000228881836,0.19,0.07,0.06,0.09,0.13,5318900.0,6352705.0,0.84,Normal,Watchlist Zone,14.785,18.5,14.0,AI / Tech,Cybersecurity,Attraktiv,False
2026-07-04,Ranking Attraktiv,7,BA,Boeing Company (The),,0.64,,0.09,6,Gut,1,Niedrig,6.0,226.4900054931641,0.28,0.08,0.04,0.01,0.04,6050800.0,5999695.0,1.01,Normal,Watchlist Zone,18.42,12.0,15.0,Industrials,Aerospace,Attraktiv,False
2026-07-04,Ranking Attraktiv,8,HIG,"The Hartford Insurance Group, I",,0.77,,0.01,6,Gut,6,Mittel,6.0,137.85000610351562,0.53,0.09,0.08,0.04,0.03,1787300.0,1895230.0,0.94,Normal,Hold Zone,14.795,22.0,22.0,Finance,Insurance,Attraktiv,False
2026-07-04,Ranking Attraktiv,9,HWM,Howmet Aerospace Inc.,,0.83,,0.16,6,Gut,7,Mittel,6.0,270.4100036621094,0.67,0.09,0.08,0.04,0.19,2292600.0,3714535.0,0.62,Normal,Hold Zone,17.005,23.0,26.0,Industrials,Aerospace,Attraktiv,False
2026-07-04,Ranking Attraktiv,10,RARE,Ultragenyx Pharmaceutical Inc.,,0.63,,0.49,6,Gut,1,Niedrig,6.0,33.470001220703125,0.26,0.49,0.44,0.31,0.24,1239000.0,3059965.0,0.4,Normal,Watchlist Zone,10.39,7.0,-4.0,Healthcare,Biotech,Attraktiv,False
2026-07-04,Ranking Attraktiv,11,RHHBY,Roche Holding Ltd,,0.74,,0.06,6,Gut,6,Mittel,6.0,53.040000915527344,0.47,0.08,0.03,0.04,0.08,2082300.0,1816120.0,1.15,Normal,Hold Zone,15.705,22.0,25.0,Healthcare,Pharma,Attraktiv,False
2026-07-04,Ranking Attraktiv,12,BMRN,BioMarin Pharmaceutical Inc.,,0.57,,0.06,6,Gut,2,Niedrig,6.0,58.9900016784668,0.14,0.08,0.04,0.08,0.06,1481600.0,2078705.0,0.71,Normal,Watchlist Zone,18.21,13.0,21.0,Healthcare,Biotech,Attraktiv,False
2026-07-04,Short Term Top 8,1,AXP,American Express Company,,0.67,,0.18,9,Sehr gut,5,Mittel,23.025,351.9599914550781,0.35,0.17,0.13,0.1,0.05,2440600.0,3175155.0,0.77,Normal,Watchlist Zone,23.025,22.0,22.0,Finance,Fintech,Review,False
2026-07-04,Short Term Top 8,2,MA,Mastercard Incorporated,,0.56,,0.1,8,Sehr gut,8,Hoch,22.165,539.3900146484375,0.11,0.14,0.12,0.08,0.02,3900200.0,4271005.0,0.91,Normal,Watchlist Zone,22.165,29.0,34.0,Finance,Fintech,Review,True
2026-07-04,Short Term Top 8,3,AIG,"American International Group, I",,0.57,,0.06,8,Sehr gut,5,Mittel,21.21,79.38999938964844,0.14,0.1,0.09,0.05,0.04,3491800.0,4903185.0,0.71,Normal,Watchlist Zone,21.21,21.0,27.0,Finance,Insurance,Attraktiv,False
2026-07-04,Short Term Top 8,4,TDG,Transdigm Group Incorporated,,0.57,,0.16,8,Sehr gut,5,Mittel,21.21,1348.489990234375,0.14,0.11,0.1,0.09,0.05,363100.0,404955.0,0.9,Normal,Watchlist Zone,21.21,22.0,28.0,Industrials,Defense,Hold,False
2026-07-04,Short Term Top 8,5,GPN,Global Payments Inc.,,0.62,,0.23,8,Sehr gut,4,Niedrig,20.36,78.62999725341797,0.24,0.16,0.16,0.13,0.05,4358600.0,4208595.0,1.04,Normal,Watchlist Zone,20.36,19.0,19.0,Finance,Fintech,Review,False
2026-07-04,Short Term Top 8,6,VMC,Vulcan Materials Company (Holdi,,0.66,,0.09,7,Gut,5,Mittel,19.98,303.19000244140625,0.32,0.06,0.07,0.06,0.04,1340400.0,1339715.0,1.0,Normal,Watchlist Zone,19.98,21.0,23.0,Industrials,Infrastructure & Construction,Hold,False
2026-07-04,Short Term Top 8,7,ENTG,"Entegris, Inc.",,0.66,,0.26,7,Gut,3,Niedrig,18.98,146.66000366210938,0.32,0.05,0.05,-0.01,0.27,5905100.0,3932340.0,1.5,Normal,Watchlist Zone,18.98,16.5,13.0,AI / Tech,Semiconductor Materials,Attraktiv,False
2026-07-04,Short Term Top 8,8,WFC,Wells Fargo & Company,,0.53,,0.07,7,Gut,6,Mittel,18.59,85.51000213623047,0.06,0.09,0.05,0.07,0.02,10782000.0,15601890.0,0.69,Normal,Transition Zone,18.59,22.0,29.0,Finance,Banks,Hold,False
2026-07-04,Long Term Entry Top 8,1,NVO,Novo Nordisk A/S,,0.47,,0.36,8,Sehr gut,10,Hoch,31.0,50.43000030517578,-0.07,0.2,0.15,0.13,0.08,12069100.0,13337040.0,0.9,Normal,Transition Zone,15.0,31.0,23.0,Healthcare,Pharma,Review,True
2026-07-04,Long Term Entry Top 8,2,HALO,"Halozyme Therapeutics, Inc.",,0.9,,0.23,7,Gut,10,Hoch,30.0,79.44999694824219,0.81,0.14,0.11,0.15,0.15,1566200.0,1855475.0,0.84,Normal,Upper Range,14.715,30.0,31.0,Healthcare,Biotech,Hold,True
2026-07-04,Long Term Entry Top 8,3,MA,Mastercard Incorporated,,0.56,,0.1,8,Sehr gut,8,Hoch,29.0,539.3900146484375,0.11,0.14,0.12,0.08,0.02,3900200.0,4271005.0,0.91,Normal,Watchlist Zone,22.165,29.0,34.0,Finance,Fintech,Review,True
2026-07-04,Long Term Entry Top 8,4,C,"Citigroup, Inc.",,0.88,,0.22,7,Gut,9,Hoch,28.0,139.97000122070312,0.75,0.08,0.04,0.06,0.22,9500100.0,14037855.0,0.68,Normal,Upper Range,15.625,28.0,30.0,Finance,Banks,Hold,True
2026-07-04,Long Term Entry Top 8,5,TPR,"Tapestry, Inc.",,0.78,,0.02,6,Gut,6,Mittel,26.5,144.2100067138672,0.55,0.04,0.03,0.02,0.1,2705700.0,3072070.0,0.88,Normal,Hold Zone,13.825,26.5,22.0,Consumer & Retail,Luxury & Brands,Review,False
2026-07-04,Long Term Entry Top 8,6,AFL,AFLAC Incorporated,,1.0,,0.1,6,Gut,10,Hoch,26.0,120.87999725341795,1.0,0.06,0.05,0.04,0.09,1762400.0,2806890.0,0.63,Normal,Upper Range,14.5,26.0,32.0,Finance,Insurance,Hold,True
2026-07-04,Long Term Entry Top 8,7,CPA,"Copa Holdings, S.A.",,0.87,,0.35,7,Gut,8,Hoch,26.0,152.64999389648438,0.74,0.12,0.15,0.14,0.22,256600.0,343120.0,0.75,Normal,Upper Range,9.61,26.0,18.0,Industrials,Aerospace,Hold,True
2026-07-04,Long Term Entry Top 8,8,BUD,Anheuser-Busch Inbev SA Sponsor,,0.86,,0.16,6,Gut,6,Mittel,25.5,81.33000183105469,0.71,0.03,0.04,0.02,0.17,3167400.0,2446330.0,1.29,Normal,Upper Range,12.065,25.5,27.0,Consumer & Retail,Food & Beverages,Hold,False
2026-07-04,Early Play,1,GOLD,"Gold.com, Inc.",,0.52,,0.07,6,Gut,4,Niedrig,26.0,43.9900016784668,0.04,0.12,0.07,0.04,0.13,459400.0,427545.0,1.07,Normal,Transition Zone,17.060000000000002,14.0,26.0,Real Assets,Commodities & Mining,Review,False
2026-07-04,Early Play,2,RHHBY,Roche Holding Ltd,,0.74,,0.06,6,Gut,6,Mittel,25.0,53.040000915527344,0.47,0.08,0.03,0.04,0.08,2082300.0,1816120.0,1.15,Normal,Hold Zone,15.705,22.0,25.0,Healthcare,Pharma,Attraktiv,False
2026-07-04,Early Play,3,SFM,"Sprouts Farmers Market, Inc.",,0.24,,0.16,2,Riskant,2,Niedrig,22.0,89.94000244140625,-0.53,0.14,0.12,0.09,0.07,2449100.0,2288600.0,1.07,Normal,Weak Zone,5.0,6.0,22.0,Real Assets,Agriculture,Review,False
2026-07-04,Early Play,4,PATH,"UiPath, Inc.",,0.24,,0.04,2,Riskant,4,Niedrig,20.0,11.710000038146973,-0.53,0.0,0.0,0.09,-0.1,58404000.0,51530960.0,1.13,Normal,Weak Zone,1.0,14.5,20.0,AI / Tech,Robotics & Automation,Review,False
2026-07-04,Early Play,5,SE,Sea Limited,,0.21,,0.26,3,Riskant,4,Niedrig,20.0,103.3000030517578,-0.57,0.15,0.12,0.16,-0.13,7398500.0,3823665.0,1.93,Normal,Weak Zone,5.5,16.5,20.0,Consumer & Retail,E-Commerce,Review,False
2026-07-04,Early Play,6,HMC,"Honda Motor Company, Ltd.",,0.41,,0.16,6,Gut,3,Niedrig,20.0,28.020000457763672,-0.18,0.01,0.0,0.08,-0.02,3395800.0,2179150.0,1.56,Normal,Transition Zone,15.0,11.0,20.0,Mobility & Transport Tech,Electric Vehicles,Review,False
2026-07-04,Early Play,7,BNTX,BioNTech SE,,0.41,,0.07,3,Riskant,0,Niedrig,18.0,97.54499816894533,-0.19,0.1,0.09,0.04,-0.02,1390600.0,1040940.0,1.34,Normal,Transition Zone,12.5,4.0,18.0,Healthcare,Biotech,Review,False
2026-07-04,Early Play,8,DB,Deutsche Bank AG,,0.73,,0.25,7,Gut,5,Mittel,17.0,35.86000061035156,0.47,0.15,0.11,0.12,0.07,3499400.0,2959115.0,1.18,Normal,Hold Zone,17.205,21.0,17.0,Finance,Banks,Attraktiv,False
2026-07-05,Ranking Attraktiv,1,TDG,Transdigm Group Incorporated,,0.57,,0.16,8,Sehr gut,5,Mittel,8.0,1348.489990234375,0.14,0.11,0.1,0.09,0.05,363100.0,404955.0,0.9,Normal,Watchlist Zone,21.21,22.0,28.0,Industrials,Aerospace,Attraktiv,False
2026-07-05,Ranking Attraktiv,2,AIG,"American International Group, I",,0.57,,0.06,8,Sehr gut,5,Mittel,8.0,79.38999938964844,0.14,0.1,0.09,0.05,0.04,3491800.0,4903185.0,0.71,Normal,Watchlist Zone,21.21,21.0,27.0,Finance,Insurance,Attraktiv,False
2026-07-05,Ranking Attraktiv,3,ENTG,"Entegris, Inc.",,0.66,,0.26,7,Gut,3,Niedrig,7.0,146.66000366210938,0.32,0.05,0.05,-0.01,0.27,5905100.0,3932340.0,1.5,Normal,Watchlist Zone,18.98,16.5,13.0,AI / Tech,Semiconductor Materials,Attraktiv,False
2026-07-05,Ranking Attraktiv,4,DB,Deutsche Bank AG,,0.73,,0.25,7,Gut,5,Mittel,7.0,35.86000061035156,0.47,0.15,0.11,0.12,0.07,3499400.0,2959115.0,1.18,Normal,Hold Zone,17.205,21.0,17.0,Finance,Banks,Attraktiv,False
2026-07-05,Ranking Attraktiv,5,PGR,Progressive Corporation (The),,0.77,,0.19,7,Gut,5,Mittel,7.0,232.22000122070312,0.53,0.2,0.19,0.14,0.12,3107700.0,3702380.0,0.84,Normal,Hold Zone,17.295,21.0,15.0,Finance,Insurance,Attraktiv,False
2026-07-05,Ranking Attraktiv,6,S,"SentinelOne, Inc.",,0.59,,0.31,7,Gut,2,Niedrig,7.0,17.510000228881836,0.19,0.07,0.06,0.09,0.13,5317000.0,6352610.0,0.84,Normal,Watchlist Zone,14.785,18.5,14.0,AI / Tech,Cybersecurity,Attraktiv,False
2026-07-05,Ranking Attraktiv,7,BA,Boeing Company (The),,0.64,,0.09,6,Gut,1,Niedrig,6.0,226.4900054931641,0.28,0.08,0.04,0.01,0.04,6050800.0,5999695.0,1.01,Normal,Watchlist Zone,18.42,12.0,15.0,Industrials,Aerospace,Attraktiv,False
2026-07-05,Ranking Attraktiv,8,HIG,"The Hartford Insurance Group, I",,0.77,,0.01,6,Gut,6,Mittel,6.0,137.85000610351562,0.53,0.09,0.08,0.04,0.03,1787300.0,1895230.0,0.94,Normal,Hold Zone,14.795,22.0,22.0,Finance,Insurance,Attraktiv,False
2026-07-05,Ranking Attraktiv,9,HWM,Howmet Aerospace Inc.,,0.83,,0.16,6,Gut,7,Mittel,6.0,270.4100036621094,0.67,0.09,0.08,0.04,0.19,2292600.0,3714535.0,0.62,Normal,Hold Zone,17.005,23.0,26.0,Industrials,Aerospace,Attraktiv,False
2026-07-05,Ranking Attraktiv,10,RARE,Ultragenyx Pharmaceutical Inc.,,0.63,,0.49,6,Gut,1,Niedrig,6.0,33.470001220703125,0.26,0.49,0.44,0.31,0.24,1239000.0,3059965.0,0.4,Normal,Watchlist Zone,10.39,7.0,-4.0,Healthcare,Biotech,Attraktiv,False
2026-07-05,Ranking Attraktiv,11,RHHBY,Roche Holding Ltd,,0.74,,0.06,6,Gut,6,Mittel,6.0,53.040000915527344,0.47,0.08,0.03,0.04,0.08,2082300.0,1816120.0,1.15,Normal,Hold Zone,15.705,22.0,25.0,Healthcare,Pharma,Attraktiv,False
2026-07-05,Ranking Attraktiv,12,BMRN,BioMarin Pharmaceutical Inc.,,0.57,,0.06,6,Gut,2,Niedrig,6.0,58.9900016784668,0.14,0.08,0.04,0.08,0.06,1481600.0,2078705.0,0.71,Normal,Watchlist Zone,18.21,13.0,21.0,Healthcare,Biotech,Attraktiv,False
2026-07-05,Short Term Top 8,1,AXP,American Express Company,,0.67,,0.18,9,Sehr gut,5,Mittel,23.025,351.9599914550781,0.35,0.17,0.13,0.1,0.05,2440600.0,3175155.0,0.77,Normal,Watchlist Zone,23.025,22.0,22.0,Finance,Fintech,Review,False
2026-07-05,Short Term Top 8,2,MA,Mastercard Incorporated,,0.56,,0.1,8,Sehr gut,8,Hoch,22.165,539.3900146484375,0.11,0.14,0.12,0.08,0.02,3900200.0,4271005.0,0.91,Normal,Watchlist Zone,22.165,29.0,34.0,Finance,Fintech,Review,True
2026-07-05,Short Term Top 8,3,AIG,"American International Group, I",,0.57,,0.06,8,Sehr gut,5,Mittel,21.21,79.38999938964844,0.14,0.1,0.09,0.05,0.04,3491800.0,4903185.0,0.71,Normal,Watchlist Zone,21.21,21.0,27.0,Finance,Insurance,Attraktiv,False
2026-07-05,Short Term Top 8,4,TDG,Transdigm Group Incorporated,,0.57,,0.16,8,Sehr gut,5,Mittel,21.21,1348.489990234375,0.14,0.11,0.1,0.09,0.05,363100.0,404955.0,0.9,Normal,Watchlist Zone,21.21,22.0,28.0,Industrials,Defense,Hold,False
2026-07-05,Short Term Top 8,5,GPN,Global Payments Inc.,,0.62,,0.23,8,Sehr gut,4,Niedrig,20.36,78.62999725341797,0.24,0.16,0.16,0.13,0.05,4358600.0,4208595.0,1.04,Normal,Watchlist Zone,20.36,19.0,19.0,Finance,Fintech,Review,False
2026-07-05,Short Term Top 8,6,VMC,Vulcan Materials Company (Holdi,,0.66,,0.09,7,Gut,5,Mittel,19.98,303.19000244140625,0.32,0.06,0.07,0.06,0.04,1340400.0,1339715.0,1.0,Normal,Watchlist Zone,19.98,21.0,23.0,Industrials,Infrastructure & Construction,Hold,False
2026-07-05,Short Term Top 8,7,ENTG,"Entegris, Inc.",,0.66,,0.26,7,Gut,3,Niedrig,18.98,146.66000366210938,0.32,0.05,0.05,-0.01,0.27,5905100.0,3932340.0,1.5,Normal,Watchlist Zone,18.98,16.5,13.0,AI / Tech,Semiconductor Materials,Attraktiv,False
2026-07-05,Short Term Top 8,8,WFC,Wells Fargo & Company,,0.53,,0.07,7,Gut,6,Mittel,18.59,85.51000213623047,0.06,0.09,0.05,0.07,0.02,10782000.0,15601890.0,0.69,Normal,Transition Zone,18.59,22.0,29.0,Finance,Banks,Hold,False
2026-07-05,Long Term Entry Top 8,1,NVO,Novo Nordisk A/S,,0.47,,0.36,8,Sehr gut,10,Hoch,31.0,50.43000030517578,-0.07,0.2,0.15,0.13,0.08,12069100.0,13337040.0,0.9,Normal,Transition Zone,15.0,31.0,23.0,Healthcare,Pharma,Review,True
2026-07-05,Long Term Entry Top 8,2,HALO,"Halozyme Therapeutics, Inc.",,0.9,,0.23,7,Gut,10,Hoch,30.0,79.44999694824219,0.81,0.14,0.11,0.15,0.15,1566200.0,1855475.0,0.84,Normal,Upper Range,14.715,30.0,31.0,Healthcare,Biotech,Hold,True
2026-07-05,Long Term Entry Top 8,3,MA,Mastercard Incorporated,,0.56,,0.1,8,Sehr gut,8,Hoch,29.0,539.3900146484375,0.11,0.14,0.12,0.08,0.02,3900200.0,4271005.0,0.91,Normal,Watchlist Zone,22.165,29.0,34.0,Finance,Fintech,Review,True
2026-07-05,Long Term Entry Top 8,4,C,"Citigroup, Inc.",,0.88,,0.22,7,Gut,9,Hoch,28.0,139.97000122070312,0.75,0.08,0.04,0.06,0.22,9500100.0,14037855.0,0.68,Normal,Upper Range,15.625,28.0,30.0,Finance,Banks,Hold,True
2026-07-05,Long Term Entry Top 8,5,TPR,"Tapestry, Inc.",,0.78,,0.02,6,Gut,6,Mittel,26.5,144.2100067138672,0.55,0.04,0.03,0.02,0.1,2705700.0,3072070.0,0.88,Normal,Hold Zone,13.825,26.5,22.0,Consumer & Retail,Luxury & Brands,Review,False
2026-07-05,Long Term Entry Top 8,6,AFL,AFLAC Incorporated,,1.0,,0.1,6,Gut,10,Hoch,26.0,120.87999725341795,1.0,0.06,0.05,0.04,0.09,1762400.0,2806890.0,0.63,Normal,Upper Range,14.5,26.0,32.0,Finance,Insurance,Hold,True
2026-07-05,Long Term Entry Top 8,7,CPA,"Copa Holdings, S.A.",,0.87,,0.35,7,Gut,8,Hoch,26.0,152.64999389648438,0.74,0.12,0.15,0.14,0.22,256600.0,343120.0,0.75,Normal,Upper Range,9.61,26.0,18.0,Industrials,Aerospace,Hold,True
2026-07-05,Long Term Entry Top 8,8,BUD,Anheuser-Busch Inbev SA Sponsor,,0.86,,0.16,6,Gut,6,Mittel,25.5,81.33000183105469,0.71,0.03,0.04,0.02,0.17,3167400.0,2446330.0,1.29,Normal,Upper Range,12.065,25.5,27.0,Consumer & Retail,Food & Beverages,Hold,False
2026-07-05,Early Play,1,GOLD,"Gold.com, Inc.",,0.52,,0.07,6,Gut,4,Niedrig,26.0,43.9900016784668,0.04,0.12,0.07,0.04,0.13,458700.0,427510.0,1.07,Normal,Transition Zone,17.060000000000002,14.0,26.0,Real Assets,Commodities & Mining,Review,False
2026-07-05,Early Play,2,RHHBY,Roche Holding Ltd,,0.74,,0.06,6,Gut,6,Mittel,25.0,53.040000915527344,0.47,0.08,0.03,0.04,0.08,2082300.0,1816120.0,1.15,Normal,Hold Zone,15.705,22.0,25.0,Healthcare,Pharma,Attraktiv,False
2026-07-05,Early Play,3,SFM,"Sprouts Farmers Market, Inc.",,0.24,,0.16,2,Riskant,2,Niedrig,22.0,89.94000244140625,-0.53,0.14,0.12,0.09,0.07,2447700.0,2288530.0,1.07,Normal,Weak Zone,5.0,6.0,22.0,Real Assets,Agriculture,Review,False
2026-07-05,Early Play,4,PATH,"UiPath, Inc.",,0.24,,0.04,2,Riskant,4,Niedrig,20.0,11.710000038146973,-0.53,0.0,0.0,0.09,-0.1,58387300.0,51530125.0,1.13,Normal,Weak Zone,1.0,14.5,20.0,AI / Tech,Robotics & Automation,Review,False
2026-07-05,Early Play,5,SE,Sea Limited,,0.21,,0.26,3,Riskant,4,Niedrig,20.0,103.3000030517578,-0.57,0.15,0.12,0.16,-0.13,7394600.0,3823470.0,1.93,Normal,Weak Zone,5.5,16.5,20.0,Consumer & Retail,E-Commerce,Review,False
2026-07-05,Early Play,6,HMC,"Honda Motor Company, Ltd.",,0.41,,0.16,6,Gut,3,Niedrig,20.0,28.020000457763672,-0.18,0.01,0.0,0.08,-0.02,3395800.0,2179150.0,1.56,Normal,Transition Zone,15.0,11.0,20.0,Mobility & Transport Tech,Electric Vehicles,Review,False
2026-07-05,Early Play,7,BNTX,BioNTech SE,,0.41,,0.07,3,Riskant,0,Niedrig,18.0,97.54499816894533,-0.19,0.1,0.09,0.04,-0.02,1390600.0,1040940.0,1.34,Normal,Transition Zone,12.5,4.0,18.0,Healthcare,Biotech,Review,False
2026-07-05,Early Play,8,DB,Deutsche Bank AG,,0.73,,0.25,7,Gut,5,Mittel,17.0,35.86000061035156,0.47,0.15,0.11,0.12,0.07,3499400.0,2959115.0,1.18,Normal,Hold Zone,17.205,21.0,17.0,Finance,Banks,Attraktiv,False
2026-07-06,Ranking Attraktiv,1,AIG,"American International Group, I",,0.66,,0.06,8,Sehr gut,5,Mittel,8.0,80.75,0.31,0.11,0.08,0.07,0.05,2772261.0,4871033.0,0.57,Normal,Watchlist Zone,21.465,21.0,22.0,Finance,Insurance,Attraktiv,False
2026-07-06,Ranking Attraktiv,2,WFC,Wells Fargo & Company,,0.61,,0.07,8,Sehr gut,6,Mittel,8.0,87.44999694824219,0.23,0.07,0.07,0.09,0.04,9877952.0,15123183.0,0.65,Normal,Watchlist Zone,21.345,23.0,24.0,Finance,Banks,Attraktiv,False
2026-07-06,Ranking Attraktiv,3,TDG,Transdigm Group Incorporated,,0.56,,0.13,8,Sehr gut,5,Mittel,8.0,1346.1199951171875,0.12,0.1,0.09,0.09,0.05,239035.0,400637.0,0.6,Normal,Watchlist Zone,21.18,22.0,27.0,Industrials,Aerospace,Attraktiv,False
2026-07-06,Ranking Attraktiv,4,S,"SentinelOne, Inc.",,0.66,,0.34,7,Gut,2,Niedrig,7.0,18.14999961853028,0.32,0.1,0.14,0.13,0.18,12117963.0,6574703.0,1.84,Normal,Watchlist Zone,13.98,18.5,11.0,AI / Tech,Cybersecurity,Attraktiv,False
2026-07-06,Ranking Attraktiv,5,ENTG,"Entegris, Inc.",,0.65,,0.26,7,Gut,3,Niedrig,7.0,145.1699981689453,0.3,0.04,0.16,-0.02,0.26,2782946.0,3953807.0,0.7,Normal,Watchlist Zone,18.95,16.5,10.0,AI / Tech,Semiconductor Materials,Attraktiv,False
2026-07-06,Ranking Attraktiv,6,PGR,Progressive Corporation (The),,0.78,,0.18,7,Gut,5,Mittel,7.0,231.6699981689453,0.55,0.19,0.14,0.14,0.11,2782663.0,3695158.0,0.75,Normal,Hold Zone,17.325,21.0,20.0,Finance,Insurance,Attraktiv,False
2026-07-06,Ranking Attraktiv,7,DB,Deutsche Bank AG,,0.83,,0.28,7,Gut,5,Mittel,7.0,37.040000915527344,0.67,0.15,0.18,0.15,0.1,2051987.0,2944829.0,0.7,Normal,Hold Zone,17.505,19.0,9.0,Finance,Banks,Attraktiv,False
2026-07-06,Ranking Attraktiv,8,AMGN,Amgen Inc.,,0.82,,0.08,6,Gut,5,Mittel,6.0,366.4400024414063,0.65,0.06,0.05,0.07,0.1,2718804.0,3231135.0,0.84,Normal,Hold Zone,16.975,19.0,23.0,Healthcare,Biotech,Attraktiv,False
2026-07-06,Ranking Attraktiv,9,HIG,"The Hartford Insurance Group, I",,0.76,,0.01,6,Gut,6,Mittel,6.0,137.63999938964844,0.52,0.08,0.04,0.04,0.03,1287914.0,1794436.0,0.72,Normal,Hold Zone,14.78,22.0,21.0,Finance,Insurance,Attraktiv,False
2026-07-06,Ranking Attraktiv,10,RARE,Ultragenyx Pharmaceutical Inc.,,0.64,,0.47,6,Gut,1,Niedrig,6.0,33.70000076293945,0.28,0.45,0.54,0.31,0.25,1527026.0,3065711.0,0.5,Normal,Watchlist Zone,10.42,7.0,-4.0,Healthcare,Biotech,Attraktiv,False
2026-07-06,Ranking Attraktiv,11,BMRN,BioMarin Pharmaceutical Inc.,,0.56,,0.05,6,Gut,2,Niedrig,6.0,58.790000915527344,0.12,0.04,0.04,0.07,0.05,1672392.0,2058455.0,0.81,Normal,Watchlist Zone,16.18,13.0,22.0,Healthcare,Biotech,Attraktiv,False
2026-07-06,Ranking Attraktiv,12,XEL,Xcel Energy Inc.,,0.85,,0.01,5,Neutral,4,Niedrig,5.0,80.37000274658203,0.69,0.04,0.02,0.01,0.03,4614243.0,6356187.0,0.73,Normal,Hold Zone,12.535,10.0,14.0,Energy,Grid Infrastructure,Attraktiv,False
2026-07-06,Short Term Top 8,1,AIG,"American International Group, I",,0.66,,0.06,8,Sehr gut,5,Mittel,21.465,80.75,0.31,0.11,0.08,0.07,0.05,2772261.0,4871033.0,0.57,Normal,Watchlist Zone,21.465,21.0,22.0,Finance,Insurance,Attraktiv,False
2026-07-06,Short Term Top 8,2,HEINY,Heineken N.V.,,0.66,,0.11,8,Sehr gut,3,Niedrig,21.465,43.20000076293945,0.31,0.14,0.12,0.09,0.09,6684.0,103114.0,0.06,Normal,Watchlist Zone,21.465,21.5,18.0,Consumer & Retail,Food & Beverages,Review,False
2026-07-06,Short Term Top 8,3,WFC,Wells Fargo & Company,,0.61,,0.07,8,Sehr gut,6,Mittel,21.345,87.44999694824219,0.23,0.07,0.07,0.09,0.04,9877952.0,15123183.0,0.65,Normal,Watchlist Zone,21.345,23.0,24.0,Finance,Banks,Attraktiv,False
2026-07-06,Short Term Top 8,4,TDG,Transdigm Group Incorporated,,0.56,,0.13,8,Sehr gut,5,Mittel,21.18,1346.1199951171875,0.12,0.1,0.09,0.09,0.05,239035.0,400637.0,0.6,Normal,Watchlist Zone,21.18,22.0,27.0,Industrials,Aerospace,Attraktiv,False
2026-07-06,Short Term Top 8,5,GPN,Global Payments Inc.,,0.58,,0.19,8,Sehr gut,4,Niedrig,20.24,77.41000366210938,0.16,0.15,0.17,0.12,0.04,1890470.0,4047354.0,0.47,Normal,Watchlist Zone,20.24,19.0,25.0,Finance,Fintech,Review,False
2026-07-06,Short Term Top 8,6,VMC,Vulcan Materials Company (Holdi,,0.68,,0.08,7,Gut,5,Mittel,20.04,304.8399963378906,0.36,0.08,0.08,0.06,0.05,555533.0,1312897.0,0.42,Normal,Watchlist Zone,20.04,21.0,22.0,Industrials,Infrastructure & Construction,Hold,False
2026-07-06,Short Term Top 8,7,PLUS,ePlus inc.,,0.69,,0.08,8,Sehr gut,5,Mittel,19.555,83.33000183105469,0.37,0.03,0.02,0.0,0.02,126361.0,268123.0,0.47,Normal,Watchlist Zone,19.555,21.0,19.0,Mobility & Transport Tech,Autonomous Driving,Review,False
2026-07-06,Short Term Top 8,8,MA,Mastercard Incorporated,,0.51,,0.06,7,Gut,8,Hoch,19.53,533.0999755859375,0.02,0.11,0.09,0.07,0.01,2797536.0,4209852.0,0.66,Normal,Transition Zone,19.53,27.0,33.0,Finance,Fintech,Review,True
2026-07-06,Long Term Entry Top 8,1,TSM,Taiwan Semiconductor Manufactur,,0.89,,0.33,6,Gut,9,Hoch,31.5,451.7900085449219,0.79,0.02,0.09,0.08,0.32,12429831.0,15218912.0,0.82,Normal,Upper Range,8.185,31.5,20.0,AI / Tech,AI Compute,Hold,True
2026-07-06,Long Term Entry Top 8,2,NVO,Novo Nordisk A/S,,0.43,,0.34,8,Sehr gut,10,Hoch,30.0,49.2599983215332,-0.13,0.13,0.15,0.1,0.06,10322210.0,13031136.0,0.79,Normal,Transition Zone,16.0,30.0,27.0,Healthcare,Pharma,Review,True
2026-07-06,Long Term Entry Top 8,3,MA,Mastercard Incorporated,,0.51,,0.06,7,Gut,8,Hoch,27.0,533.0999755859375,0.02,0.11,0.09,0.07,0.01,2797536.0,4209852.0,0.66,Normal,Transition Zone,19.53,27.0,33.0,Finance,Fintech,Review,True
2026-07-06,Long Term Entry Top 8,4,TPR,"Tapestry, Inc.",,0.78,,0.02,6,Gut,6,Mittel,26.5,145.49000549316406,0.57,0.04,0.04,0.03,0.11,1625803.0,2988585.0,0.54,Normal,Hold Zone,14.855,26.5,21.0,Consumer & Retail,Luxury & Brands,Review,False
2026-07-06,Long Term Entry Top 8,5,V,Visa Inc.,,0.9,,0.18,6,Gut,8,Hoch,26.0,357.25,0.8,0.12,0.1,0.09,0.09,11483179.0,9313024.0,1.23,Normal,Upper Range,14.2,26.0,31.0,Finance,Fintech,Hold,True
2026-07-06,Long Term Entry Top 8,6,INCY,Incyte Corporation,,0.94,,0.22,7,Gut,10,Hoch,26.0,115.62000274658205,0.88,0.14,0.13,0.14,0.18,1225009.0,2247030.0,0.55,Normal,Upper Range,14.82,26.0,30.0,Healthcare,Biotech,Hold,True
2026-07-06,Long Term Entry Top 8,7,NU,Nu Holdings Ltd.,,0.37,,-0.01,4,Neutral,10,Hoch,25.0,14.0600004196167,-0.26,0.16,0.17,0.07,-0.08,45403341.0,51272362.0,0.89,Normal,Transition Zone,9.0,25.0,33.0,Finance,Fintech,Review,False
2026-07-06,Long Term Entry Top 8,8,AFL,AFLAC Incorporated,,0.96,,0.1,6,Gut,10,Hoch,25.0,120.47000122070312,0.92,0.04,0.02,0.04,0.08,1085515.0,2744661.0,0.4,Normal,Upper Range,13.38,25.0,29.0,Finance,Insurance,Hold,True
2026-07-06,Early Play,1,PATH,"UiPath, Inc.",,0.25,,0.06,2,Riskant,4,Niedrig,25.0,11.829999923706056,-0.51,0.01,0.05,0.1,-0.09,64253122.0,52576476.0,1.22,Normal,Weak Zone,4.0,15.5,25.0,AI / Tech,Robotics & Automation,Review,False
2026-07-06,Early Play,2,AXP,American Express Company,,0.71,,0.17,7,Gut,5,Mittel,23.0,356.0299987792969,0.43,0.14,0.15,0.11,0.06,3523195.0,3201705.0,1.1,Normal,Hold Zone,17.145,21.0,23.0,Finance,Fintech,Review,False
2026-07-06,Early Play,3,BA,Boeing Company (The),,0.74,,0.1,4,Neutral,1,Niedrig,17.0,234.5399932861328,0.49,0.08,0.09,0.05,0.07,7021214.0,5948006.0,1.18,Normal,Hold Zone,13.735,11.0,17.0,Mobility & Transport Tech,Space,Review,False
2026-07-06,Early Play,4,TGT,Target Corporation,,0.73,,0.04,5,Neutral,3,Niedrig,16.0,126.0999984741211,0.45,0.02,0.03,-0.01,0.17,5197257.0,4834478.0,1.08,Normal,Hold Zone,10.175,16.5,16.0,Consumer & Retail,E-Commerce,Review,False
2026-07-06,Early Play,5,SE,Sea Limited,,0.23,,0.28,3,Riskant,4,Niedrig,13.0,105.0,-0.54,0.14,0.21,0.17,-0.11,4229091.0,3908835.0,1.08,Normal,Weak Zone,5.5,16.5,13.0,Consumer & Retail,E-Commerce,Review,False
2026-07-06,Early Play,6,S,"SentinelOne, Inc.",,0.66,,0.34,7,Gut,2,Niedrig,11.0,18.14999961853028,0.32,0.1,0.14,0.13,0.18,12117963.0,6574703.0,1.84,Normal,Watchlist Zone,13.98,18.5,11.0,AI / Tech,Cybersecurity,Attraktiv,False
2026-07-06,Early Play,7,RXRX,"Recursion Pharmaceuticals, Inc.",,0.27,,0.26,1,Riskant,0,Niedrig,9.0,3.9600000381469727,-0.46,0.04,0.19,0.19,-0.03,33847166.0,22294853.0,1.52,Normal,Weak Zone,2.5,8.5,9.0,Healthcare,AI in Healthcare,Review,False
2026-07-07,Ranking Attraktiv,1,AIG,"American International Group, I",,0.68,,0.07,8,Sehr gut,5,Mittel,8.0,81.05999755859375,0.35,0.08,0.1,0.07,0.06,3238577.0,4934599.0,0.66,Normal,Watchlist Zone,21.525,21.0,22.0,Finance,Insurance,Attraktiv,False
2026-07-07,Ranking Attraktiv,2,WFC,Wells Fargo & Company,,0.6,,0.07,8,Sehr gut,6,Mittel,8.0,87.18000030517578,0.2,0.06,0.08,0.09,0.04,10024921.0,14870711.0,0.67,Normal,Watchlist Zone,21.3,23.0,24.0,Finance,Banks,Attraktiv,False
2026-07-07,Ranking Attraktiv,3,CPA,"Copa Holdings, S.A.",,0.81,,0.35,8,Sehr gut,8,Hoch,8.0,149.33999633789062,0.62,0.12,0.13,0.11,0.19,267215.0,335591.0,0.8,Normal,Hold Zone,14.93,27.0,21.0,Industrials,Aerospace,Attraktiv,True
2026-07-07,Ranking Attraktiv,4,KLAC,KLA Corporation,,0.6,,0.4,7,Gut,4,Niedrig,7.0,216.47000122070312,0.19,0.12,0.03,0.03,0.42,17692745.0,16553792.0,1.07,Normal,Watchlist Zone,13.785,20.5,13.0,AI / Tech,AI Compute,Attraktiv,False
2026-07-07,Ranking Attraktiv,5,TSM,Taiwan Semiconductor Manufactur,,0.82,,0.26,7,Gut,9,Hoch,7.0,432.5700073242188,0.64,0.04,0.02,0.03,0.26,14824086.0,14995839.0,0.99,Normal,Hold Zone,18.46,28.5,20.0,AI / Tech,Semiconductor Materials,Attraktiv,True
2026-07-07,Ranking Attraktiv,6,S,"SentinelOne, Inc.",,0.66,,0.36,7,Gut,2,Niedrig,7.0,18.15999984741211,0.32,0.14,0.15,0.12,0.18,6055772.0,6502284.0,0.93,Normal,Watchlist Zone,13.98,16.5,9.0,AI / Tech,Cybersecurity,Attraktiv,False
2026-07-07,Ranking Attraktiv,7,TXN,Texas Instruments Incorporated,,0.78,,0.48,7,Gut,8,Hoch,7.0,293.29998779296875,0.56,0.03,0.01,-0.01,0.36,8283788.0,10401899.0,0.8,Normal,Hold Zone,11.34,28.5,18.0,AI / Tech,AI Compute,Attraktiv,True
2026-07-07,Ranking Attraktiv,8,ANET,"Arista Networks, Inc.",,0.83,,0.25,7,Gut,8,Hoch,7.0,166.4600067138672,0.66,0.08,0.06,0.04,0.16,8964451.0,8159043.0,1.1,Normal,Hold Zone,19.49,30.5,21.0,AI / Tech,AI Networking,Attraktiv,True
2026-07-07,Ranking Attraktiv,9,UAL,"United Airlines Holdings, Inc.",,0.82,,0.44,7,Gut,5,Mittel,7.0,128.30999755859375,0.64,0.21,0.22,0.18,0.24,3358080.0,5808129.0,0.58,Normal,Hold Zone,12.46,16.0,6.0,Industrials,Aerospace,Attraktiv,False
2026-07-07,Ranking Attraktiv,10,DB,Deutsche Bank AG,,0.8,,0.26,7,Gut,5,Mittel,7.0,36.63999938964844,0.6,0.16,0.17,0.14,0.09,2252527.0,2924326.0,0.77,Normal,Hold Zone,17.4,21.0,12.0,Finance,Banks,Attraktiv,False
2026-07-07,Ranking Attraktiv,11,AMGN,Amgen Inc.,,0.84,,0.09,6,Gut,5,Mittel,6.0,368.1000061035156,0.67,0.05,0.06,0.08,0.11,1940816.0,3161596.0,0.61,Normal,Hold Zone,17.005,19.0,22.0,Healthcare,Biotech,Attraktiv,False
2026-07-07,Ranking Attraktiv,12,BMRN,BioMarin Pharmaceutical Inc.,,0.65,,0.07,6,Gut,2,Niedrig,6.0,60.34999847412109,0.3,0.06,0.07,0.1,0.08,1533291.0,2029320.0,0.76,Normal,Watchlist Zone,18.45,13.0,16.0,Healthcare,Biotech,Attraktiv,False
2026-07-07,Short Term Top 8,1,AXP,American Express Company,,0.65,,0.14,9,Sehr gut,5,Mittel,22.95,349.5799865722656,0.3,0.13,0.12,0.09,0.04,2884819.0,3223761.0,0.89,Normal,Watchlist Zone,22.95,22.0,23.0,Finance,Fintech,Review,False
2026-07-07,Short Term Top 8,2,AIG,"American International Group, I",,0.68,,0.07,8,Sehr gut,5,Mittel,21.525,81.05999755859375,0.35,0.08,0.1,0.07,0.06,3238577.0,4934599.0,0.66,Normal,Watchlist Zone,21.525,21.0,22.0,Finance,Insurance,Attraktiv,False
2026-07-07,Short Term Top 8,3,WFC,Wells Fargo & Company,,0.6,,0.07,8,Sehr gut,6,Mittel,21.3,87.18000030517578,0.2,0.06,0.08,0.09,0.04,10024921.0,14870711.0,0.67,Normal,Watchlist Zone,21.3,23.0,24.0,Finance,Banks,Attraktiv,False
2026-07-07,Short Term Top 8,4,GPN,Global Payments Inc.,,0.58,,0.24,8,Sehr gut,4,Niedrig,20.255,77.58999633789062,0.17,0.17,0.21,0.11,0.04,2222654.0,4007878.0,0.55,Normal,Watchlist Zone,20.255,19.0,22.0,Finance,Fintech,Review,False
2026-07-07,Short Term Top 8,5,VMC,Vulcan Materials Company (Holdi,,0.62,,0.08,7,Gut,5,Mittel,19.845,299.8999938964844,0.23,0.07,0.11,0.05,0.03,993485.0,1303254.0,0.76,Normal,Watchlist Zone,19.845,21.0,22.0,Industrials,Infrastructure & Construction,Review,False
2026-07-07,Short Term Top 8,6,ANET,"Arista Networks, Inc.",,0.83,,0.25,7,Gut,8,Hoch,19.49,166.4600067138672,0.66,0.08,0.06,0.04,0.16,8964451.0,8159043.0,1.1,Normal,Hold Zone,19.49,30.5,21.0,AI / Tech,AI Networking,Attraktiv,True
2026-07-07,Short Term Top 8,7,V,Visa Inc.,,0.82,,0.17,7,Gut,8,Hoch,19.46,352.20001220703125,0.64,0.09,0.1,0.08,0.07,7318950.0,9327188.0,0.78,Normal,Hold Zone,19.46,26.0,28.0,Finance,Fintech,Review,True
2026-07-07,Short Term Top 8,8,OMCL,"Omnicell, Inc.",,0.62,,0.29,7,Gut,2,Niedrig,18.86,44.36000061035156,0.24,0.03,0.06,0.06,0.13,641578.0,816694.0,0.79,Normal,Watchlist Zone,18.86,18.5,8.0,Healthcare,AI in Healthcare,Hold,False
2026-07-07,Long Term Entry Top 8,1,TSM,Taiwan Semiconductor Manufactur,,0.82,,0.26,7,Gut,9,Hoch,31.5,432.5700073242188,0.64,0.04,0.02,0.03,0.26,14824086.0,14995839.0,0.99,Normal,Hold Zone,18.46,31.5,20.0,AI / Tech,AI Compute,Attraktiv,True
2026-07-07,Long Term Entry Top 8,2,META,"Meta Platforms, Inc.",,0.35,,0.07,4,Neutral,10,Hoch,31.5,615.5800170898438,-0.3,0.04,0.05,0.02,-0.04,18230404.0,18919335.0,0.96,Normal,Weak Zone,9.0,31.5,38.0,AI / Tech,AI Software & Platforms,Review,True
2026-07-07,Long Term Entry Top 8,3,ANET,"Arista Networks, Inc.",,0.83,,0.25,7,Gut,8,Hoch,30.5,166.4600067138672,0.66,0.08,0.06,0.04,0.16,8964451.0,8159043.0,1.1,Normal,Hold Zone,19.49,30.5,21.0,AI / Tech,AI Networking,Attraktiv,True
2026-07-07,Long Term Entry Top 8,4,LRCX,Lam Research Corporation,,0.68,,0.45,9,Sehr gut,8,Hoch,30.5,326.1300048828125,0.35,0.08,0.01,0.01,0.45,15504890.0,15015664.0,1.03,Normal,Watchlist Zone,18.025,30.5,18.0,AI / Tech,Semiconductor Equipment,Hold,True
2026-07-07,Long Term Entry Top 8,5,NVO,Novo Nordisk A/S,,0.44,,0.34,8,Sehr gut,10,Hoch,30.0,49.63999938964844,-0.11,0.16,0.21,0.11,0.07,12215698.0,13199695.0,0.93,Normal,Transition Zone,15.0,30.0,25.0,Healthcare,Pharma,Review,True
2026-07-07,Long Term Entry Top 8,6,TXN,Texas Instruments Incorporated,,0.78,,0.48,7,Gut,8,Hoch,28.5,293.29998779296875,0.56,0.03,0.01,-0.01,0.36,8283788.0,10401899.0,0.8,Normal,Hold Zone,11.34,28.5,18.0,AI / Tech,AI Compute,Attraktiv,True
2026-07-07,Long Term Entry Top 8,7,C,"Citigroup, Inc.",,0.89,,0.21,7,Gut,9,Hoch,28.0,140.77000427246094,0.78,0.06,0.06,0.06,0.22,9219672.0,14003799.0,0.66,Normal,Upper Range,15.670000000000002,28.0,30.0,Finance,Banks,Hold,True
2026-07-07,Long Term Entry Top 8,8,MA,Mastercard Incorporated,,0.5,,0.07,6,Gut,8,Hoch,27.0,531.6199951171875,-0.0,0.08,0.09,0.07,0.0,3506454.0,4212663.0,0.83,Normal,Transition Zone,18.0,27.0,32.0,Finance,Fintech,Review,True
2026-07-07,Early Play,1,PATH,"UiPath, Inc.",,0.23,,0.06,2,Riskant,4,Niedrig,28.0,11.649999618530272,-0.54,0.04,0.04,0.08,-0.1,73273736.0,54739187.0,1.34,Normal,Weak Zone,5.0,16.5,28.0,AI / Tech,Robotics & Automation,Review,False
2026-07-07,Early Play,2,SHOP,Shopify Inc.,,0.32,,0.04,1,Riskant,3,Niedrig,26.0,121.87999725341795,-0.37,0.11,0.1,0.09,-0.1,10287374.0,8847154.0,1.16,Normal,Weak Zone,1.5,14.5,26.0,Consumer & Retail,E-Commerce,Review,False
2026-07-07,Early Play,3,CPRI,Capri Holdings Limited,,0.23,,0.05,1,Riskant,2,Niedrig,21.0,19.420000076293945,-0.53,0.03,0.0,0.02,-0.08,3260147.0,2804817.0,1.16,Normal,Weak Zone,-0.5,11.5,21.0,Consumer & Retail,Luxury & Brands,Review,False
2026-07-07,Early Play,4,RXRX,"Recursion Pharmaceuticals, Inc.",,0.24,,0.2,1,Riskant,0,Niedrig,18.0,3.839999914169312,-0.51,0.16,0.16,0.15,-0.06,28793109.0,22598215.0,1.27,Normal,Weak Zone,2.5,9.5,18.0,Healthcare,AI in Healthcare,Review,False
2026-07-07,Early Play,5,DE,Deere & Company,,0.72,,0.05,3,Riskant,2,Niedrig,17.0,603.6099853515625,0.45,0.04,0.05,0.04,0.13,1427397.0,1326420.0,1.08,Normal,Hold Zone,10.175,8.0,17.0,Real Assets,Agriculture,Review,False
2026-07-07,Early Play,6,AZTA,"Azenta, Inc.",,0.37,,0.17,3,Riskant,0,Niedrig,16.0,25.3700008392334,-0.27,0.12,0.12,0.14,-0.11,814409.0,756985.0,1.08,Normal,Transition Zone,9.5,9.5,16.0,AI / Tech,Robotics & Automation,Review,False
2026-07-07,Early Play,7,RIVN,"Rivian Automotive, Inc.",,0.44,,0.12,5,Neutral,1,Niedrig,13.0,16.489999771118164,-0.12,0.01,-0.02,0.05,0.04,90129214.0,35593481.0,2.53,Normal,Transition Zone,13.5,6.0,13.0,Mobility & Transport Tech,Electric Vehicles,Review,False
2026-07-08,Ranking Attraktiv,1,DB,Deutsche Bank AG,,0.69,,0.14,9,Sehr gut,5,Mittel,9.0,35.27000045776367,0.37,0.13,0.11,0.09,0.05,1918917.0,2900391.0,0.66,Normal,Watchlist Zone,23.055,22.0,22.0,Finance,Banks,Attraktiv,False
2026-07-08,Ranking Attraktiv,2,RHHBY,Roche Holding Ltd,,0.68,,0.03,8,Sehr gut,6,Mittel,8.0,51.7599983215332,0.36,0.02,0.03,0.01,0.05,70363.0,1687748.0,0.04,Normal,Watchlist Zone,17.54,22.0,18.0,Healthcare,Pharma,Attraktiv,False
2026-07-08,Ranking Attraktiv,3,AIG,"American International Group, I",,0.58,,0.04,8,Sehr gut,5,Mittel,8.0,79.62000274658203,0.17,0.08,0.08,0.05,0.04,2360874.0,4692649.0,0.5,Normal,Watchlist Zone,19.255,21.0,27.0,Finance,Insurance,Attraktiv,False
2026-07-08,Ranking Attraktiv,4,CPA,"Copa Holdings, S.A.",,0.78,,0.25,8,Sehr gut,8,Hoch,8.0,147.3800048828125,0.56,0.12,0.09,0.09,0.17,480853.0,348258.0,1.38,Normal,Hold Zone,20.84,29.0,23.0,Industrials,Aerospace,Attraktiv,True
2026-07-08,Ranking Attraktiv,5,C,"Citigroup, Inc.",,0.84,,0.12,8,Sehr gut,9,Hoch,8.0,137.38999938964844,0.67,0.03,0.02,0.04,0.19,9780922.0,13941216.0,0.7,Normal,Hold Zone,19.005,28.0,27.0,Finance,Banks,Attraktiv,True
2026-07-08,Ranking Attraktiv,6,BAC,Bank of America Corporation,,0.85,,0.12,7,Gut,7,Mittel,7.0,58.29999923706055,0.7,0.09,0.07,0.08,0.11,29488712.0,35993866.0,0.82,Normal,Hold Zone,18.55,23.0,27.0,Finance,Banks,Attraktiv,False
2026-07-08,Ranking Attraktiv,7,CINF,Cincinnati Financial Corporatio,,0.76,,0.12,7,Gut,5,Mittel,7.0,181.56500244140625,0.51,0.13,0.11,0.08,0.12,911589.0,942209.0,0.97,Normal,Hold Zone,18.265,21.0,23.0,Finance,Insurance,Attraktiv,False
2026-07-08,Ranking Attraktiv,8,BIIB,Biogen Inc.,,0.8,,0.11,7,Gut,5,Mittel,7.0,200.3600006103516,0.61,0.04,0.01,0.02,0.12,1893754.0,1260263.0,1.5,Normal,Hold Zone,17.415,20.0,22.0,Healthcare,Biotech,Attraktiv,False
2026-07-08,Ranking Attraktiv,9,TSM,Taiwan Semiconductor Manufactur,,0.84,,0.2,7,Gut,9,Hoch,7.0,436.9800109863281,0.67,0.03,0.02,0.04,0.27,10277039.0,14951137.0,0.69,Normal,Hold Zone,17.505000000000003,28.5,27.0,AI / Tech,Semiconductor Materials,Attraktiv,True
2026-07-08,Ranking Attraktiv,10,UAL,"United Airlines Holdings, Inc.",,0.79,,0.31,7,Gut,5,Mittel,7.0,126.22000122070312,0.57,0.2,0.15,0.15,0.22,5395456.0,5883878.0,0.92,Normal,Hold Zone,12.355,21.0,10.0,Industrials,Aerospace,Attraktiv,False
2026-07-08,Ranking Attraktiv,11,S,"SentinelOne, Inc.",,0.63,,0.32,7,Gut,2,Niedrig,7.0,17.809999465942383,0.25,0.13,0.17,0.1,0.15,4033713.0,6374136.0,0.63,Normal,Watchlist Zone,14.875,18.5,8.0,AI / Tech,Cybersecurity,Attraktiv,False
2026-07-08,Ranking Attraktiv,12,BMRN,BioMarin Pharmaceutical Inc.,,0.62,,0.04,6,Gut,2,Niedrig,6.0,59.75,0.23,0.06,0.03,0.08,0.07,1482718.0,2003581.0,0.74,Normal,Watchlist Zone,15.345,13.0,16.0,Healthcare,Biotech,Attraktiv,False
2026-07-08,Short Term Top 8,1,DB,Deutsche Bank AG,,0.69,,0.14,9,Sehr gut,5,Mittel,23.055,35.27000045776367,0.37,0.13,0.11,0.09,0.05,1918917.0,2900391.0,0.66,Normal,Watchlist Zone,23.055,22.0,22.0,Finance,Banks,Attraktiv,False
2026-07-08,Short Term Top 8,2,CPA,"Copa Holdings, S.A.",,0.78,,0.25,8,Sehr gut,8,Hoch,20.84,147.3800048828125,0.56,0.12,0.09,0.09,0.17,480853.0,348258.0,1.38,Normal,Hold Zone,20.84,29.0,23.0,Industrials,Aerospace,Attraktiv,True
2026-07-08,Short Term Top 8,3,HEINY,Heineken N.V.,,0.68,,0.1,7,Gut,3,Niedrig,20.04,43.459999084472656,0.36,0.13,0.09,0.09,0.09,2193.0,88620.0,0.02,Normal,Watchlist Zone,20.04,20.5,18.0,Consumer & Retail,Food & Beverages,Review,False
2026-07-08,Short Term Top 8,4,OMCL,"Omnicell, Inc.",,0.65,,0.27,7,Gut,2,Niedrig,19.95,45.119998931884766,0.3,0.08,0.11,0.07,0.15,638308.0,819420.0,0.78,Normal,Watchlist Zone,19.95,18.5,8.0,Healthcare,AI in Healthcare,Hold,False
2026-07-08,Short Term Top 8,5,V,Visa Inc.,,0.76,,0.13,7,Gut,8,Hoch,19.265,347.5299987792969,0.51,0.09,0.07,0.06,0.06,10083304.0,9552930.0,1.06,Normal,Hold Zone,19.265,28.0,29.0,Finance,Fintech,Review,True
2026-07-08,Short Term Top 8,6,AIG,"American International Group, I",,0.58,,0.04,8,Sehr gut,5,Mittel,19.255,79.62000274658203,0.17,0.08,0.08,0.05,0.04,2360874.0,4692649.0,0.5,Normal,Watchlist Zone,19.255,21.0,27.0,Finance,Insurance,Attraktiv,False
2026-07-08,Short Term Top 8,7,ONTO,Onto Innovation Inc.,,0.68,,0.21,7,Gut,3,Niedrig,19.04,291.45001220703125,0.36,0.08,0.06,-0.01,0.4,1243207.0,1512910.0,0.82,Normal,Watchlist Zone,19.04,19.5,19.0,AI / Tech,Semiconductor Equipment,Hold,False
2026-07-08,Short Term Top 8,8,C,"Citigroup, Inc.",,0.84,,0.12,8,Sehr gut,9,Hoch,19.005,137.38999938964844,0.67,0.03,0.02,0.04,0.19,9780922.0,13941216.0,0.7,Normal,Hold Zone,19.005,28.0,27.0,Finance,Banks,Attraktiv,True
2026-07-08,Long Term Entry Top 8,1,LRCX,Lam Research Corporation,,0.7,,0.35,9,Sehr gut,8,Hoch,32.5,333.1499938964844,0.39,0.03,0.02,0.02,0.48,7979648.0,14842677.0,0.54,Normal,Watchlist Zone,17.085,32.5,17.0,AI / Tech,Semiconductor Equipment,Hold,True
2026-07-08,Long Term Entry Top 8,2,TSM,Taiwan Semiconductor Manufactur,,0.84,,0.2,7,Gut,9,Hoch,31.5,436.9800109863281,0.67,0.03,0.02,0.04,0.27,10277039.0,14951137.0,0.69,Normal,Hold Zone,17.505000000000003,31.5,27.0,AI / Tech,AI Compute,Hold,True
2026-07-08,Long Term Entry Top 8,3,NVO,Novo Nordisk A/S,,0.42,,0.3,8,Sehr gut,10,Hoch,30.0,48.88999938964844,-0.16,0.19,0.16,0.09,0.05,7536873.0,12542379.0,0.6,Normal,Transition Zone,19.0,30.0,27.0,Healthcare,Pharma,Review,True
2026-07-08,Long Term Entry Top 8,4,CPA,"Copa Holdings, S.A.",,0.78,,0.25,8,Sehr gut,8,Hoch,29.0,147.3800048828125,0.56,0.12,0.09,0.09,0.17,480853.0,348258.0,1.38,Normal,Hold Zone,20.84,29.0,23.0,Industrials,Aerospace,Attraktiv,True
2026-07-08,Long Term Entry Top 8,5,TXN,Texas Instruments Incorporated,,0.82,,0.45,7,Gut,8,Hoch,28.5,301.32000732421875,0.64,0.04,0.04,0.01,0.4,6216204.0,10323335.0,0.6,Normal,Hold Zone,14.46,28.5,20.0,AI / Tech,AI Compute,Hold,True
2026-07-08,Long Term Entry Top 8,6,META,"Meta Platforms, Inc.",,0.3,,-0.01,2,Riskant,10,Hoch,28.5,603.1199951171875,-0.39,0.03,0.03,0.0,-0.06,13311707.0,18625820.0,0.71,Normal,Weak Zone,0.0,28.5,32.0,AI / Tech,AI Software & Platforms,Avoid,False
2026-07-08,Long Term Entry Top 8,7,MS,Morgan Stanley,,0.87,,0.25,7,Gut,9,Hoch,28.0,218.07000732421875,0.75,0.03,0.04,0.06,0.22,4049422.0,6133461.0,0.66,Normal,Upper Range,14.625,28.0,22.0,Finance,Banks,Hold,True
2026-07-08,Long Term Entry Top 8,8,V,Visa Inc.,,0.76,,0.13,7,Gut,8,Hoch,28.0,347.5299987792969,0.51,0.09,0.07,0.06,0.06,10083304.0,9552930.0,1.06,Normal,Hold Zone,19.265,28.0,29.0,Finance,Fintech,Review,True
2026-07-08,Early Play,1,V,Visa Inc.,,0.76,,0.13,7,Gut,8,Hoch,29.0,347.5299987792969,0.51,0.09,0.07,0.06,0.06,10083304.0,9552930.0,1.06,Normal,Hold Zone,19.265,28.0,29.0,Finance,Fintech,Review,True
2026-07-08,Early Play,2,AXP,American Express Company,,0.52,,0.07,7,Gut,5,Mittel,28.0,336.3900146484375,0.03,0.08,0.06,0.04,0.0,3538434.0,3276867.0,1.08,Normal,Transition Zone,18.545,20.0,28.0,Finance,Fintech,Review,False
2026-07-08,Early Play,3,SE,Sea Limited,,0.23,,0.23,2,Riskant,3,Niedrig,16.0,105.30999755859376,-0.54,0.25,0.24,0.17,-0.1,4416642.0,3969102.0,1.11,Normal,Weak Zone,4.0,14.5,16.0,Consumer & Retail,E-Commerce,Review,False
2026-07-08,Early Play,4,RIVN,"Rivian Automotive, Inc.",,0.46,,0.1,4,Neutral,1,Niedrig,16.0,16.65999984741211,-0.08,-0.01,0.06,0.06,0.05,110553343.0,40041762.0,2.76,Normal,Transition Zone,13.0,10.0,16.0,Mobility & Transport Tech,Electric Vehicles,Review,False
2026-07-08,Early Play,5,W,Wayfair Inc.,,0.5,,0.17,6,Gut,2,Niedrig,14.0,86.73999786376953,0.01,0.29,0.22,0.16,-0.0,3908837.0,3609187.0,1.08,Normal,Transition Zone,16.015,17.5,14.0,Consumer & Retail,E-Commerce,Review,False
2026-07-08,High Conviction Early Play,1,V,Visa Inc.,,0.76,,0.13,7,Gut,8,Hoch,29.0,347.5299987792969,0.51,0.09,0.07,0.06,0.06,10083304.0,9552930.0,1.06,Normal,Hold Zone,19.265,28.0,29.0,Finance,Fintech,Review,True
2026-07-09,Ranking Attraktiv,1,DB,Deutsche Bank AG,,0.7,,0.13,9,Sehr gut,5,Mittel,9.0,35.400001525878906,0.39,0.11,0.14,0.09,0.05,1651747.0,2760412.0,0.6,Normal,Watchlist Zone,23.085,22.0,22.0,Finance,Banks,Attraktiv,False
2026-07-09,Ranking Attraktiv,2,WFC,Wells Fargo & Company,,0.59,,0.02,8,Sehr gut,6,Mittel,8.0,86.91000366210938,0.18,0.06,0.06,0.08,0.04,7528947.0,14393982.0,0.52,Normal,Watchlist Zone,19.27,23.0,26.0,Finance,Banks,Attraktiv,False
2026-07-09,Ranking Attraktiv,3,CPA,"Copa Holdings, S.A.",,0.82,,0.27,8,Sehr gut,8,Hoch,8.0,149.88999938964844,0.64,0.11,0.17,0.1,0.19,177163.0,335958.0,0.53,Normal,Hold Zone,20.96,27.0,20.0,Industrials,Aerospace,Attraktiv,True
2026-07-09,Ranking Attraktiv,4,AIG,"American International Group, I",,0.55,,0.02,8,Sehr gut,5,Mittel,8.0,79.11000061035156,0.1,0.08,0.06,0.04,0.03,1901872.0,4506184.0,0.42,Normal,Watchlist Zone,19.15,21.0,24.0,Finance,Insurance,Attraktiv,False
2026-07-09,Ranking Attraktiv,5,CINF,Cincinnati Financial Corporatio,,0.64,,0.08,8,Sehr gut,5,Mittel,8.0,175.42999267578125,0.28,0.08,0.06,0.04,0.08,2000452.0,1008063.0,1.98,Normal,Watchlist Zone,21.42,22.0,27.0,Finance,Insurance,Attraktiv,False
2026-07-09,Ranking Attraktiv,6,UAL,"United Airlines Holdings, Inc.",,0.83,,0.32,7,Gut,5,Mittel,7.0,129.0500030517578,0.66,0.18,0.26,0.17,0.24,4219776.0,5784604.0,0.73,Normal,Hold Zone,12.49,18.0,9.0,Industrials,Aerospace,Attraktiv,False
2026-07-09,Ranking Attraktiv,7,PGR,Progressive Corporation (The),,0.81,,0.15,7,Gut,5,Mittel,7.0,229.5200042724609,0.62,0.15,0.12,0.12,0.1,1338929.0,3659971.0,0.37,Normal,Hold Zone,17.43,19.0,22.0,Finance,Insurance,Attraktiv,False
2026-07-09,Ranking Attraktiv,8,GS,"Goldman Sachs Group, Inc. (The)",,0.84,,0.17,7,Gut,7,Mittel,7.0,1055.969970703125,0.69,0.02,0.05,0.05,0.18,920494.0,2198630.0,0.42,Normal,Hold Zone,17.535,22.0,23.0,Finance,Banks,Attraktiv,False
2026-07-09,Ranking Attraktiv,9,LRCX,Lam Research Corporation,,0.75,,0.37,7,Gut,8,Hoch,7.0,353.1700134277344,0.51,0.08,0.1,0.08,0.56,12082729.0,14725961.0,0.82,Normal,Hold Zone,14.265,30.5,21.0,AI / Tech,Semiconductor Equipment,Attraktiv,True
2026-07-09,Ranking Attraktiv,10,TSM,Taiwan Semiconductor Manufactur,,0.84,,0.2,7,Gut,9,Hoch,7.0,436.9599914550781,0.67,0.02,0.07,0.03,0.26,11404790.0,14518110.0,0.79,Normal,Hold Zone,18.505,28.5,27.0,AI / Tech,Semiconductor Materials,Attraktiv,True
2026-07-09,Ranking Attraktiv,11,HEI,Heico Corporation,,0.85,,0.2,6,Gut,7,Mittel,6.0,352.1300048828125,0.69,0.08,0.1,0.11,0.12,298131.0,468687.0,0.64,Normal,Hold Zone,16.035,23.0,26.0,Industrials,Aerospace,Attraktiv,False
2026-07-09,Ranking Attraktiv,12,AMAT,"Applied Materials, Inc.",,0.74,,0.48,6,Gut,5,Mittel,6.0,588.6599731445312,0.48,0.18,0.18,0.17,0.7,14047790.0,13246804.0,1.06,Normal,Hold Zone,10.72,22.5,10.0,AI / Tech,Semiconductor Equipment,Attraktiv,False
2026-07-09,Short Term Top 8,1,DB,Deutsche Bank AG,,0.7,,0.13,9,Sehr gut,5,Mittel,23.085,35.400001525878906,0.39,0.11,0.14,0.09,0.05,1651747.0,2760412.0,0.6,Normal,Watchlist Zone,23.085,22.0,22.0,Finance,Banks,Attraktiv,False
2026-07-09,Short Term Top 8,2,AVGO,Broadcom Inc.,,0.59,,0.13,9,Sehr gut,9,Hoch,21.77,401.1099853515625,0.18,0.02,0.08,-0.01,0.11,27437098.0,30433785.0,0.9,Normal,Watchlist Zone,21.77,33.5,33.0,AI / Tech,AI Compute,Hold,True
2026-07-09,Short Term Top 8,3,CINF,Cincinnati Financial Corporatio,,0.64,,0.08,8,Sehr gut,5,Mittel,21.42,175.42999267578125,0.28,0.08,0.06,0.04,0.08,2000452.0,1008063.0,1.98,Normal,Watchlist Zone,21.42,22.0,27.0,Finance,Insurance,Attraktiv,False
2026-07-09,Short Term Top 8,4,AXP,American Express Company,,0.62,,0.09,8,Sehr gut,5,Mittel,21.36,346.7200012207031,0.24,0.09,0.11,0.07,0.03,2205559.0,3256948.0,0.68,Normal,Watchlist Zone,21.36,22.0,22.0,Finance,Fintech,Review,False
2026-07-09,Short Term Top 8,5,CPA,"Copa Holdings, S.A.",,0.82,,0.27,8,Sehr gut,8,Hoch,20.96,149.88999938964844,0.64,0.11,0.17,0.1,0.19,177163.0,335958.0,0.53,Normal,Hold Zone,20.96,27.0,20.0,Industrials,Aerospace,Attraktiv,True
2026-07-09,Short Term Top 8,6,OMCL,"Omnicell, Inc.",,0.67,,0.29,7,Gut,2,Niedrig,19.995,45.59000015258789,0.33,0.12,0.19,0.08,0.16,569204.0,822140.0,0.69,Normal,Watchlist Zone,19.995,18.5,5.0,Healthcare,AI in Healthcare,Hold,False
2026-07-09,Short Term Top 8,7,HEINY,Heineken N.V.,,0.61,,0.09,7,Gut,3,Niedrig,19.83,42.720001220703125,0.22,0.08,0.07,0.07,0.07,3833.0,84612.0,0.05,Normal,Watchlist Zone,19.83,20.5,18.0,Consumer & Retail,Food & Beverages,Review,False
2026-07-09,Short Term Top 8,8,V,Visa Inc.,,0.77,,0.13,7,Gut,8,Hoch,19.295,348.20001220703125,0.53,0.07,0.08,0.06,0.06,4987399.0,9491875.0,0.53,Normal,Hold Zone,19.295,28.0,28.0,Finance,Fintech,Review,True
2026-07-09,Long Term Entry Top 8,1,AVGO,Broadcom Inc.,,0.59,,0.13,9,Sehr gut,9,Hoch,33.5,401.1099853515625,0.18,0.02,0.08,-0.01,0.11,27437098.0,30433785.0,0.9,Normal,Watchlist Zone,21.77,33.5,33.0,AI / Tech,AI Compute,Hold,True
2026-07-09,Long Term Entry Top 8,2,META,"Meta Platforms, Inc.",,0.41,,0.01,7,Gut,10,Hoch,32.5,631.47998046875,-0.18,0.08,0.11,0.05,-0.02,25282764.0,19055828.0,1.33,Normal,Transition Zone,17.5,32.5,35.0,AI / Tech,AI Software & Platforms,Review,True
2026-07-09,Long Term Entry Top 8,3,TSM,Taiwan Semiconductor Manufactur,,0.84,,0.2,7,Gut,9,Hoch,31.5,436.9599914550781,0.67,0.02,0.07,0.03,0.26,11404790.0,14518110.0,0.79,Normal,Hold Zone,18.505,31.5,27.0,AI / Tech,AI Compute,Hold,True
2026-07-09,Long Term Entry Top 8,4,LRCX,Lam Research Corporation,,0.75,,0.37,7,Gut,8,Hoch,30.5,353.1700134277344,0.51,0.08,0.1,0.08,0.56,12082729.0,14725961.0,0.82,Normal,Hold Zone,14.265,30.5,21.0,AI / Tech,Semiconductor Equipment,Attraktiv,True
2026-07-09,Long Term Entry Top 8,5,HALO,"Halozyme Therapeutics, Inc.",,0.86,,0.17,7,Gut,10,Hoch,30.0,78.62000274658203,0.73,0.1,0.12,0.12,0.14,1782572.0,1985339.0,0.9,Normal,Upper Range,14.595,30.0,33.0,Healthcare,Biotech,Hold,True
2026-07-09,Long Term Entry Top 8,6,NVO,Novo Nordisk A/S,,0.42,,0.31,8,Sehr gut,10,Hoch,30.0,48.880001068115234,-0.16,0.16,0.14,0.08,0.05,4378354.0,12105338.0,0.36,Normal,Transition Zone,16.0,30.0,27.0,Healthcare,Pharma,Review,True
2026-07-09,Long Term Entry Top 8,7,TXN,Texas Instruments Incorporated,,0.86,,0.44,6,Gut,8,Hoch,28.5,308.5299987792969,0.72,0.07,0.09,0.03,0.43,6101718.0,10198351.0,0.6,Normal,Upper Range,9.08,28.5,20.0,AI / Tech,AI Compute,Hold,True
2026-07-09,Long Term Entry Top 8,8,V,Visa Inc.,,0.77,,0.13,7,Gut,8,Hoch,28.0,348.20001220703125,0.53,0.07,0.08,0.06,0.06,4987399.0,9491875.0,0.53,Normal,Hold Zone,19.295,28.0,28.0,Finance,Fintech,Review,True
2026-07-09,Early Play,1,PATH,"UiPath, Inc.",,0.24,,0.19,3,Riskant,4,Niedrig,30.0,11.800000190734863,-0.51,0.1,0.1,0.09,-0.09,98073136.0,58004987.0,1.69,Normal,Weak Zone,6.5,17.5,30.0,AI / Tech,Robotics & Automation,Review,False
2026-07-09,Early Play,2,CINF,Cincinnati Financial Corporatio,,0.64,,0.08,8,Sehr gut,5,Mittel,27.0,175.42999267578125,0.28,0.08,0.06,0.04,0.08,2000452.0,1008063.0,1.98,Normal,Watchlist Zone,21.42,22.0,27.0,Finance,Insurance,Attraktiv,False
2026-07-09,Early Play,3,AES,The AES Corporation,,0.54,,0.03,7,Gut,6,Mittel,27.0,14.729999542236328,0.08,0.0,0.01,0.01,0.04,23692362.0,8706028.0,2.72,Normal,Transition Zone,14.62,17.0,27.0,Energy,Renewables,Review,False
2026-07-09,Early Play,4,RIVN,"Rivian Automotive, Inc.",,0.59,,0.19,7,Gut,1,Niedrig,19.0,18.1200008392334,0.18,0.15,0.23,0.16,0.14,83489927.0,42239666.0,1.98,Normal,Watchlist Zone,18.77,11.0,19.0,Mobility & Transport Tech,Electric Vehicles,Review,False
2026-07-09,Early Play,5,ONTO,Onto Innovation Inc.,,0.77,,0.28,5,Neutral,3,Niedrig,8.0,317.0199890136719,0.53,0.16,0.18,0.08,0.51,1762370.0,1545338.0,1.14,Normal,Hold Zone,15.295,19.5,8.0,AI / Tech,Semiconductor Equipment,Attraktiv,False
2026-07-10,Ranking Attraktiv,1,NVDA,NVIDIA Corporation,,0.66,,0.12,10,Sehr gut,10,Hoch,10.0,210.9600067138672,0.32,0.05,0.03,0.01,0.1,147203662.0,146772808.0,1.0,Normal,Watchlist Zone,24.48,37.5,33.0,AI / Tech,AI Compute,Attraktiv,True
2026-07-10,Ranking Attraktiv,2,AVGO,Broadcom Inc.,,0.58,,0.08,8,Sehr gut,9,Hoch,8.0,399.9700012207031,0.17,0.08,0.04,-0.01,0.11,13913232.0,29251617.0,0.48,Normal,Watchlist Zone,21.255,34.5,35.0,AI / Tech,AI Compute,Attraktiv,True
2026-07-10,Ranking Attraktiv,3,HALO,"Halozyme Therapeutics, Inc.",,0.77,,0.12,8,Sehr gut,10,Hoch,8.0,76.19999694824219,0.54,0.08,0.08,0.08,0.1,1456265.0,1960783.0,0.74,Normal,Hold Zone,20.81,33.0,32.0,Healthcare,Biotech,Attraktiv,True
2026-07-10,Ranking Attraktiv,4,WFC,Wells Fargo & Company,,0.6,,0.03,8,Sehr gut,6,Mittel,8.0,87.16000366210938,0.2,0.06,0.06,0.08,0.04,5363191.0,14322900.0,0.37,Normal,Watchlist Zone,19.3,23.0,21.0,Finance,Banks,Attraktiv,False
2026-07-10,Ranking Attraktiv,5,CPA,"Copa Holdings, S.A.",,0.83,,0.28,8,Sehr gut,8,Hoch,8.0,150.58999633789062,0.67,0.17,0.08,0.1,0.2,179623.0,331901.0,0.54,Normal,Hold Zone,21.005,27.0,20.0,Industrials,Aerospace,Attraktiv,True
2026-07-10,Ranking Attraktiv,6,AIG,"American International Group, I",,0.56,,0.04,8,Sehr gut,5,Mittel,8.0,79.16999816894531,0.11,0.06,0.06,0.04,0.03,1117297.0,4387840.0,0.25,Normal,Watchlist Zone,19.165,21.0,27.0,Finance,Insurance,Attraktiv,False
2026-07-10,Ranking Attraktiv,7,PGR,Progressive Corporation (The),,0.83,,0.19,7,Gut,5,Mittel,7.0,230.72000122070312,0.66,0.13,0.14,0.12,0.11,1477550.0,3638118.0,0.41,Normal,Hold Zone,17.49,19.0,22.0,Finance,Insurance,Attraktiv,False
2026-07-10,Ranking Attraktiv,8,TSM,Taiwan Semiconductor Manufactur,,0.83,,0.17,7,Gut,9,Hoch,7.0,434.1099853515625,0.65,0.06,0.03,0.03,0.25,9558426.0,14341586.0,0.67,Normal,Hold Zone,18.475,32.5,30.0,AI / Tech,AI Compute,Attraktiv,True
2026-07-10,Ranking Attraktiv,9,DB,Deutsche Bank AG,,0.73,,0.14,7,Gut,5,Mittel,7.0,35.77000045776367,0.45,0.15,0.11,0.1,0.06,1377280.0,2656709.0,0.52,Normal,Hold Zone,18.175,21.0,22.0,Finance,Banks,Attraktiv,False
2026-07-10,Ranking Attraktiv,10,GS,"Goldman Sachs Group, Inc. (The)",,0.84,,0.17,7,Gut,7,Mittel,7.0,1055.1800537109375,0.69,0.05,0.02,0.05,0.19,816164.0,2141143.0,0.38,Normal,Hold Zone,17.535,22.0,23.0,Finance,Banks,Attraktiv,False
2026-07-10,Ranking Attraktiv,11,S,"SentinelOne, Inc.",,0.63,,0.5,7,Gut,2,Niedrig,7.0,17.8799991607666,0.27,0.21,0.21,0.09,0.16,5809036.0,6348942.0,0.91,Normal,Watchlist Zone,14.905,16.5,3.0,AI / Tech,Cybersecurity,Attraktiv,False
2026-07-10,Ranking Attraktiv,12,UAL,"United Airlines Holdings, Inc.",,0.77,,0.31,7,Gut,5,Mittel,7.0,126.0,0.55,0.23,0.12,0.14,0.21,3905918.0,5708566.0,0.68,Normal,Hold Zone,12.325,21.0,9.0,Industrials,Aerospace,Attraktiv,False
2026-07-10,Short Term Top 8,1,NVDA,NVIDIA Corporation,,0.66,,0.12,10,Sehr gut,10,Hoch,24.48,210.9600067138672,0.32,0.05,0.03,0.01,0.1,147203662.0,146772808.0,1.0,Normal,Watchlist Zone,24.48,37.5,33.0,AI / Tech,AI Compute,Attraktiv,True
2026-07-10,Short Term Top 8,2,AXP,American Express Company,,0.66,,0.12,9,Sehr gut,5,Mittel,22.98,350.5799865722656,0.32,0.12,0.1,0.08,0.04,2772740.0,3332737.0,0.83,Normal,Watchlist Zone,22.98,22.0,23.0,Finance,Fintech,Review,False
2026-07-10,Short Term Top 8,3,HEINY,Heineken N.V.,,0.68,,0.11,8,Sehr gut,3,Niedrig,21.555,43.4900016784668,0.37,0.08,0.06,0.09,0.09,49439.0,86747.0,0.57,Normal,Watchlist Zone,21.555,21.5,18.0,Consumer & Retail,Food & Beverages,Review,False
2026-07-10,Short Term Top 8,4,AVGO,Broadcom Inc.,,0.58,,0.08,8,Sehr gut,9,Hoch,21.255,399.9700012207031,0.17,0.08,0.04,-0.01,0.11,13913232.0,29251617.0,0.48,Normal,Watchlist Zone,21.255,34.5,35.0,AI / Tech,AI Compute,Attraktiv,True
2026-07-10,Short Term Top 8,5,CPA,"Copa Holdings, S.A.",,0.83,,0.28,8,Sehr gut,8,Hoch,21.005,150.58999633789062,0.67,0.17,0.08,0.1,0.2,179623.0,331901.0,0.54,Normal,Hold Zone,21.005,27.0,20.0,Industrials,Aerospace,Attraktiv,True
2026-07-10,Short Term Top 8,6,HALO,"Halozyme Therapeutics, Inc.",,0.77,,0.12,8,Sehr gut,10,Hoch,20.81,76.19999694824219,0.54,0.08,0.08,0.08,0.1,1456265.0,1960783.0,0.74,Normal,Hold Zone,20.81,33.0,32.0,Healthcare,Biotech,Attraktiv,True
2026-07-10,Short Term Top 8,7,META,"Meta Platforms, Inc.",,0.55,,0.06,8,Sehr gut,10,Hoch,20.135,669.2100219726562,0.09,0.17,0.18,0.12,0.04,39408342.0,20237892.0,1.95,Normal,Transition Zone,20.135,36.5,39.0,AI / Tech,AI Software & Platforms,Review,True
2026-07-10,Short Term Top 8,8,IBM,International Business Machines,,0.63,,0.26,7,Gut,4,Niedrig,19.875,287.5599975585937,0.25,0.06,0.05,0.1,0.06,2700248.0,8139192.0,0.33,Normal,Watchlist Zone,19.875,22.5,12.0,Healthcare,AI in Healthcare,Hold,False
2026-07-10,Long Term Entry Top 8,1,NVDA,NVIDIA Corporation,,0.66,,0.12,10,Sehr gut,10,Hoch,37.5,210.9600067138672,0.32,0.05,0.03,0.01,0.1,147203662.0,146772808.0,1.0,Normal,Watchlist Zone,24.48,37.5,33.0,AI / Tech,AI Compute,Attraktiv,True
2026-07-10,Long Term Entry Top 8,2,META,"Meta Platforms, Inc.",,0.55,,0.06,8,Sehr gut,10,Hoch,36.5,669.2100219726562,0.09,0.17,0.18,0.12,0.04,39408342.0,20237892.0,1.95,Normal,Transition Zone,20.135,36.5,39.0,AI / Tech,AI Software & Platforms,Review,True
2026-07-10,Long Term Entry Top 8,3,AVGO,Broadcom Inc.,,0.58,,0.08,8,Sehr gut,9,Hoch,34.5,399.9700012207031,0.17,0.08,0.04,-0.01,0.11,13913232.0,29251617.0,0.48,Normal,Watchlist Zone,21.255,34.5,35.0,AI / Tech,AI Compute,Attraktiv,True
2026-07-10,Long Term Entry Top 8,4,HALO,"Halozyme Therapeutics, Inc.",,0.77,,0.12,8,Sehr gut,10,Hoch,33.0,76.19999694824219,0.54,0.08,0.08,0.08,0.1,1456265.0,1960783.0,0.74,Normal,Hold Zone,20.81,33.0,32.0,Healthcare,Biotech,Attraktiv,True
2026-07-10,Long Term Entry Top 8,5,TSM,Taiwan Semiconductor Manufactur,,0.83,,0.17,7,Gut,9,Hoch,32.5,434.1099853515625,0.65,0.06,0.03,0.03,0.25,9558426.0,14341586.0,0.67,Normal,Hold Zone,18.475,32.5,30.0,AI / Tech,AI Compute,Attraktiv,True
2026-07-10,Long Term Entry Top 8,6,NVO,Novo Nordisk A/S,,0.44,,0.32,8,Sehr gut,10,Hoch,30.0,49.47999954223633,-0.12,0.16,0.13,0.09,0.07,6128283.0,11637564.0,0.53,Normal,Transition Zone,16.0,30.0,27.0,Healthcare,Pharma,Review,True
2026-07-10,Long Term Entry Top 8,7,TXN,Texas Instruments Incorporated,,0.88,,0.46,6,Gut,8,Hoch,28.5,311.4599914550781,0.75,0.1,0.05,0.04,0.43,4016333.0,10039247.0,0.4,Normal,Upper Range,9.125,28.5,20.0,AI / Tech,AI Compute,Hold,True
2026-07-10,Long Term Entry Top 8,8,V,Visa Inc.,,0.78,,0.15,7,Gut,8,Hoch,28.0,348.9700012207031,0.55,0.08,0.09,0.06,0.06,3375740.0,9451952.0,0.36,Normal,Hold Zone,19.325,28.0,28.0,Finance,Fintech,Review,True
2026-07-10,Early Play,1,META,"Meta Platforms, Inc.",,0.55,,0.06,8,Sehr gut,10,Hoch,39.0,669.2100219726562,0.09,0.17,0.18,0.12,0.04,39408342.0,20237892.0,1.95,Normal,Transition Zone,20.135,36.5,39.0,AI / Tech,AI Software & Platforms,Review,True
2026-07-10,Early Play,2,SOFI,"SoFi Technologies, Inc.",,0.22,,0.16,3,Riskant,6,Mittel,30.0,18.780000686645508,-0.57,0.18,0.13,0.11,-0.15,91350769.0,84648773.0,1.08,Normal,Weak Zone,5.5,18.0,30.0,Finance,Fintech,Review,False
2026-07-10,Early Play,3,PATH,"UiPath, Inc.",,0.23,,0.25,3,Riskant,4,Niedrig,20.0,11.68000030517578,-0.53,0.09,0.1,0.07,-0.1,78661216.0,59589526.0,1.32,Normal,Weak Zone,6.5,17.5,20.0,AI / Tech,Robotics & Automation,Review,False
2026-07-10,Early Play,4,MBLY,Mobileye Global Inc.,,0.29,,0.32,2,Riskant,3,Niedrig,15.0,9.550000190734863,-0.42,0.04,-0.0,0.02,-0.07,8990450.0,6867818.0,1.31,Normal,Weak Zone,-1.0,10.0,15.0,Mobility & Transport Tech,Autonomous Driving,Review,False
2026-07-10,Early Play,5,6954.T,FANUC CORPORATION,,0.67,,0.21,7,Gut,3,Niedrig,9.0,7156.0,0.34,0.03,-0.03,-0.04,0.17,6055500.0,5655400.0,1.07,Normal,Watchlist Zone,14.01,15.5,9.0,AI / Tech,Robotics & Automation,Review,False
2026-07-10,High Conviction Early Play,1,META,"Meta Platforms, Inc.",,0.55,,0.06,8,Sehr gut,10,Hoch,39.0,669.2100219726562,0.09,0.17,0.18,0.12,0.04,39408342.0,20237892.0,1.95,Normal,Transition Zone,20.135,36.5,39.0,AI / Tech,AI Software & Platforms,Review,True
2026-07-11,Ranking Attraktiv,1,NVDA,NVIDIA Corporation,,0.66,,0.12,10,Sehr gut,10,Hoch,10.0,210.9600067138672,0.32,0.05,0.03,0.01,0.1,148124000.0,146818825.0,1.01,Normal,Watchlist Zone,24.48,37.5,33.0,AI / Tech,AI Compute,Attraktiv,True
2026-07-11,Ranking Attraktiv,2,AVGO,Broadcom Inc.,,0.58,,0.08,8,Sehr gut,9,Hoch,8.0,399.9700012207031,0.17,0.08,0.04,-0.01,0.11,14582400.0,29285075.0,0.5,Normal,Watchlist Zone,21.255,34.5,35.0,AI / Tech,AI Compute,Attraktiv,True
2026-07-11,Ranking Attraktiv,3,HALO,"Halozyme Therapeutics, Inc.",,0.77,,0.12,8,Sehr gut,10,Hoch,8.0,76.19999694824219,0.54,0.08,0.08,0.08,0.1,1474300.0,1961685.0,0.75,Normal,Hold Zone,20.81,33.0,32.0,Healthcare,Biotech,Attraktiv,True
2026-07-11,Ranking Attraktiv,4,WFC,Wells Fargo & Company,,0.6,,0.03,8,Sehr gut,6,Mittel,8.0,87.16000366210938,0.2,0.06,0.06,0.08,0.04,14054000.0,14757440.0,0.95,Normal,Watchlist Zone,19.3,23.0,22.0,Finance,Banks,Attraktiv,False
2026-07-11,Ranking Attraktiv,5,AIG,"American International Group, I",,0.56,,0.04,8,Sehr gut,5,Mittel,8.0,79.16999816894531,0.11,0.06,0.06,0.04,0.03,2016500.0,4432800.0,0.45,Normal,Watchlist Zone,19.165,21.0,27.0,Finance,Insurance,Attraktiv,False
2026-07-11,Ranking Attraktiv,6,CPA,"Copa Holdings, S.A.",,0.83,,0.28,8,Sehr gut,8,Hoch,8.0,150.58999633789062,0.67,0.17,0.08,0.1,0.2,201900.0,333015.0,0.61,Normal,Hold Zone,21.005,27.0,20.0,Industrials,Aerospace,Attraktiv,True
2026-07-11,Ranking Attraktiv,7,GS,"Goldman Sachs Group, Inc. (The)",,0.84,,0.17,7,Gut,7,Mittel,7.0,1055.1800537109375,0.69,0.05,0.02,0.05,0.19,1110100.0,2155840.0,0.51,Normal,Hold Zone,17.535,22.0,23.0,Finance,Banks,Attraktiv,False
2026-07-11,Ranking Attraktiv,8,DB,Deutsche Bank AG,,0.73,,0.14,7,Gut,5,Mittel,7.0,35.77000045776367,0.45,0.15,0.11,0.1,0.06,1377300.0,2656710.0,0.52,Normal,Hold Zone,18.175,21.0,22.0,Finance,Banks,Attraktiv,False
2026-07-11,Ranking Attraktiv,9,TSM,Taiwan Semiconductor Manufactur,,0.83,,0.17,7,Gut,9,Hoch,7.0,434.1099853515625,0.65,0.06,0.03,0.03,0.25,9573500.0,14342340.0,0.67,Normal,Hold Zone,18.475,32.5,30.0,AI / Tech,AI Compute,Attraktiv,True
2026-07-11,Ranking Attraktiv,10,PGR,Progressive Corporation (The),,0.83,,0.19,7,Gut,5,Mittel,7.0,230.72000122070312,0.66,0.13,0.14,0.12,0.11,1477700.0,3638125.0,0.41,Normal,Hold Zone,17.49,19.0,22.0,Finance,Insurance,Attraktiv,False
2026-07-11,Ranking Attraktiv,11,CINF,Cincinnati Financial Corporatio,,0.71,,0.12,7,Gut,5,Mittel,7.0,179.27999877929688,0.43,0.08,0.07,0.06,0.1,1007100.0,1042675.0,0.97,Normal,Hold Zone,18.145,21.0,23.0,Finance,Insurance,Attraktiv,False
2026-07-11,Ranking Attraktiv,12,UAL,"United Airlines Holdings, Inc.",,0.77,,0.31,7,Gut,5,Mittel,7.0,126.0,0.55,0.23,0.12,0.14,0.21,3964100.0,5711475.0,0.69,Normal,Hold Zone,12.325,21.0,9.0,Industrials,Aerospace,Attraktiv,False
2026-07-11,Short Term Top 8,1,NVDA,NVIDIA Corporation,,0.66,,0.12,10,Sehr gut,10,Hoch,24.48,210.9600067138672,0.32,0.05,0.03,0.01,0.1,148124000.0,146818825.0,1.01,Normal,Watchlist Zone,24.48,37.5,33.0,AI / Tech,AI Compute,Attraktiv,True
2026-07-11,Short Term Top 8,2,AXP,American Express Company,,0.66,,0.12,9,Sehr gut,5,Mittel,22.98,350.5799865722656,0.32,0.12,0.1,0.08,0.04,2792000.0,3333700.0,0.84,Normal,Watchlist Zone,22.98,22.0,23.0,Finance,Fintech,Review,False
2026-07-11,Short Term Top 8,3,HEINY,Heineken N.V.,,0.68,,0.11,8,Sehr gut,3,Niedrig,21.555,43.4900016784668,0.37,0.08,0.06,0.09,0.09,1090200.0,138785.0,7.86,Normal,Watchlist Zone,21.555,21.5,25.0,Consumer & Retail,Food & Beverages,Review,False
2026-07-11,Short Term Top 8,4,AVGO,Broadcom Inc.,,0.58,,0.08,8,Sehr gut,9,Hoch,21.255,399.9700012207031,0.17,0.08,0.04,-0.01,0.11,14582400.0,29285075.0,0.5,Normal,Watchlist Zone,21.255,34.5,35.0,AI / Tech,AI Compute,Attraktiv,True
2026-07-11,Short Term Top 8,5,CPA,"Copa Holdings, S.A.",,0.83,,0.28,8,Sehr gut,8,Hoch,21.005,150.58999633789062,0.67,0.17,0.08,0.1,0.2,201900.0,333015.0,0.61,Normal,Hold Zone,21.005,27.0,20.0,Industrials,Aerospace,Attraktiv,True
2026-07-11,Short Term Top 8,6,HALO,"Halozyme Therapeutics, Inc.",,0.77,,0.12,8,Sehr gut,10,Hoch,20.81,76.19999694824219,0.54,0.08,0.08,0.08,0.1,1474300.0,1961685.0,0.75,Normal,Hold Zone,20.81,33.0,32.0,Healthcare,Biotech,Attraktiv,True
2026-07-11,Short Term Top 8,7,META,"Meta Platforms, Inc.",,0.55,,0.06,8,Sehr gut,10,Hoch,20.135,669.2100219726562,0.09,0.17,0.18,0.12,0.04,40563100.0,20295630.0,2.0,Normal,Transition Zone,20.135,36.5,39.0,AI / Tech,AI Software & Platforms,Review,True
2026-07-11,Short Term Top 8,8,IBM,International Business Machines,,0.63,,0.26,7,Gut,4,Niedrig,19.875,287.5599975585937,0.25,0.06,0.05,0.1,0.06,3634700.0,8185915.0,0.44,Normal,Watchlist Zone,19.875,22.5,12.0,Healthcare,AI in Healthcare,Hold,False
2026-07-11,Long Term Entry Top 8,1,NVDA,NVIDIA Corporation,,0.66,,0.12,10,Sehr gut,10,Hoch,37.5,210.9600067138672,0.32,0.05,0.03,0.01,0.1,148124000.0,146818825.0,1.01,Normal,Watchlist Zone,24.48,37.5,33.0,AI / Tech,AI Compute,Attraktiv,True
2026-07-11,Long Term Entry Top 8,2,META,"Meta Platforms, Inc.",,0.55,,0.06,8,Sehr gut,10,Hoch,36.5,669.2100219726562,0.09,0.17,0.18,0.12,0.04,40563100.0,20295630.0,2.0,Normal,Transition Zone,20.135,36.5,39.0,AI / Tech,AI Software & Platforms,Review,True
2026-07-11,Long Term Entry Top 8,3,AVGO,Broadcom Inc.,,0.58,,0.08,8,Sehr gut,9,Hoch,34.5,399.9700012207031,0.17,0.08,0.04,-0.01,0.11,14582400.0,29285075.0,0.5,Normal,Watchlist Zone,21.255,34.5,35.0,AI / Tech,AI Compute,Attraktiv,True
2026-07-11,Long Term Entry Top 8,4,HALO,"Halozyme Therapeutics, Inc.",,0.77,,0.12,8,Sehr gut,10,Hoch,33.0,76.19999694824219,0.54,0.08,0.08,0.08,0.1,1474300.0,1961685.0,0.75,Normal,Hold Zone,20.81,33.0,32.0,Healthcare,Biotech,Attraktiv,True
2026-07-11,Long Term Entry Top 8,5,TSM,Taiwan Semiconductor Manufactur,,0.83,,0.17,7,Gut,9,Hoch,32.5,434.1099853515625,0.65,0.06,0.03,0.03,0.25,9573500.0,14342340.0,0.67,Normal,Hold Zone,18.475,32.5,30.0,AI / Tech,AI Compute,Attraktiv,True
2026-07-11,Long Term Entry Top 8,6,NVO,Novo Nordisk A/S,,0.44,,0.32,8,Sehr gut,10,Hoch,30.0,49.47999954223633,-0.12,0.16,0.13,0.09,0.07,6315200.0,11646910.0,0.54,Normal,Transition Zone,16.0,30.0,27.0,Healthcare,Pharma,Review,True
2026-07-11,Long Term Entry Top 8,7,TXN,Texas Instruments Incorporated,,0.88,,0.46,6,Gut,8,Hoch,28.5,311.4599914550781,0.75,0.1,0.05,0.04,0.43,4141500.0,10045505.0,0.41,Normal,Upper Range,9.125,28.5,20.0,AI / Tech,AI Compute,Hold,True
2026-07-11,Long Term Entry Top 8,8,V,Visa Inc.,,0.78,,0.15,7,Gut,8,Hoch,28.0,348.9700012207031,0.55,0.08,0.09,0.06,0.06,4702800.0,9518305.0,0.49,Normal,Hold Zone,19.325,28.0,28.0,Finance,Fintech,Review,True
2026-07-11,Early Play,1,META,"Meta Platforms, Inc.",,0.55,,0.06,8,Sehr gut,10,Hoch,39.0,669.2100219726562,0.09,0.17,0.18,0.12,0.04,40563100.0,20295630.0,2.0,Normal,Transition Zone,20.135,36.5,39.0,AI / Tech,AI Software & Platforms,Review,True
2026-07-11,Early Play,2,SOFI,"SoFi Technologies, Inc.",,0.22,,0.16,3,Riskant,6,Mittel,30.0,18.780000686645508,-0.57,0.18,0.13,0.11,-0.15,91495500.0,84656010.0,1.08,Normal,Weak Zone,5.5,18.0,30.0,Finance,Fintech,Review,False
2026-07-11,Early Play,3,HEINY,Heineken N.V.,,0.68,,0.11,8,Sehr gut,3,Niedrig,25.0,43.4900016784668,0.37,0.08,0.06,0.09,0.09,1090200.0,138785.0,7.86,Normal,Watchlist Zone,21.555,21.5,25.0,Consumer & Retail,Food & Beverages,Review,False
2026-07-11,Early Play,4,PATH,"UiPath, Inc.",,0.23,,0.25,3,Riskant,4,Niedrig,20.0,11.68000030517578,-0.53,0.09,0.1,0.07,-0.1,78681200.0,59590525.0,1.32,Normal,Weak Zone,6.5,17.5,20.0,AI / Tech,Robotics & Automation,Review,False
2026-07-11,Early Play,5,MBLY,Mobileye Global Inc.,,0.29,,0.32,2,Riskant,3,Niedrig,15.0,9.550000190734863,-0.42,0.04,-0.0,0.02,-0.07,8991100.0,6867850.0,1.31,Normal,Weak Zone,-1.0,10.0,15.0,Mobility & Transport Tech,Autonomous Driving,Review,False
2026-07-11,Early Play,6,6954.T,FANUC CORPORATION,,0.67,,0.21,7,Gut,3,Niedrig,9.0,7156.0,0.34,0.03,-0.03,-0.04,0.17,6055500.0,5655400.0,1.07,Normal,Watchlist Zone,14.01,15.5,9.0,AI / Tech,Robotics & Automation,Review,False
2026-07-11,High Conviction Early Play,1,META,"Meta Platforms, Inc.",,0.55,,0.06,8,Sehr gut,10,Hoch,39.0,669.2100219726562,0.09,0.17,0.18,0.12,0.04,40563100.0,20295630.0,2.0,Normal,Transition Zone,20.135,36.5,39.0,AI / Tech,AI Software & Platforms,Review,True
2026-07-12,Ranking Attraktiv,1,NVDA,NVIDIA Corporation,,0.66,,0.12,10,Sehr gut,10,Hoch,10.0,210.9600067138672,0.32,0.05,0.03,0.01,0.1,148124000.0,146818825.0,1.01,Normal,Watchlist Zone,24.48,37.5,33.0,AI / Tech,AI Compute,Attraktiv,True
2026-07-12,Ranking Attraktiv,2,AVGO,Broadcom Inc.,,0.58,,0.08,8,Sehr gut,9,Hoch,8.0,399.9700012207031,0.17,0.08,0.04,-0.01,0.11,14582400.0,29285075.0,0.5,Normal,Watchlist Zone,21.255,34.5,35.0,AI / Tech,AI Compute,Attraktiv,True
2026-07-12,Ranking Attraktiv,3,WFC,Wells Fargo & Company,,0.6,,0.03,8,Sehr gut,6,Mittel,8.0,87.16000366210938,0.2,0.06,0.06,0.08,0.04,14054000.0,14757440.0,0.95,Normal,Watchlist Zone,19.3,23.0,22.0,Finance,Banks,Attraktiv,False
2026-07-12,Ranking Attraktiv,4,AIG,"American International Group, I",,0.56,,0.04,8,Sehr gut,5,Mittel,8.0,79.16999816894531,0.11,0.06,0.06,0.04,0.03,2016500.0,4432800.0,0.45,Normal,Watchlist Zone,19.165,21.0,27.0,Finance,Insurance,Attraktiv,False
2026-07-12,Ranking Attraktiv,5,HALO,"Halozyme Therapeutics, Inc.",,0.77,,0.12,8,Sehr gut,10,Hoch,8.0,76.19999694824219,0.54,0.08,0.08,0.08,0.1,1474300.0,1961685.0,0.75,Normal,Hold Zone,20.81,33.0,32.0,Healthcare,Biotech,Attraktiv,True
2026-07-12,Ranking Attraktiv,6,CPA,"Copa Holdings, S.A.",,0.83,,0.28,8,Sehr gut,8,Hoch,8.0,150.58999633789062,0.67,0.17,0.08,0.1,0.2,201900.0,333015.0,0.61,Normal,Hold Zone,21.005,27.0,20.0,Industrials,Aerospace,Attraktiv,True
2026-07-12,Ranking Attraktiv,7,GS,"Goldman Sachs Group, Inc. (The)",,0.84,,0.17,7,Gut,7,Mittel,7.0,1055.1800537109375,0.69,0.05,0.02,0.05,0.19,1110100.0,2155840.0,0.51,Normal,Hold Zone,17.535,22.0,23.0,Finance,Banks,Attraktiv,False
2026-07-12,Ranking Attraktiv,8,TSM,Taiwan Semiconductor Manufactur,,0.83,,0.17,7,Gut,9,Hoch,7.0,434.1099853515625,0.65,0.06,0.03,0.03,0.25,9573500.0,14342340.0,0.67,Normal,Hold Zone,18.475,29.5,30.0,AI / Tech,Semiconductor Materials,Attraktiv,True
2026-07-12,Ranking Attraktiv,9,S,"SentinelOne, Inc.",,0.63,,0.5,7,Gut,2,Niedrig,7.0,17.8799991607666,0.27,0.21,0.21,0.09,0.16,9174800.0,6517230.0,1.41,Normal,Watchlist Zone,14.905,16.5,5.0,AI / Tech,Cybersecurity,Attraktiv,False
2026-07-12,Ranking Attraktiv,10,CINF,Cincinnati Financial Corporatio,,0.71,,0.12,7,Gut,5,Mittel,7.0,179.27999877929688,0.43,0.08,0.07,0.06,0.1,1007100.0,1042675.0,0.97,Normal,Hold Zone,18.145,21.0,23.0,Finance,Insurance,Attraktiv,False
2026-07-12,Ranking Attraktiv,11,UAL,"United Airlines Holdings, Inc.",,0.77,,0.31,7,Gut,5,Mittel,7.0,126.0,0.55,0.23,0.12,0.14,0.21,3964100.0,5711475.0,0.69,Normal,Hold Zone,12.325,21.0,9.0,Industrials,Aerospace,Attraktiv,False
2026-07-12,Ranking Attraktiv,12,PGR,Progressive Corporation (The),,0.83,,0.19,7,Gut,5,Mittel,7.0,230.72000122070312,0.66,0.13,0.14,0.12,0.11,1477700.0,3638125.0,0.41,Normal,Hold Zone,17.49,19.0,22.0,Finance,Insurance,Attraktiv,False
2026-07-12,Short Term Top 8,1,NVDA,NVIDIA Corporation,,0.66,,0.12,10,Sehr gut,10,Hoch,24.48,210.9600067138672,0.32,0.05,0.03,0.01,0.1,148124000.0,146818825.0,1.01,Normal,Watchlist Zone,24.48,37.5,33.0,AI / Tech,AI Compute,Attraktiv,True
2026-07-12,Short Term Top 8,2,AXP,American Express Company,,0.66,,0.12,9,Sehr gut,5,Mittel,22.98,350.5799865722656,0.32,0.12,0.1,0.08,0.04,2792000.0,3333700.0,0.84,Normal,Watchlist Zone,22.98,22.0,23.0,Finance,Fintech,Review,False
2026-07-12,Short Term Top 8,3,HEINY,Heineken N.V.,,0.68,,0.11,8,Sehr gut,3,Niedrig,21.555,43.4900016784668,0.37,0.08,0.06,0.09,0.09,1090200.0,138785.0,7.86,Normal,Watchlist Zone,21.555,21.5,25.0,Consumer & Retail,Food & Beverages,Review,False
2026-07-12,Short Term Top 8,4,AVGO,Broadcom Inc.,,0.58,,0.08,8,Sehr gut,9,Hoch,21.255,399.9700012207031,0.17,0.08,0.04,-0.01,0.11,14582400.0,29285075.0,0.5,Normal,Watchlist Zone,21.255,34.5,35.0,AI / Tech,AI Compute,Attraktiv,True
2026-07-12,Short Term Top 8,5,CPA,"Copa Holdings, S.A.",,0.83,,0.28,8,Sehr gut,8,Hoch,21.005,150.58999633789062,0.67,0.17,0.08,0.1,0.2,201900.0,333015.0,0.61,Normal,Hold Zone,21.005,27.0,20.0,Industrials,Aerospace,Attraktiv,True
2026-07-12,Short Term Top 8,6,HALO,"Halozyme Therapeutics, Inc.",,0.77,,0.12,8,Sehr gut,10,Hoch,20.81,76.19999694824219,0.54,0.08,0.08,0.08,0.1,1474300.0,1961685.0,0.75,Normal,Hold Zone,20.81,33.0,32.0,Healthcare,Biotech,Attraktiv,True
2026-07-12,Short Term Top 8,7,META,"Meta Platforms, Inc.",,0.55,,0.06,8,Sehr gut,10,Hoch,20.135,669.2100219726562,0.09,0.17,0.18,0.12,0.04,40563100.0,20295630.0,2.0,Normal,Transition Zone,20.135,36.5,39.0,AI / Tech,AI Software & Platforms,Review,True
2026-07-12,Short Term Top 8,8,IBM,International Business Machines,,0.63,,0.26,7,Gut,4,Niedrig,19.875,287.5599975585937,0.25,0.06,0.05,0.1,0.06,3634700.0,8185915.0,0.44,Normal,Watchlist Zone,19.875,22.5,12.0,Healthcare,AI in Healthcare,Hold,False
2026-07-12,Long Term Entry Top 8,1,NVDA,NVIDIA Corporation,,0.66,,0.12,10,Sehr gut,10,Hoch,37.5,210.9600067138672,0.32,0.05,0.03,0.01,0.1,148124000.0,146818825.0,1.01,Normal,Watchlist Zone,24.48,37.5,33.0,AI / Tech,AI Compute,Attraktiv,True
2026-07-12,Long Term Entry Top 8,2,META,"Meta Platforms, Inc.",,0.55,,0.06,8,Sehr gut,10,Hoch,36.5,669.2100219726562,0.09,0.17,0.18,0.12,0.04,40563100.0,20295630.0,2.0,Normal,Transition Zone,20.135,36.5,39.0,AI / Tech,AI Software & Platforms,Review,True
2026-07-12,Long Term Entry Top 8,3,AVGO,Broadcom Inc.,,0.58,,0.08,8,Sehr gut,9,Hoch,34.5,399.9700012207031,0.17,0.08,0.04,-0.01,0.11,14582400.0,29285075.0,0.5,Normal,Watchlist Zone,21.255,34.5,35.0,AI / Tech,AI Compute,Attraktiv,True
2026-07-12,Long Term Entry Top 8,4,HALO,"Halozyme Therapeutics, Inc.",,0.77,,0.12,8,Sehr gut,10,Hoch,33.0,76.19999694824219,0.54,0.08,0.08,0.08,0.1,1474300.0,1961685.0,0.75,Normal,Hold Zone,20.81,33.0,32.0,Healthcare,Biotech,Attraktiv,True
2026-07-12,Long Term Entry Top 8,5,TSM,Taiwan Semiconductor Manufactur,,0.83,,0.17,7,Gut,9,Hoch,32.5,434.1099853515625,0.65,0.06,0.03,0.03,0.25,9573500.0,14342340.0,0.67,Normal,Hold Zone,18.475,32.5,30.0,AI / Tech,AI Compute,Attraktiv,True
2026-07-12,Long Term Entry Top 8,6,NVO,Novo Nordisk A/S,,0.44,,0.32,8,Sehr gut,10,Hoch,30.0,49.47999954223633,-0.12,0.16,0.13,0.09,0.07,6315200.0,11646910.0,0.54,Normal,Transition Zone,16.0,30.0,27.0,Healthcare,Pharma,Review,True
2026-07-12,Long Term Entry Top 8,7,TXN,Texas Instruments Incorporated,,0.88,,0.46,6,Gut,8,Hoch,28.5,311.4599914550781,0.75,0.1,0.05,0.04,0.43,4141500.0,10045505.0,0.41,Normal,Upper Range,9.125,28.5,20.0,AI / Tech,AI Compute,Hold,True
2026-07-12,Long Term Entry Top 8,8,V,Visa Inc.,,0.78,,0.15,7,Gut,8,Hoch,28.0,348.9700012207031,0.55,0.08,0.09,0.06,0.06,4702800.0,9518305.0,0.49,Normal,Hold Zone,19.325,28.0,28.0,Finance,Fintech,Review,True
2026-07-12,Early Play,1,META,"Meta Platforms, Inc.",,0.55,,0.06,8,Sehr gut,10,Hoch,39.0,669.2100219726562,0.09,0.17,0.18,0.12,0.04,40563100.0,20295630.0,2.0,Normal,Transition Zone,20.135,36.5,39.0,AI / Tech,AI Software & Platforms,Review,True
2026-07-12,Early Play,2,SOFI,"SoFi Technologies, Inc.",,0.22,,0.16,3,Riskant,6,Mittel,30.0,18.780000686645508,-0.57,0.18,0.13,0.11,-0.15,91495500.0,84656010.0,1.08,Normal,Weak Zone,5.5,18.0,30.0,Finance,Fintech,Review,False
2026-07-12,Early Play,3,HEINY,Heineken N.V.,,0.68,,0.11,8,Sehr gut,3,Niedrig,25.0,43.4900016784668,0.37,0.08,0.06,0.09,0.09,1090200.0,138785.0,7.86,Normal,Watchlist Zone,21.555,21.5,25.0,Consumer & Retail,Food & Beverages,Review,False
2026-07-12,Early Play,4,PATH,"UiPath, Inc.",,0.23,,0.25,3,Riskant,4,Niedrig,20.0,11.68000030517578,-0.53,0.09,0.1,0.07,-0.1,78681200.0,59590525.0,1.32,Normal,Weak Zone,6.5,17.5,20.0,AI / Tech,Robotics & Automation,Review,False
2026-07-12,Early Play,5,MBLY,Mobileye Global Inc.,,0.29,,0.32,2,Riskant,3,Niedrig,15.0,9.550000190734863,-0.42,0.04,-0.0,0.02,-0.07,8991100.0,6867850.0,1.31,Normal,Weak Zone,-1.0,10.0,15.0,Mobility & Transport Tech,Autonomous Driving,Review,False
2026-07-12,Early Play,6,6954.T,FANUC CORPORATION,,0.67,,0.21,7,Gut,3,Niedrig,9.0,7156.0,0.34,0.03,-0.03,-0.04,0.17,6055500.0,5655400.0,1.07,Normal,Watchlist Zone,14.01,15.5,9.0,AI / Tech,Robotics & Automation,Review,False
2026-07-12,High Conviction Early Play,1,META,"Meta Platforms, Inc.",,0.55,,0.06,8,Sehr gut,10,Hoch,39.0,669.2100219726562,0.09,0.17,0.18,0.12,0.04,40563100.0,20295630.0,2.0,Normal,Transition Zone,20.135,36.5,39.0,AI / Tech,AI Software & Platforms,Review,True
2026-07-13,Ranking Attraktiv,1,DB,Deutsche Bank AG,,0.68,,0.12,9,Sehr gut,5,Mittel,9.0,35.2400016784668,0.37,0.09,0.06,0.08,0.05,1531373.0,2561464.0,0.6,Normal,Watchlist Zone,23.055,22.0,22.0,Finance,Banks,Attraktiv,False
2026-07-13,Ranking Attraktiv,2,WFC,Wells Fargo & Company,,0.62,,0.02,8,Sehr gut,6,Mittel,8.0,87.66999816894531,0.24,0.06,0.05,0.09,0.05,14994618.0,14960716.0,1.0,Normal,Watchlist Zone,19.36,23.0,22.0,Finance,Banks,Attraktiv,False
2026-07-13,Ranking Attraktiv,3,AIG,"American International Group, I",,0.6,,0.03,8,Sehr gut,5,Mittel,8.0,79.9000015258789,0.2,0.07,0.06,0.05,0.04,2585005.0,4350430.0,0.59,Normal,Watchlist Zone,19.3,21.0,19.0,Finance,Insurance,Attraktiv,False
2026-07-13,Ranking Attraktiv,4,CINF,Cincinnati Financial Corporatio,,0.78,,0.12,7,Gut,5,Mittel,7.0,182.6699981689453,0.55,0.09,0.09,0.08,0.12,718296.0,1014455.0,0.71,Normal,Hold Zone,18.325,21.0,22.0,Finance,Insurance,Attraktiv,False
2026-07-13,Ranking Attraktiv,5,BRK-B,Berkshire Hathaway Inc. New,,0.68,,0.03,6,Gut,4,Niedrig,6.0,496.8500061035156,0.35,0.02,0.02,0.02,0.01,3197233.0,5012287.0,0.64,Normal,Watchlist Zone,14.525,15.0,11.0,Finance,Insurance,Attraktiv,False
2026-07-13,Ranking Attraktiv,6,ED,"Consolidated Edison, Inc.",,0.85,,0.01,6,Gut,5,Mittel,6.0,111.81999969482422,0.69,0.05,0.04,0.04,0.07,1163646.0,2380242.0,0.49,Normal,Hold Zone,15.035,15.0,19.0,Energy,Grid Infrastructure,Attraktiv,False
2026-07-13,Ranking Attraktiv,7,S,"SentinelOne, Inc.",,0.7,,0.45,5,Neutral,2,Niedrig,5.0,18.549999237060547,0.41,0.26,0.25,0.13,0.2,7574851.0,6585593.0,1.15,Normal,Hold Zone,9.115,15.5,1.0,AI / Tech,Cybersecurity,Attraktiv,False
2026-07-13,Ranking Attraktiv,8,XEL,Xcel Energy Inc.,,0.84,,0.01,5,Neutral,4,Niedrig,5.0,80.4800033569336,0.68,0.04,0.02,0.01,0.03,3968652.0,5787748.0,0.69,Normal,Hold Zone,12.52,10.0,14.0,Energy,Grid Infrastructure,Attraktiv,False
2026-07-13,Ranking Attraktiv,9,SO,Southern Company (The),,0.83,,0.01,5,Neutral,4,Niedrig,5.0,96.47000122070312,0.67,0.03,0.03,0.03,0.05,1939927.0,6761201.0,0.29,Normal,Hold Zone,11.505,11.0,17.0,Energy,Grid Infrastructure,Attraktiv,False
2026-07-13,Ranking Attraktiv,10,O,Realty Income Corporation,,0.81,,0.03,4,Neutral,3,Niedrig,4.0,64.16999816894531,0.62,0.04,0.03,0.04,0.07,3069553.0,6234663.0,0.49,Normal,Hold Zone,10.93,12.0,15.0,Real Assets,Real Estate (REITs),Attraktiv,False
2026-07-13,Ranking Attraktiv,11,COLD,"Americold Realty Trust, Inc.",,0.84,,0.3,3,Riskant,0,Niedrig,3.0,15.6899995803833,0.67,0.09,0.1,0.08,0.25,3044252.0,4256228.0,0.72,Normal,Hold Zone,10.505,6.0,4.0,Real Assets,Real Estate (REITs),Attraktiv,False
2026-07-13,Short Term Top 8,1,DB,Deutsche Bank AG,,0.68,,0.12,9,Sehr gut,5,Mittel,23.055,35.2400016784668,0.37,0.09,0.06,0.08,0.05,1531373.0,2561464.0,0.6,Normal,Watchlist Zone,23.055,22.0,22.0,Finance,Banks,Attraktiv,False
2026-07-13,Short Term Top 8,2,UAL,"United Airlines Holdings, Inc.",,0.69,,0.27,9,Sehr gut,5,Mittel,23.055,121.16000366210938,0.37,0.08,0.05,0.09,0.16,4257241.0,5585297.0,0.76,Normal,Watchlist Zone,23.055,22.0,14.0,Industrials,Aerospace,Hold,False
2026-07-13,Short Term Top 8,3,MA,Mastercard Incorporated,,0.55,,0.06,8,Sehr gut,8,Hoch,22.15,537.7000122070312,0.1,0.11,0.1,0.08,0.02,1895413.0,3995041.0,0.47,Normal,Watchlist Zone,22.15,28.0,33.0,Finance,Fintech,Review,True
2026-07-13,Short Term Top 8,4,AXP,American Express Company,,0.7,,0.1,8,Sehr gut,5,Mittel,21.6,354.42999267578125,0.4,0.12,0.09,0.09,0.05,2577358.0,3333108.0,0.77,Normal,Watchlist Zone,21.6,22.0,22.0,Finance,Fintech,Review,False
2026-07-13,Short Term Top 8,5,GPN,Global Payments Inc.,,0.56,,0.13,8,Sehr gut,4,Niedrig,21.18,76.8499984741211,0.12,0.18,0.13,0.1,0.03,3339087.0,3780589.0,0.88,Normal,Watchlist Zone,21.18,19.0,26.0,Finance,Fintech,Review,False
2026-07-13,Short Term Top 8,6,HALO,"Halozyme Therapeutics, Inc.",,0.77,,0.14,8,Sehr gut,10,Hoch,20.81,76.11000061035156,0.54,0.08,0.1,0.08,0.1,1755060.0,1982228.0,0.89,Normal,Hold Zone,20.81,33.0,33.0,Healthcare,Biotech,Hold,True
2026-07-13,Short Term Top 8,7,VRTX,Vertex Pharmaceuticals Incorpor,,0.69,,0.09,7,Gut,6,Mittel,20.07,480.25,0.38,0.08,0.08,0.05,0.07,1152475.0,2064599.0,0.56,Normal,Watchlist Zone,20.07,23.0,24.0,Healthcare,Biotech,Hold,False
2026-07-13,Short Term Top 8,8,IBM,International Business Machines,,0.65,,0.23,7,Gut,4,Niedrig,19.95,290.2300109863281,0.3,0.06,0.07,0.1,0.06,3895515.0,8003046.0,0.49,Normal,Watchlist Zone,19.95,22.5,20.0,Healthcare,AI in Healthcare,Hold,False
2026-07-13,Long Term Entry Top 8,1,META,"Meta Platforms, Inc.",,0.5,,0.04,7,Gut,10,Hoch,35.5,656.72998046875,0.0,0.16,0.16,0.09,0.02,18010409.0,20317040.0,0.89,Normal,Transition Zone,17.5,35.5,36.0,AI / Tech,AI Software & Platforms,Review,True
2026-07-13,Long Term Entry Top 8,2,HALO,"Halozyme Therapeutics, Inc.",,0.77,,0.14,8,Sehr gut,10,Hoch,33.0,76.11000061035156,0.54,0.08,0.1,0.08,0.1,1755060.0,1982228.0,0.89,Normal,Hold Zone,20.81,33.0,33.0,Healthcare,Biotech,Hold,True
2026-07-13,Long Term Entry Top 8,3,NVO,Novo Nordisk A/S,,0.43,,0.3,8,Sehr gut,10,Hoch,30.0,49.27999877929688,-0.13,0.12,0.12,0.08,0.06,6893009.0,11355700.0,0.61,Normal,Transition Zone,19.0,30.0,27.0,Healthcare,Pharma,Review,True
2026-07-13,Long Term Entry Top 8,4,MS,Morgan Stanley,,0.9,,0.23,7,Gut,9,Hoch,28.0,221.08999633789065,0.81,0.04,0.03,0.06,0.23,4543534.0,5856347.0,0.78,Normal,Upper Range,14.715,28.0,30.0,Finance,Banks,Hold,True
2026-07-13,Long Term Entry Top 8,5,MA,Mastercard Incorporated,,0.55,,0.06,8,Sehr gut,8,Hoch,28.0,537.7000122070312,0.1,0.11,0.1,0.08,0.02,1895413.0,3995041.0,0.47,Normal,Watchlist Zone,22.15,28.0,33.0,Finance,Fintech,Review,True
2026-07-13,Long Term Entry Top 8,6,CPA,"Copa Holdings, S.A.",,0.72,,0.23,8,Sehr gut,8,Hoch,28.0,144.0500030517578,0.44,0.04,0.02,0.05,0.14,333285.0,332224.0,1.0,Normal,Hold Zone,19.66,28.0,26.0,Industrials,Aerospace,Hold,True
2026-07-13,Long Term Entry Top 8,7,LLY,Eli Lilly and Company,,0.89,,0.27,6,Gut,9,Hoch,27.0,1181.8699951171875,0.79,0.02,0.04,0.08,0.19,1525845.0,3069137.0,0.5,Normal,Upper Range,13.185,27.0,19.0,Healthcare,Pharma,Hold,True
2026-07-13,Long Term Entry Top 8,8,AAPL,Apple Inc.,,0.95,,0.23,6,Gut,8,Hoch,26.5,317.3099975585937,0.9,0.07,0.09,0.06,0.16,41376714.0,64494976.0,0.64,Normal,Upper Range,14.35,26.5,28.0,Healthcare,AI in Healthcare,Hold,True
2026-07-13,Early Play,1,PATH,"UiPath, Inc.",,0.25,,0.17,3,Riskant,4,Niedrig,28.0,11.850000381469728,-0.5,0.11,0.12,0.09,-0.09,90814719.0,61861846.0,1.47,Normal,Weak Zone,6.5,17.5,28.0,AI / Tech,Robotics & Automation,Review,False
2026-07-13,Early Play,2,CALM,"Cal-Maine Foods, Inc.",,0.25,,0.1,0,Riskant,3,Niedrig,28.0,83.41000366210938,-0.49,0.04,0.07,0.06,0.02,1416536.0,888857.0,1.59,Normal,Weak Zone,2.0,8.0,28.0,Real Assets,Agriculture,Review,False
2026-07-13,Early Play,3,SE,Sea Limited,,0.27,,0.28,2,Riskant,3,Niedrig,8.0,110.66000366210938,-0.45,0.29,0.33,0.21,-0.05,6125907.0,4410345.0,1.39,Normal,Weak Zone,4.0,14.5,8.0,Consumer & Retail,E-Commerce,Review,False
2026-07-14,Ranking Attraktiv,1,PGR,Progressive Corporation (The),,0.75,,0.15,7,Gut,5,Mittel,7.0,226.5800018310547,0.5,0.12,0.11,0.09,0.09,3223957.0,3695858.0,0.87,Normal,Hold Zone,18.25,21.0,23.0,Finance,Insurance,Attraktiv,False
2026-07-14,Ranking Attraktiv,2,CINF,Cincinnati Financial Corporatio,,0.73,,0.11,7,Gut,5,Mittel,7.0,180.02999877929688,0.45,0.07,0.07,0.06,0.11,520034.0,1011257.0,0.51,Normal,Hold Zone,18.175,21.0,22.0,Finance,Insurance,Attraktiv,False
2026-07-14,Ranking Attraktiv,3,AIG,"American International Group, I",,0.55,,0.03,7,Gut,5,Mittel,7.0,79.0,0.09,0.05,0.06,0.04,0.03,1474684.0,4293654.0,0.34,Normal,Transition Zone,16.634999999999998,20.0,24.0,Finance,Insurance,Attraktiv,False
2026-07-14,Ranking Attraktiv,4,DB,Deutsche Bank AG,,0.72,,0.1,6,Gut,5,Mittel,6.0,35.63999938964844,0.43,0.07,0.03,0.09,0.06,2947024.0,2534641.0,1.16,Normal,Hold Zone,15.645,21.0,25.0,Finance,Banks,Attraktiv,False
2026-07-14,Ranking Attraktiv,5,CB,Chubb Limited,,0.81,,0.07,6,Gut,6,Mittel,6.0,346.2200012207031,0.63,0.06,0.06,0.05,0.11,1759634.0,1721227.0,1.02,Normal,Hold Zone,16.945,20.0,25.0,Finance,Insurance,Attraktiv,False
2026-07-14,Ranking Attraktiv,6,ACGL,Arch Capital Group Ltd.,,0.84,,0.06,6,Gut,6,Mittel,6.0,101.52999877929688,0.69,0.11,0.11,0.07,0.08,1126508.0,2031370.0,0.55,Normal,Hold Zone,17.035,20.0,24.0,Finance,Insurance,Attraktiv,False
2026-07-14,Ranking Attraktiv,7,XEL,Xcel Energy Inc.,,0.82,,0.01,5,Neutral,4,Niedrig,5.0,80.16999816894531,0.65,0.02,0.01,0.01,0.03,3074996.0,5670350.0,0.54,Normal,Hold Zone,11.475,9.0,11.0,Energy,Grid Infrastructure,Attraktiv,False
2026-07-14,Ranking Attraktiv,8,SO,Southern Company (The),,0.8,,0.01,5,Neutral,4,Niedrig,5.0,95.95999908447266,0.61,0.02,0.02,0.02,0.05,1857101.0,6461760.0,0.29,Normal,Hold Zone,11.415,11.0,11.0,Energy,Grid Infrastructure,Attraktiv,False
2026-07-14,Ranking Attraktiv,9,ED,"Consolidated Edison, Inc.",,0.85,,0.01,5,Neutral,5,Mittel,5.0,111.95999908447266,0.7,0.04,0.04,0.04,0.07,1108847.0,2385207.0,0.46,Normal,Upper Range,9.55,14.0,19.0,Energy,Grid Infrastructure,Attraktiv,False
2026-07-14,Ranking Attraktiv,10,ICHR,Ichor Holdings,,0.81,,0.48,4,Neutral,0,Niedrig,4.0,94.8499984741211,0.63,0.09,0.06,0.17,1.12,954523.0,1343756.0,0.71,Normal,Hold Zone,7.945,8.5,2.0,AI / Tech,Semiconductor Equipment,Attraktiv,False
2026-07-14,Ranking Attraktiv,11,O,Realty Income Corporation,,0.78,,0.01,4,Neutral,3,Niedrig,4.0,63.77000045776367,0.56,0.02,0.03,0.03,0.07,5122019.0,6315426.0,0.81,Normal,Hold Zone,9.84,13.0,13.0,Real Assets,Real Estate (REITs),Attraktiv,False
2026-07-14,Ranking Attraktiv,12,L,Loews Corporation,,0.85,,0.04,3,Riskant,0,Niedrig,3.0,114.47000122070312,0.69,0.06,0.06,0.05,0.08,965445.0,934047.0,1.03,Normal,Hold Zone,10.535,5.0,13.0,Finance,Insurance,Attraktiv,False
2026-07-14,Short Term Top 8,1,CF,"CF Industries Holdings, Inc.",,0.67,,0.01,9,Sehr gut,9,Hoch,21.995,119.19000244140624,0.33,0.09,0.11,0.04,0.19,1821578.0,2825079.0,0.64,Normal,Watchlist Zone,21.995,27.0,27.0,Real Assets,Agriculture,Review,True
2026-07-14,Short Term Top 8,2,NVO,Novo Nordisk A/S,,0.43,,0.25,8,Sehr gut,10,Hoch,21.0,49.06999969482422,-0.15,0.12,0.12,0.07,0.06,5253697.0,10904795.0,0.48,Normal,Transition Zone,21.0,30.0,27.0,Healthcare,Pharma,Review,True
2026-07-14,Short Term Top 8,3,HALO,"Halozyme Therapeutics, Inc.",,0.73,,0.11,8,Sehr gut,10,Hoch,20.69,75.05000305175781,0.46,0.08,0.05,0.06,0.09,1475604.0,2007285.0,0.74,Normal,Hold Zone,20.69,33.0,32.0,Healthcare,Biotech,Hold,True
2026-07-14,Short Term Top 8,4,MA,Mastercard Incorporated,,0.55,,0.05,8,Sehr gut,8,Hoch,20.165,538.02001953125,0.11,0.1,0.1,0.08,0.02,3282982.0,4008784.0,0.82,Normal,Watchlist Zone,20.165,28.0,34.0,Finance,Fintech,Review,True
2026-07-14,Short Term Top 8,5,OMCL,"Omnicell, Inc.",,0.68,,0.26,7,Gut,2,Niedrig,20.04,45.93999862670898,0.36,0.21,0.15,0.08,0.16,653053.0,768103.0,0.85,Normal,Watchlist Zone,20.04,18.5,6.0,Healthcare,AI in Healthcare,Review,False
2026-07-14,Short Term Top 8,6,VRTX,Vertex Pharmaceuticals Incorpor,,0.66,,0.07,7,Gut,6,Mittel,19.995,476.30999755859375,0.33,0.07,0.06,0.04,0.06,1092666.0,2073093.0,0.53,Normal,Watchlist Zone,19.995,22.0,24.0,Healthcare,Biotech,Hold,False
2026-07-14,Short Term Top 8,7,HEINY,Heineken N.V.,,0.66,,0.1,7,Gut,3,Niedrig,19.995,43.29999923706055,0.33,0.06,0.06,0.08,0.08,21078.0,142199.0,0.15,Normal,Watchlist Zone,19.995,20.5,18.0,Consumer & Retail,Food & Beverages,Review,False
2026-07-14,Short Term Top 8,8,TTWO,"Take-Two Interactive Software, ",,0.63,,0.16,7,Gut,2,Niedrig,19.89,237.0399932861328,0.26,0.12,0.1,0.03,0.03,1458961.0,3006903.0,0.49,Normal,Watchlist Zone,19.89,18.5,16.0,Consumer & Retail,Gaming & Entertainment,Review,False
2026-07-14,Long Term Entry Top 8,1,META,"Meta Platforms, Inc.",,0.52,,-0.0,7,Gut,10,Hoch,34.5,661.0399780273438,0.03,0.17,0.11,0.1,0.03,13244016.0,20354436.0,0.65,Normal,Transition Zone,16.545,34.5,32.0,AI / Tech,AI Software & Platforms,Review,False
2026-07-14,Long Term Entry Top 8,2,HALO,"Halozyme Therapeutics, Inc.",,0.73,,0.11,8,Sehr gut,10,Hoch,33.0,75.05000305175781,0.46,0.08,0.05,0.06,0.09,1475604.0,2007285.0,0.74,Normal,Hold Zone,20.69,33.0,32.0,Healthcare,Biotech,Hold,True
2026-07-14,Long Term Entry Top 8,3,NVO,Novo Nordisk A/S,,0.43,,0.25,8,Sehr gut,10,Hoch,30.0,49.06999969482422,-0.15,0.12,0.12,0.07,0.06,5253697.0,10904795.0,0.48,Normal,Transition Zone,21.0,30.0,27.0,Healthcare,Pharma,Review,True
2026-07-14,Long Term Entry Top 8,4,MA,Mastercard Incorporated,,0.55,,0.05,8,Sehr gut,8,Hoch,28.0,538.02001953125,0.11,0.1,0.1,0.08,0.02,3282982.0,4008784.0,0.82,Normal,Watchlist Zone,20.165,28.0,34.0,Finance,Fintech,Review,True
2026-07-14,Long Term Entry Top 8,5,CPA,"Copa Holdings, S.A.",,0.78,,0.23,8,Sehr gut,8,Hoch,28.0,147.32000732421875,0.56,0.04,0.02,0.07,0.17,323011.0,329891.0,0.98,Normal,Hold Zone,19.84,28.0,26.0,Industrials,Aerospace,Hold,True
2026-07-14,Long Term Entry Top 8,6,CF,"CF Industries Holdings, Inc.",,0.67,,0.01,9,Sehr gut,9,Hoch,27.0,119.19000244140624,0.33,0.09,0.11,0.04,0.19,1821578.0,2825079.0,0.64,Normal,Watchlist Zone,21.995,27.0,27.0,Real Assets,Agriculture,Review,True
2026-07-14,Long Term Entry Top 8,7,AAPL,Apple Inc.,,0.93,,0.22,6,Gut,8,Hoch,26.5,314.8599853515625,0.86,0.08,0.06,0.05,0.15,36202131.0,64462032.0,0.56,Normal,Upper Range,14.29,26.5,28.0,Healthcare,AI in Healthcare,Hold,True
2026-07-14,Long Term Entry Top 8,8,ANET,"Arista Networks, Inc.",,0.91,,0.18,6,Gut,8,Hoch,26.5,182.57000732421875,0.83,0.12,0.08,0.14,0.26,5747709.0,8694815.0,0.66,Normal,Upper Range,13.245,26.5,26.0,AI / Tech,AI Networking,Hold,True
2026-07-14,Early Play,1,WFC,Wells Fargo & Company,,0.52,,0.05,7,Gut,6,Mittel,33.0,85.29000091552734,0.04,0.02,0.03,0.06,0.02,35469758.0,16209513.0,2.19,Normal,Transition Zone,14.56,21.0,33.0,Finance,Banks,Hold,False
2026-07-14,Early Play,2,PATH,"UiPath, Inc.",,0.26,,0.19,3,Riskant,4,Niedrig,28.0,11.9399995803833,-0.48,0.13,0.11,0.09,-0.08,85786053.0,64112943.0,1.34,Normal,Weak Zone,6.5,17.5,28.0,AI / Tech,Robotics & Automation,Review,False
2026-07-14,Early Play,3,DB,Deutsche Bank AG,,0.72,,0.1,6,Gut,5,Mittel,25.0,35.63999938964844,0.43,0.07,0.03,0.09,0.06,2947024.0,2534641.0,1.16,Normal,Hold Zone,15.645,21.0,25.0,Finance,Banks,Attraktiv,False
2026-07-14,Early Play,4,APAM,Artisan Partners Asset Manageme,,0.43,,0.03,6,Gut,5,Mittel,25.0,38.36000061035156,-0.14,0.07,0.06,0.06,-0.0,1125660.0,853843.0,1.32,Normal,Transition Zone,15.0,17.0,25.0,Finance,Asset Management,Review,False
2026-07-14,Early Play,5,CALM,"Cal-Maine Foods, Inc.",,0.25,,0.11,1,Riskant,3,Niedrig,24.0,83.13999938964844,-0.5,0.06,0.04,0.06,0.01,960124.0,901511.0,1.07,Normal,Weak Zone,3.5,8.0,24.0,Real Assets,Agriculture,Review,False
2026-07-14,Early Play,6,AZTA,"Azenta, Inc.",,0.37,,0.05,2,Riskant,0,Niedrig,18.0,25.440000534057617,-0.26,0.13,0.11,0.14,-0.1,836553.0,686563.0,1.22,Normal,Transition Zone,6.0,8.5,18.0,AI / Tech,Robotics & Automation,Review,False
2026-07-14,Early Play,7,SE,Sea Limited,,0.26,,0.28,2,Riskant,3,Niedrig,8.0,109.29000091552734,-0.47,0.32,0.26,0.19,-0.06,5023185.0,4514949.0,1.11,Normal,Weak Zone,4.0,14.5,8.0,Consumer & Retail,E-Commerce,Review,False
2026-07-15,Ranking Attraktiv,1,WFC,Wells Fargo & Company,,0.62,,0.1,8,Sehr gut,6,Mittel,8.0,87.51000213623047,0.23,0.05,0.03,0.08,0.04,28713331.0,17092497.0,1.68,Normal,Watchlist Zone,20.345,24.0,29.0,Finance,Banks,Attraktiv,False
2026-07-15,Ranking Attraktiv,2,CINF,Cincinnati Financial Corporatio,,0.59,,0.06,8,Sehr gut,5,Mittel,8.0,172.42999267578125,0.17,0.02,0.01,0.02,0.06,995847.0,1025807.0,0.97,Normal,Watchlist Zone,19.255,19.0,22.0,Finance,Insurance,Attraktiv,False
2026-07-15,Ranking Attraktiv,3,ANET,"Arista Networks, Inc.",,0.79,,0.11,7,Gut,8,Hoch,7.0,171.9199981689453,0.58,0.02,0.02,0.07,0.19,8077834.0,8827597.0,0.92,Normal,Hold Zone,17.369999999999997,30.5,23.0,AI / Tech,AI Networking,Attraktiv,True
2026-07-15,Ranking Attraktiv,4,DB,Deutsche Bank AG,,0.79,,0.13,7,Gut,5,Mittel,7.0,36.560001373291016,0.59,0.06,0.05,0.11,0.09,1698687.0,2416059.0,0.7,Normal,Hold Zone,17.385,21.0,22.0,Finance,Banks,Attraktiv,False
2026-07-15,Ranking Attraktiv,5,ED,"Consolidated Edison, Inc.",,0.78,,0.01,6,Gut,5,Mittel,6.0,110.30999755859376,0.56,0.02,0.02,0.02,0.06,1466331.0,2372652.0,0.62,Normal,Hold Zone,12.84,15.0,13.0,Energy,Grid Infrastructure,Attraktiv,False
2026-07-15,Ranking Attraktiv,6,ALL,Allstate Corporation (The),,0.75,,0.1,6,Gut,5,Mittel,6.0,239.47999572753903,0.5,0.08,0.07,0.06,0.14,3086594.0,2035125.0,1.52,Normal,Hold Zone,16.75,21.0,27.0,Finance,Insurance,Attraktiv,False
2026-07-15,Ranking Attraktiv,7,PCG,Pacific Gas & Electric Co.,,0.75,,0.01,6,Gut,6,Mittel,6.0,17.510000228881836,0.5,0.06,0.05,0.05,0.06,17153202.0,17711755.0,0.97,Normal,Hold Zone,14.75,19.0,22.0,Energy,Grid Infrastructure,Attraktiv,False
2026-07-15,Ranking Attraktiv,8,TRV,"The Travelers Companies, Inc.",,0.8,,0.1,6,Gut,5,Mittel,6.0,329.19000244140625,0.61,0.07,0.07,0.06,0.13,1257943.0,2110522.0,0.6,Normal,Hold Zone,16.915,21.0,22.0,Finance,Insurance,Attraktiv,False
2026-07-15,Ranking Attraktiv,9,CB,Chubb Limited,,0.73,,0.03,6,Gut,6,Mittel,6.0,337.44000244140625,0.46,0.03,0.03,0.02,0.08,1444478.0,1725019.0,0.84,Normal,Hold Zone,12.69,22.0,22.0,Finance,Insurance,Attraktiv,False
2026-07-15,Ranking Attraktiv,10,ACGL,Arch Capital Group Ltd.,,0.71,,0.01,6,Gut,6,Mittel,6.0,98.54000091552734,0.42,0.08,0.06,0.04,0.05,1808827.0,2023041.0,0.89,Normal,Hold Zone,14.63,22.0,22.0,Finance,Insurance,Attraktiv,False
2026-07-15,Ranking Attraktiv,11,S,"SentinelOne, Inc.",,0.81,,0.48,5,Neutral,2,Niedrig,5.0,19.57999992370605,0.62,0.29,0.3,0.17,0.27,11065302.0,7240585.0,1.53,Normal,Hold Zone,9.43,12.5,5.0,AI / Tech,Cybersecurity,Attraktiv,False
2026-07-15,Ranking Attraktiv,12,L,Loews Corporation,,0.78,,0.02,3,Riskant,0,Niedrig,3.0,112.5199966430664,0.56,0.04,0.04,0.03,0.06,426668.0,914863.0,0.47,Normal,Hold Zone,10.34,7.0,9.0,Finance,Insurance,Attraktiv,False
2026-07-15,Short Term Top 8,1,BLK,"BlackRock, Inc.",,0.63,,0.05,9,Sehr gut,10,Hoch,21.89,1093.4000244140625,0.26,0.05,0.04,0.06,0.04,1416515.0,922911.0,1.53,Normal,Watchlist Zone,21.89,32.0,37.0,Finance,Asset Management,Hold,True
2026-07-15,Short Term Top 8,2,HEINY,Heineken N.V.,,0.69,,0.11,8,Sehr gut,3,Niedrig,21.555,43.52000045776367,0.37,0.07,0.07,0.08,0.09,4493.0,168520.0,0.03,Normal,Watchlist Zone,21.555,21.5,18.0,Consumer & Retail,Food & Beverages,Review,False
2026-07-15,Short Term Top 8,3,DT,"Dynatrace, Inc.",,0.57,,0.27,8,Sehr gut,3,Niedrig,21.195,45.16999816894531,0.13,0.1,0.09,0.09,0.09,2984226.0,5713751.0,0.52,Normal,Watchlist Zone,21.195,21.5,15.0,AI / Tech,Cloud Infrastructure,Hold,False
2026-07-15,Short Term Top 8,4,UAL,"United Airlines Holdings, Inc.",,0.68,,0.28,9,Sehr gut,5,Mittel,21.055,120.97000122070312,0.37,0.01,0.02,0.07,0.16,5470778.0,5415399.0,1.01,Normal,Watchlist Zone,21.055,20.0,9.0,Industrials,Aerospace,Hold,False
2026-07-15,Short Term Top 8,5,NVO,Novo Nordisk A/S,,0.47,,0.24,8,Sehr gut,10,Hoch,21.0,50.560001373291016,-0.06,0.15,0.16,0.1,0.09,10269839.0,10975622.0,0.94,Normal,Transition Zone,21.0,33.0,36.0,Healthcare,Pharma,Review,True
2026-07-15,Short Term Top 8,6,HALO,"Halozyme Therapeutics, Inc.",,0.76,,0.11,8,Sehr gut,10,Hoch,20.78,75.81999969482422,0.52,0.06,0.09,0.07,0.1,1339936.0,1998937.0,0.67,Normal,Hold Zone,20.78,33.0,32.0,Healthcare,Biotech,Hold,True
2026-07-15,Short Term Top 8,7,META,"Meta Platforms, Inc.",,0.59,,0.02,9,Sehr gut,10,Hoch,20.77,681.3099975585938,0.18,0.15,0.14,0.13,0.06,17731107.0,20533535.0,0.86,Normal,Watchlist Zone,20.77,36.5,33.0,AI / Tech,AI Software & Platforms,Review,True
2026-07-15,Short Term Top 8,8,ADDYY,adidas AG,,0.67,,0.29,8,Sehr gut,4,Niedrig,20.495,104.6500015258789,0.33,0.03,0.04,0.09,0.14,6945.0,86687.0,0.08,Normal,Watchlist Zone,20.495,23.5,12.0,Consumer & Retail,Luxury & Brands,Review,False
2026-07-15,Long Term Entry Top 8,1,META,"Meta Platforms, Inc.",,0.59,,0.02,9,Sehr gut,10,Hoch,36.5,681.3099975585938,0.18,0.15,0.14,0.13,0.06,17731107.0,20533535.0,0.86,Normal,Watchlist Zone,20.77,36.5,33.0,AI / Tech,AI Software & Platforms,Review,True
2026-07-15,Long Term Entry Top 8,2,HALO,"Halozyme Therapeutics, Inc.",,0.76,,0.11,8,Sehr gut,10,Hoch,33.0,75.81999969482422,0.52,0.06,0.09,0.07,0.1,1339936.0,1998937.0,0.67,Normal,Hold Zone,20.78,33.0,32.0,Healthcare,Biotech,Hold,True
2026-07-15,Long Term Entry Top 8,3,NVO,Novo Nordisk A/S,,0.47,,0.24,8,Sehr gut,10,Hoch,33.0,50.560001373291016,-0.06,0.15,0.16,0.1,0.09,10269839.0,10975622.0,0.94,Normal,Transition Zone,21.0,33.0,36.0,Healthcare,Pharma,Review,True
2026-07-15,Long Term Entry Top 8,4,BLK,"BlackRock, Inc.",,0.63,,0.05,9,Sehr gut,10,Hoch,32.0,1093.4000244140625,0.26,0.05,0.04,0.06,0.04,1416515.0,922911.0,1.53,Normal,Watchlist Zone,21.89,32.0,37.0,Finance,Asset Management,Hold,True
2026-07-15,Long Term Entry Top 8,5,ANET,"Arista Networks, Inc.",,0.79,,0.11,7,Gut,8,Hoch,30.5,171.9199981689453,0.58,0.02,0.02,0.07,0.19,8077834.0,8827597.0,0.92,Normal,Hold Zone,17.369999999999997,30.5,23.0,AI / Tech,AI Networking,Attraktiv,True
2026-07-15,Long Term Entry Top 8,6,AFL,AFLAC Incorporated,,0.9,,0.08,6,Gut,10,Hoch,30.0,121.01000213623048,0.79,0.03,0.03,0.03,0.08,1429345.0,2443362.0,0.58,Normal,Upper Range,12.185,30.0,32.0,Finance,Insurance,Hold,True
2026-07-15,Long Term Entry Top 8,7,CPA,"Copa Holdings, S.A.",,0.78,,0.24,8,Sehr gut,8,Hoch,28.0,147.4600067138672,0.56,0.02,0.03,0.06,0.17,226897.0,311055.0,0.73,Normal,Hold Zone,18.84,28.0,25.0,Industrials,Aerospace,Hold,True
2026-07-15,Long Term Entry Top 8,8,LLY,Eli Lilly and Company,,0.85,,0.28,6,Gut,9,Hoch,27.0,1156.6300048828125,0.71,0.02,0.03,0.05,0.16,2537112.0,3075201.0,0.83,Normal,Upper Range,12.065,27.0,20.0,Healthcare,Pharma,Hold,True
2026-07-15,Early Play,1,BLK,"BlackRock, Inc.",,0.63,,0.05,9,Sehr gut,10,Hoch,37.0,1093.4000244140625,0.26,0.05,0.04,0.06,0.04,1416515.0,922911.0,1.53,Normal,Watchlist Zone,21.89,32.0,37.0,Finance,Asset Management,Hold,True
2026-07-15,Early Play,2,APAM,Artisan Partners Asset Manageme,,0.52,,0.07,7,Gut,5,Mittel,30.0,39.25,0.04,0.09,0.08,0.08,0.02,1072088.0,902859.0,1.19,Normal,Transition Zone,18.56,20.0,30.0,Finance,Asset Management,Hold,False
2026-07-15,Early Play,3,PATH,"UiPath, Inc.",,0.26,,0.13,3,Riskant,4,Niedrig,30.0,11.949999809265137,-0.48,0.11,0.14,0.09,-0.08,125422708.0,66885150.0,1.88,Normal,Weak Zone,6.5,17.5,30.0,AI / Tech,Robotics & Automation,Review,False
2026-07-15,Early Play,4,WFC,Wells Fargo & Company,,0.62,,0.1,8,Sehr gut,6,Mittel,29.0,87.51000213623047,0.23,0.05,0.03,0.08,0.04,28713331.0,17092497.0,1.68,Normal,Watchlist Zone,20.345,24.0,29.0,Finance,Banks,Attraktiv,False
2026-07-15,Early Play,5,ALL,Allstate Corporation (The),,0.75,,0.1,6,Gut,5,Mittel,27.0,239.47999572753903,0.5,0.08,0.07,0.06,0.14,3086594.0,2035125.0,1.52,Normal,Hold Zone,16.75,21.0,27.0,Finance,Insurance,Attraktiv,False
2026-07-15,Early Play,6,EW,Edwards Lifesciences Corporatio,,0.62,,0.12,7,Gut,4,Niedrig,14.0,87.2699966430664,0.25,0.01,-0.01,0.01,0.05,8139496.0,4980175.0,1.63,Normal,Watchlist Zone,17.875,16.0,14.0,Healthcare,Medtech,Review,False
2026-07-15,Early Play,7,TPG,TPG Inc.,,0.25,,0.03,1,Riskant,2,Niedrig,13.0,44.4900016784668,-0.5,0.02,-0.0,0.06,-0.1,2681274.0,2382454.0,1.13,Normal,Weak Zone,-0.5,6.0,13.0,Finance,Asset Management,Review,False
2026-07-15,High Conviction Early Play,1,BLK,"BlackRock, Inc.",,0.63,,0.05,9,Sehr gut,10,Hoch,37.0,1093.4000244140625,0.26,0.05,0.04,0.06,0.04,1416515.0,922911.0,1.53,Normal,Watchlist Zone,21.89,32.0,37.0,Finance,Asset Management,Hold,True
2026-07-16,Ranking Attraktiv,1,WFC,Wells Fargo & Company,,0.64,,0.09,8,Sehr gut,7,Mittel,8.0,88.06999969482422,0.28,0.04,0.05,0.09,0.05,19554893.0,17451065.0,1.12,Normal,Watchlist Zone,21.42,26.0,27.0,Finance,Banks,Attraktiv,False
2026-07-16,Ranking Attraktiv,2,CINF,Cincinnati Financial Corporatio,,0.66,,0.09,8,Sehr gut,5,Mittel,8.0,176.2899932861328,0.32,0.03,0.03,0.04,0.08,1132081.0,1050044.0,1.08,Normal,Watchlist Zone,19.48,22.0,23.0,Finance,Insurance,Attraktiv,False
2026-07-16,Ranking Attraktiv,3,ALL,Allstate Corporation (The),,0.78,,0.14,7,Gut,5,Mittel,7.0,241.8600006103516,0.56,0.08,0.09,0.07,0.15,1615391.0,2059890.0,0.78,Normal,Hold Zone,18.34,21.0,22.0,Finance,Insurance,Attraktiv,False
2026-07-16,Ranking Attraktiv,4,DB,Deutsche Bank AG,,0.75,,0.14,7,Gut,5,Mittel,7.0,36.060001373291016,0.5,0.03,0.03,0.09,0.07,1820688.0,2352839.0,0.77,Normal,Hold Zone,16.25,21.0,22.0,Finance,Banks,Attraktiv,False
2026-07-16,Ranking Attraktiv,5,CB,Chubb Limited,,0.79,,0.05,6,Gut,6,Mittel,6.0,343.70001220703125,0.58,0.05,0.05,0.04,0.1,1775086.0,1787024.0,0.99,Normal,Hold Zone,14.87,22.0,25.0,Finance,Insurance,Attraktiv,False
2026-07-16,Ranking Attraktiv,6,PCG,Pacific Gas & Electric Co.,,0.75,,0.01,6,Gut,6,Mittel,6.0,17.530000686645508,0.5,0.05,0.07,0.05,0.06,15589506.0,17882465.0,0.87,Normal,Hold Zone,14.75,19.0,22.0,Energy,Grid Infrastructure,Attraktiv,False
2026-07-16,Ranking Attraktiv,7,AWK,"American Water Works Company, I",,0.58,,0.04,6,Gut,4,Niedrig,6.0,134.3300018310547,0.16,0.05,0.07,0.06,0.03,1836139.0,2297372.0,0.8,Normal,Watchlist Zone,16.240000000000002,14.0,26.0,Energy,Grid Infrastructure,Attraktiv,False
2026-07-16,Ranking Attraktiv,8,ACGL,Arch Capital Group Ltd.,,0.78,,0.03,6,Gut,6,Mittel,6.0,100.04000091552734,0.55,0.08,0.08,0.06,0.06,1466310.0,2002300.0,0.73,Normal,Hold Zone,14.825,22.0,21.0,Finance,Insurance,Attraktiv,False
2026-07-16,Ranking Attraktiv,9,S,"SentinelOne, Inc.",,0.82,,0.41,5,Neutral,2,Niedrig,5.0,19.6299991607666,0.63,0.31,0.33,0.17,0.27,7015128.0,7377376.0,0.95,Normal,Hold Zone,9.445,12.5,1.0,AI / Tech,Cybersecurity,Attraktiv,False
2026-07-16,Ranking Attraktiv,10,SO,Southern Company (The),,0.81,,0.02,5,Neutral,4,Niedrig,5.0,96.06999969482422,0.62,0.02,0.04,0.02,0.05,2214142.0,6150852.0,0.36,Normal,Hold Zone,12.43,10.0,14.0,Energy,Grid Infrastructure,Attraktiv,False
2026-07-16,Ranking Attraktiv,11,L,Loews Corporation,,0.83,,0.04,3,Riskant,0,Niedrig,3.0,113.88999938964844,0.65,0.05,0.06,0.04,0.07,769467.0,916773.0,0.84,Normal,Hold Zone,10.475,5.0,13.0,Finance,Insurance,Attraktiv,False
2026-07-16,Short Term Top 8,1,MA,Mastercard Incorporated,,0.65,,0.07,8,Sehr gut,8,Hoch,22.465,551.5399780273438,0.31,0.1,0.12,0.1,0.05,2345968.0,3889823.0,0.6,Normal,Watchlist Zone,22.465,28.0,28.0,Finance,Fintech,Hold,True
2026-07-16,Short Term Top 8,2,BLK,"BlackRock, Inc.",,0.61,,0.07,9,Sehr gut,10,Hoch,21.815,1087.050048828125,0.21,0.03,0.03,0.05,0.04,1032406.0,959715.0,1.08,Normal,Watchlist Zone,21.815,32.0,33.0,Finance,Asset Management,Hold,True
2026-07-16,Short Term Top 8,3,WFC,Wells Fargo & Company,,0.64,,0.09,8,Sehr gut,7,Mittel,21.42,88.06999969482422,0.28,0.04,0.05,0.09,0.05,19554893.0,17451065.0,1.12,Normal,Watchlist Zone,21.42,26.0,27.0,Finance,Banks,Attraktiv,False
2026-07-16,Short Term Top 8,4,DT,"Dynatrace, Inc.",,0.55,,0.26,8,Sehr gut,3,Niedrig,21.165,44.83000183105469,0.11,0.08,0.09,0.08,0.08,2661159.0,5629603.0,0.47,Normal,Watchlist Zone,21.165,21.5,15.0,AI / Tech,Cloud Infrastructure,Review,False
2026-07-16,Short Term Top 8,5,HALO,"Halozyme Therapeutics, Inc.",,0.82,,0.16,8,Sehr gut,10,Hoch,20.975,77.54000091552734,0.65,0.11,0.13,0.09,0.12,1921989.0,1997539.0,0.96,Normal,Hold Zone,20.975,31.0,33.0,Healthcare,Biotech,Hold,True
2026-07-16,Short Term Top 8,6,ADDYY,adidas AG,,0.69,,0.27,8,Sehr gut,4,Niedrig,20.57,104.43000030517578,0.38,0.03,0.06,0.09,0.14,3649.0,87262.0,0.04,Normal,Watchlist Zone,20.57,23.5,12.0,Consumer & Retail,Luxury & Brands,Review,False
2026-07-16,Short Term Top 8,7,GPN,Global Payments Inc.,,0.69,,0.14,8,Sehr gut,4,Niedrig,20.555,80.48999786376953,0.37,0.18,0.21,0.14,0.08,2777676.0,3565879.0,0.78,Normal,Watchlist Zone,20.555,19.0,15.0,Finance,Fintech,Hold,False
2026-07-16,Short Term Top 8,8,DXCM,"DexCom, Inc.",,0.67,,0.27,8,Sehr gut,5,Mittel,20.495,77.9800033569336,0.33,0.07,0.09,0.11,0.16,6483489.0,4892999.0,1.33,Normal,Watchlist Zone,20.495,22.0,17.0,Healthcare,Medtech,Review,False
2026-07-16,Long Term Entry Top 8,1,META,"Meta Platforms, Inc.",,0.53,,-0.02,6,Gut,10,Hoch,33.5,664.5399780273438,0.06,0.11,0.17,0.1,0.04,15736700.0,20816765.0,0.76,Normal,Transition Zone,14.09,33.5,32.0,AI / Tech,AI Software & Platforms,Review,False
2026-07-16,Long Term Entry Top 8,2,NVO,Novo Nordisk A/S,,0.5,,0.26,8,Sehr gut,10,Hoch,33.0,51.47999954223633,-0.0,0.18,0.18,0.12,0.11,9770675.0,11109079.0,0.88,Normal,Transition Zone,20.0,33.0,25.0,Healthcare,Pharma,Hold,True
2026-07-16,Long Term Entry Top 8,3,BLK,"BlackRock, Inc.",,0.61,,0.07,9,Sehr gut,10,Hoch,32.0,1087.050048828125,0.21,0.03,0.03,0.05,0.04,1032406.0,959715.0,1.08,Normal,Watchlist Zone,21.815,32.0,33.0,Finance,Asset Management,Hold,True
2026-07-16,Long Term Entry Top 8,4,HALO,"Halozyme Therapeutics, Inc.",,0.82,,0.16,8,Sehr gut,10,Hoch,31.0,77.54000091552734,0.65,0.11,0.13,0.09,0.12,1921989.0,1997539.0,0.96,Normal,Hold Zone,20.975,31.0,33.0,Healthcare,Biotech,Hold,True
2026-07-16,Long Term Entry Top 8,5,JPM,JP Morgan Chase & Co.,,0.89,,0.11,7,Gut,10,Hoch,30.0,343.1499938964844,0.78,0.04,0.03,0.08,0.12,12343656.0,11315773.0,1.09,Normal,Upper Range,14.670000000000002,30.0,33.0,Finance,Banks,Hold,True
2026-07-16,Long Term Entry Top 8,6,LLY,Eli Lilly and Company,,0.87,,0.3,6,Gut,9,Hoch,28.0,1169.1700439453125,0.75,0.04,0.05,0.06,0.17,2158819.0,3070861.0,0.7,Normal,Upper Range,12.125,28.0,22.0,Healthcare,Pharma,Hold,True
2026-07-16,Long Term Entry Top 8,7,MA,Mastercard Incorporated,,0.65,,0.07,8,Sehr gut,8,Hoch,28.0,551.5399780273438,0.31,0.1,0.12,0.1,0.05,2345968.0,3889823.0,0.6,Normal,Watchlist Zone,22.465,28.0,28.0,Finance,Fintech,Hold,True
2026-07-16,Long Term Entry Top 8,8,CPA,"Copa Holdings, S.A.",,0.73,,0.23,8,Sehr gut,8,Hoch,27.0,144.36000061035156,0.46,0.01,0.01,0.03,0.14,187185.0,305104.0,0.61,Normal,Hold Zone,18.69,27.0,22.0,Industrials,Aerospace,Hold,True
2026-07-16,Early Play,1,BLK,"BlackRock, Inc.",,0.61,,0.07,9,Sehr gut,10,Hoch,33.0,1087.050048828125,0.21,0.03,0.03,0.05,0.04,1032406.0,959715.0,1.08,Normal,Watchlist Zone,21.815,32.0,33.0,Finance,Asset Management,Hold,True
2026-07-16,Early Play,2,ABT,Abbott Laboratories,,0.33,,0.04,2,Riskant,4,Niedrig,30.0,98.83000183105467,-0.34,0.1,0.12,0.11,-0.09,27851980.0,14467829.0,1.93,Normal,Weak Zone,2.0,12.0,30.0,Healthcare,Medtech,Review,False
2026-07-16,Early Play,3,REXR,"Rexford Industrial Realty, Inc.",,0.54,,0.06,5,Neutral,4,Niedrig,28.0,37.58000183105469,0.08,0.1,0.17,0.09,0.02,4231331.0,2863272.0,1.48,Normal,Transition Zone,15.62,13.0,28.0,Energy,Power Equipment,Hold,False
2026-07-16,Early Play,4,APAM,Artisan Partners Asset Manageme,,0.51,,0.08,7,Gut,5,Mittel,28.0,39.18999862670898,0.03,0.08,0.08,0.08,0.02,995310.0,940856.0,1.06,Normal,Transition Zone,18.545,21.0,28.0,Finance,Asset Management,Hold,False
2026-07-16,Early Play,5,WFC,Wells Fargo & Company,,0.64,,0.09,8,Sehr gut,7,Mittel,27.0,88.06999969482422,0.28,0.04,0.05,0.09,0.05,19554893.0,17451065.0,1.12,Normal,Watchlist Zone,21.42,26.0,27.0,Finance,Banks,Attraktiv,False
2026-07-16,Early Play,6,PATH,"UiPath, Inc.",,0.27,,0.13,3,Riskant,4,Niedrig,25.0,12.029999732971191,-0.47,0.14,0.18,0.09,-0.07,97398373.0,70144344.0,1.39,Normal,Weak Zone,6.5,17.5,25.0,AI / Tech,Robotics & Automation,Review,False
2026-07-16,Early Play,7,CINF,Cincinnati Financial Corporatio,,0.66,,0.09,8,Sehr gut,5,Mittel,23.0,176.2899932861328,0.32,0.03,0.03,0.04,0.08,1132081.0,1050044.0,1.08,Normal,Watchlist Zone,19.48,22.0,23.0,Finance,Insurance,Attraktiv,False
2026-07-16,Early Play,8,SE,Sea Limited,,0.24,,0.17,2,Riskant,3,Niedrig,19.0,106.22000122070312,-0.52,0.22,0.17,0.14,-0.08,5104974.0,4627179.0,1.1,Normal,Weak Zone,4.0,15.5,19.0,Consumer & Retail,E-Commerce,Review,False
2026-07-16,High Conviction Early Play,1,BLK,"BlackRock, Inc.",,0.61,,0.07,9,Sehr gut,10,Hoch,33.0,1087.050048828125,0.21,0.03,0.03,0.05,0.04,1032406.0,959715.0,1.08,Normal,Watchlist Zone,21.815,32.0,33.0,Finance,Asset Management,Hold,True
2026-07-17,Ranking Attraktiv,1,WFC,Wells Fargo & Company,,0.62,,0.08,8,Sehr gut,7,Mittel,8.0,87.51000213623047,0.23,0.04,0.06,0.08,0.04,22740075.0,17648199.0,1.29,Normal,Watchlist Zone,21.345,26.0,29.0,Finance,Banks,Attraktiv,False
2026-07-17,Ranking Attraktiv,2,AIG,"American International Group, I",,0.64,,0.03,8,Sehr gut,5,Mittel,8.0,80.5,0.28,0.08,0.09,0.06,0.05,6847610.0,4615706.0,1.48,Normal,Watchlist Zone,19.42,21.0,22.0,Finance,Insurance,Attraktiv,False
2026-07-17,Ranking Attraktiv,3,EOG,"EOG Resources, Inc.",,0.79,,0.09,7,Gut,9,Hoch,7.0,139.88999938964844,0.57,0.05,0.08,0.03,0.15,2740415.0,3945366.0,0.69,Normal,Hold Zone,19.355,27.0,30.0,Energy,Oil & Gas,Attraktiv,True
2026-07-17,Ranking Attraktiv,4,XOM,XOM,,0.62,,0.01,6,Gut,2,Niedrig,6.0,147.36000061035156,0.24,0.05,0.07,0.01,0.08,19009012.0,17407781.0,1.09,Normal,Watchlist Zone,16.36,10.0,14.0,Energy,Oil & Gas,Attraktiv,False
2026-07-17,Ranking Attraktiv,5,CVX,Chevron Corporation,,0.65,,0.03,6,Gut,2,Niedrig,6.0,187.3800048828125,0.3,0.06,0.08,0.03,0.09,7048921.0,9609286.0,0.73,Normal,Watchlist Zone,16.45,10.0,13.0,Energy,Oil & Gas,Attraktiv,False
2026-07-17,Ranking Attraktiv,6,AWK,AWK,,0.61,,0.03,6,Gut,4,Niedrig,6.0,135.11000061035156,0.23,0.08,0.08,0.06,0.04,1814277.0,2271909.0,0.8,Normal,Watchlist Zone,16.345,14.0,18.0,Energy,Grid Infrastructure,Attraktiv,False
2026-07-17,Ranking Attraktiv,7,PCG,Pacific Gas & Electric Co.,,0.71,,0.01,6,Gut,6,Mittel,6.0,17.31999969482422,0.41,0.06,0.05,0.04,0.05,9848807.0,17070340.0,0.58,Normal,Hold Zone,14.615,19.0,21.0,Energy,Grid Infrastructure,Attraktiv,False
2026-07-17,Ranking Attraktiv,8,CINF,Cincinnati Financial Corporatio,,0.74,,0.09,6,Gut,5,Mittel,6.0,180.7899932861328,0.48,0.06,0.07,0.06,0.11,1326924.0,1082861.0,1.23,Normal,Hold Zone,16.72,21.0,25.0,Finance,Insurance,Attraktiv,False
2026-07-17,Ranking Attraktiv,9,ACGL,Arch Capital Group Ltd.,,0.83,,0.04,6,Gut,6,Mittel,6.0,101.3499984741211,0.67,0.1,0.11,0.07,0.08,2188591.0,2010780.0,1.09,Normal,Hold Zone,15.005,20.0,25.0,Finance,Insurance,Attraktiv,False
2026-07-17,Ranking Attraktiv,10,S,"SentinelOne, Inc.",,0.81,,0.4,5,Neutral,2,Niedrig,5.0,19.56999969482422,0.62,0.32,0.3,0.16,0.27,5330974.0,7314844.0,0.73,Normal,Hold Zone,9.43,12.5,0.0,AI / Tech,Cybersecurity,Attraktiv,False
2026-07-17,Ranking Attraktiv,11,SO,SO,,0.76,,0.02,5,Neutral,4,Niedrig,5.0,95.3000030517578,0.53,0.03,0.02,0.01,0.04,3936701.0,6063800.0,0.65,Normal,Hold Zone,11.295,12.0,14.0,Energy,Grid Infrastructure,Attraktiv,False
2026-07-17,Ranking Attraktiv,12,KMI,KMI,,0.75,,0.02,5,Neutral,5,Mittel,5.0,32.29999923706055,0.49,0.03,0.02,0.0,0.08,8397733.0,9837532.0,0.85,Normal,Hold Zone,11.235,15.0,17.0,Energy,Oil & Gas,Attraktiv,False
2026-07-17,Short Term Top 8,1,DXCM,"DexCom, Inc.",,0.63,,0.2,8,Sehr gut,5,Mittel,21.39,76.6500015258789,0.26,0.08,0.06,0.09,0.14,4747254.0,4916643.0,0.97,Normal,Watchlist Zone,21.39,22.0,23.0,Healthcare,Medtech,Review,False
2026-07-17,Short Term Top 8,2,WFC,Wells Fargo & Company,,0.62,,0.08,8,Sehr gut,7,Mittel,21.345,87.51000213623047,0.23,0.04,0.06,0.08,0.04,22740075.0,17648199.0,1.29,Normal,Watchlist Zone,21.345,26.0,29.0,Finance,Banks,Attraktiv,False
2026-07-17,Short Term Top 8,3,HALO,"Halozyme Therapeutics, Inc.",,0.83,,0.12,8,Sehr gut,10,Hoch,21.005,77.80999755859375,0.67,0.13,0.14,0.09,0.12,1482526.0,1994336.0,0.74,Normal,Hold Zone,21.005,31.0,32.0,Healthcare,Biotech,Hold,True
2026-07-17,Short Term Top 8,4,NVO,Novo Nordisk A/S,,0.46,,0.24,8,Sehr gut,10,Hoch,21.0,50.31999969482422,-0.07,0.16,0.17,0.09,0.09,8818306.0,11057940.0,0.8,Normal,Transition Zone,21.0,33.0,36.0,Healthcare,Pharma,Review,True
2026-07-17,Short Term Top 8,5,ADDYY,adidas AG,,0.67,,0.23,8,Sehr gut,4,Niedrig,20.51,103.61000061035156,0.34,0.05,0.02,0.07,0.13,5579.0,87164.0,0.06,Normal,Watchlist Zone,20.51,22.5,17.0,Consumer & Retail,Luxury & Brands,Review,False
2026-07-17,Short Term Top 8,6,MA,MA,,0.59,,0.04,8,Sehr gut,8,Hoch,20.285,543.5999755859375,0.19,0.1,0.11,0.08,0.03,2397735.0,3892327.0,0.62,Normal,Watchlist Zone,20.285,28.0,33.0,Finance,Fintech,Review,True
2026-07-17,Short Term Top 8,7,AFRM,"Affirm Holdings, Inc.",,0.59,,0.18,8,Sehr gut,5,Mittel,20.255,76.06999969482422,0.17,0.08,0.03,0.05,0.15,4546138.0,4115067.0,1.1,Normal,Watchlist Zone,20.255,22.0,28.0,Finance,Fintech,Review,False
2026-07-17,Short Term Top 8,8,OMCL,"Omnicell, Inc.",,0.68,,0.2,7,Gut,2,Niedrig,20.025,45.869998931884766,0.35,0.19,0.17,0.08,0.15,532817.0,737506.0,0.72,Normal,Watchlist Zone,20.025,18.5,16.0,Healthcare,AI in Healthcare,Review,False
2026-07-17,Long Term Entry Top 8,1,NVO,Novo Nordisk A/S,,0.46,,0.24,8,Sehr gut,10,Hoch,33.0,50.31999969482422,-0.07,0.16,0.17,0.09,0.09,8818306.0,11057940.0,0.8,Normal,Transition Zone,21.0,33.0,36.0,Healthcare,Pharma,Review,True
2026-07-17,Long Term Entry Top 8,2,META,"Meta Platforms, Inc.",,0.46,,-0.06,5,Neutral,10,Hoch,32.5,646.010009765625,-0.08,0.14,0.12,0.07,0.01,20966389.0,20845134.0,1.01,Normal,Transition Zone,12.5,32.5,31.0,AI / Tech,AI Software & Platforms,Review,False
2026-07-17,Long Term Entry Top 8,3,HALO,"Halozyme Therapeutics, Inc.",,0.83,,0.12,8,Sehr gut,10,Hoch,31.0,77.80999755859375,0.67,0.13,0.14,0.09,0.12,1482526.0,1994336.0,0.74,Normal,Hold Zone,21.005,31.0,32.0,Healthcare,Biotech,Hold,True
2026-07-17,Long Term Entry Top 8,4,BLK,BLK,,0.55,,0.02,9,Sehr gut,10,Hoch,30.0,1072.199951171875,0.11,0.01,0.02,0.04,0.02,760962.0,968043.0,0.79,Normal,Watchlist Zone,19.665,30.0,28.0,Finance,Asset Management,Hold,True
2026-07-17,Long Term Entry Top 8,5,JPM,JP Morgan Chase & Co.,,0.86,,0.1,6,Gut,10,Hoch,30.0,341.1000061035156,0.73,0.03,0.05,0.08,0.11,7079222.0,11061851.0,0.64,Normal,Upper Range,13.095,30.0,32.0,Finance,Banks,Hold,True
2026-07-17,Long Term Entry Top 8,6,MA,MA,,0.59,,0.04,8,Sehr gut,8,Hoch,28.0,543.5999755859375,0.19,0.1,0.11,0.08,0.03,2397735.0,3892327.0,0.62,Normal,Watchlist Zone,20.285,28.0,33.0,Finance,Fintech,Review,True
2026-07-17,Long Term Entry Top 8,7,LLY,LLY,,0.89,,0.27,6,Gut,9,Hoch,28.0,1179.1099853515625,0.78,0.06,0.07,0.06,0.17,2163075.0,3091464.0,0.7,Normal,Upper Range,14.170000000000002,28.0,22.0,Healthcare,Pharma,Hold,True
2026-07-17,Long Term Entry Top 8,8,EOG,"EOG Resources, Inc.",,0.79,,0.09,7,Gut,9,Hoch,27.0,139.88999938964844,0.57,0.05,0.08,0.03,0.15,2740415.0,3945366.0,0.69,Normal,Hold Zone,19.355,27.0,30.0,Energy,Oil & Gas,Attraktiv,True
2026-07-17,Early Play,1,WFC,Wells Fargo & Company,,0.62,,0.08,8,Sehr gut,7,Mittel,29.0,87.51000213623047,0.23,0.04,0.06,0.08,0.04,22740075.0,17648199.0,1.29,Normal,Watchlist Zone,21.345,26.0,29.0,Finance,Banks,Attraktiv,False
2026-07-17,Early Play,2,SE,Sea Limited,,0.22,,0.14,3,Riskant,4,Niedrig,28.0,104.0500030517578,-0.56,0.15,0.14,0.11,-0.09,6008492.0,4680530.0,1.28,Normal,Weak Zone,5.5,17.5,28.0,Consumer & Retail,E-Commerce,Review,False
2026-07-17,Early Play,3,CF,"CF Industries Holdings, Inc.",,0.7,,0.08,7,Gut,9,Hoch,28.0,121.41999816894533,0.4,0.15,0.18,0.06,0.21,2979890.0,2754270.0,1.08,Normal,Hold Zone,19.1,27.0,28.0,Real Assets,Agriculture,Review,True
2026-07-17,Early Play,4,AFRM,"Affirm Holdings, Inc.",,0.59,,0.18,8,Sehr gut,5,Mittel,28.0,76.06999969482422,0.17,0.08,0.03,0.05,0.15,4546138.0,4115067.0,1.1,Normal,Watchlist Zone,20.255,22.0,28.0,Finance,Fintech,Review,False
2026-07-17,Early Play,5,PATH,"UiPath, Inc.",,0.28,,0.17,3,Riskant,4,Niedrig,25.0,12.149999618530272,-0.45,0.19,0.18,0.1,-0.06,90610126.0,72652876.0,1.25,Normal,Weak Zone,6.5,17.5,25.0,AI / Tech,Robotics & Automation,Review,False
2026-07-17,Early Play,6,CINF,Cincinnati Financial Corporatio,,0.74,,0.09,6,Gut,5,Mittel,25.0,180.7899932861328,0.48,0.06,0.07,0.06,0.11,1326924.0,1082861.0,1.23,Normal,Hold Zone,16.72,21.0,25.0,Finance,Insurance,Attraktiv,False
2026-07-17,Early Play,7,ABT,ABT,,0.36,,0.05,4,Neutral,4,Niedrig,24.0,100.68000030517578,-0.27,0.15,0.15,0.13,-0.07,17060065.0,14913373.0,1.14,Normal,Transition Zone,9.0,13.0,24.0,Healthcare,Medtech,Review,False
2026-07-17,Early Play,8,REXR,"Rexford Industrial Realty, Inc.",,0.53,,0.03,5,Neutral,4,Niedrig,23.0,37.459999084472656,0.06,0.17,0.15,0.08,0.02,3197420.0,2851896.0,1.12,Normal,Transition Zone,13.59,16.0,23.0,Real Assets,Real Estate (REITs),Hold,False
2026-07-17,High Conviction Early Play,1,CF,"CF Industries Holdings, Inc.",,0.7,,0.08,7,Gut,9,Hoch,28.0,121.41999816894533,0.4,0.15,0.18,0.06,0.21,2979890.0,2754270.0,1.08,Normal,Hold Zone,19.1,27.0,28.0,Real Assets,Agriculture,Review,True
2026-07-18,Ranking Attraktiv,1,WFC,Wells Fargo & Company,,0.62,,0.08,8,Sehr gut,7,Mittel,8.0,87.51000213623047,0.23,0.04,0.06,0.08,0.04,22762100.0,17649300.0,1.29,Normal,Watchlist Zone,21.345,26.0,29.0,Finance,Banks,Attraktiv,False
2026-07-18,Ranking Attraktiv,2,AIG,AIG,,0.64,,0.03,8,Sehr gut,5,Mittel,8.0,80.5,0.28,0.08,0.09,0.06,0.05,6847700.0,4615710.0,1.48,Normal,Watchlist Zone,19.42,21.0,22.0,Finance,Insurance,Attraktiv,False
2026-07-18,Ranking Attraktiv,3,EOG,"EOG Resources, Inc.",,0.81,,0.1,7,Gut,9,Hoch,7.0,139.88999938964844,0.62,0.06,0.08,0.04,0.16,4240100.0,4020350.0,1.05,Normal,Hold Zone,19.43,25.0,31.0,Energy,Oil & Gas,Attraktiv,True
2026-07-18,Ranking Attraktiv,4,XOM,XOM,,0.62,,0.01,6,Gut,2,Niedrig,6.0,147.36000061035156,0.24,0.05,0.07,0.01,0.08,19016000.0,17408130.0,1.09,Normal,Watchlist Zone,16.36,10.0,14.0,Energy,Oil & Gas,Attraktiv,False
2026-07-18,Ranking Attraktiv,5,CVX,Chevron Corporation,,0.65,,0.03,6,Gut,2,Niedrig,6.0,187.3800048828125,0.3,0.06,0.08,0.03,0.09,7053800.0,9609530.0,0.73,Normal,Watchlist Zone,16.45,10.0,13.0,Energy,Oil & Gas,Attraktiv,False
2026-07-18,Ranking Attraktiv,6,AWK,AWK,,0.61,,0.03,6,Gut,4,Niedrig,6.0,135.11000061035156,0.23,0.08,0.08,0.06,0.04,2390900.0,2300740.0,1.04,Normal,Watchlist Zone,16.345,14.0,18.0,Energy,Grid Infrastructure,Attraktiv,False
2026-07-18,Ranking Attraktiv,7,PCG,Pacific Gas & Electric Co.,,0.71,,0.01,6,Gut,6,Mittel,6.0,17.31999969482422,0.41,0.06,0.05,0.04,0.05,14093800.0,17282590.0,0.82,Normal,Hold Zone,14.615,19.0,22.0,Energy,Grid Infrastructure,Attraktiv,False
2026-07-18,Ranking Attraktiv,8,CINF,Cincinnati Financial Corporatio,,0.74,,0.09,6,Gut,5,Mittel,6.0,180.7899932861328,0.48,0.06,0.07,0.06,0.11,1355000.0,1084265.0,1.25,Normal,Hold Zone,16.72,21.0,25.0,Finance,Insurance,Attraktiv,False
2026-07-18,Ranking Attraktiv,9,ACGL,Arch Capital Group Ltd.,,0.83,,0.04,6,Gut,6,Mittel,6.0,101.3499984741211,0.67,0.1,0.11,0.07,0.08,2233800.0,2013040.0,1.11,Normal,Hold Zone,15.005,20.0,25.0,Finance,Insurance,Attraktiv,False
2026-07-18,Ranking Attraktiv,10,S,"SentinelOne, Inc.",,0.81,,0.4,5,Neutral,2,Niedrig,5.0,19.56999969482422,0.62,0.32,0.3,0.16,0.27,7755400.0,7436065.0,1.04,Normal,Hold Zone,9.43,12.5,1.0,AI / Tech,Cybersecurity,Attraktiv,False
2026-07-18,Ranking Attraktiv,11,SO,SO,,0.76,,0.02,5,Neutral,4,Niedrig,5.0,95.3000030517578,0.53,0.03,0.02,0.01,0.04,4926200.0,6113275.0,0.81,Normal,Hold Zone,11.295,12.0,15.0,Energy,Grid Infrastructure,Attraktiv,False
2026-07-18,Ranking Attraktiv,12,KMI,KMI,,0.75,,0.02,5,Neutral,5,Mittel,5.0,32.29999923706055,0.49,0.03,0.02,0.0,0.08,8516600.0,9843475.0,0.87,Normal,Hold Zone,11.235,15.0,17.0,Energy,Oil & Gas,Attraktiv,False
2026-07-18,Short Term Top 8,1,DXCM,"DexCom, Inc.",,0.63,,0.2,8,Sehr gut,5,Mittel,21.39,76.6500015258789,0.26,0.08,0.06,0.09,0.14,5053900.0,4931975.0,1.02,Normal,Watchlist Zone,21.39,22.0,23.0,Healthcare,Medtech,Review,False
2026-07-18,Short Term Top 8,2,WFC,Wells Fargo & Company,,0.62,,0.08,8,Sehr gut,7,Mittel,21.345,87.51000213623047,0.23,0.04,0.06,0.08,0.04,22762100.0,17649300.0,1.29,Normal,Watchlist Zone,21.345,26.0,29.0,Finance,Banks,Attraktiv,False
2026-07-18,Short Term Top 8,3,HALO,"Halozyme Therapeutics, Inc.",,0.83,,0.12,8,Sehr gut,10,Hoch,21.005,77.80999755859375,0.67,0.13,0.14,0.09,0.12,1482500.0,1994335.0,0.74,Normal,Hold Zone,21.005,31.0,32.0,Healthcare,Biotech,Hold,True
2026-07-18,Short Term Top 8,4,NVO,NVO,,0.46,,0.24,8,Sehr gut,10,Hoch,21.0,50.31999969482422,-0.07,0.16,0.17,0.09,0.09,9539400.0,11093995.0,0.86,Normal,Transition Zone,21.0,33.0,36.0,Healthcare,Pharma,Review,True
2026-07-18,Short Term Top 8,5,ADDYY,adidas AG,,0.67,,0.22,8,Sehr gut,4,Niedrig,20.495,103.37999725341795,0.33,0.05,0.01,0.07,0.13,42000.0,88985.0,0.47,Normal,Watchlist Zone,20.495,22.5,17.0,Consumer & Retail,Luxury & Brands,Review,False
2026-07-18,Short Term Top 8,6,MA,MA,,0.59,,0.04,8,Sehr gut,8,Hoch,20.285,543.5999755859375,0.19,0.1,0.11,0.08,0.03,3221600.0,3933520.0,0.82,Normal,Watchlist Zone,20.285,28.0,34.0,Finance,Fintech,Review,True
2026-07-18,Short Term Top 8,7,AFRM,"Affirm Holdings, Inc.",,0.59,,0.18,8,Sehr gut,5,Mittel,20.255,76.06999969482422,0.17,0.08,0.03,0.05,0.15,4546700.0,4115095.0,1.1,Normal,Watchlist Zone,20.255,22.0,28.0,Finance,Fintech,Review,False
2026-07-18,Short Term Top 8,8,OMCL,"Omnicell, Inc.",,0.68,,0.2,7,Gut,2,Niedrig,20.025,45.869998931884766,0.35,0.19,0.17,0.08,0.15,532900.0,737510.0,0.72,Normal,Watchlist Zone,20.025,18.5,16.0,Healthcare,AI in Healthcare,Review,False
2026-07-18,Long Term Entry Top 8,1,NVO,NVO,,0.46,,0.24,8,Sehr gut,10,Hoch,33.0,50.31999969482422,-0.07,0.16,0.17,0.09,0.09,9539400.0,11093995.0,0.86,Normal,Transition Zone,21.0,33.0,36.0,Healthcare,Pharma,Review,True
2026-07-18,Long Term Entry Top 8,2,META,"Meta Platforms, Inc.",,0.46,,-0.06,5,Neutral,10,Hoch,32.5,646.010009765625,-0.08,0.14,0.12,0.07,0.01,22219700.0,20907800.0,1.06,Normal,Transition Zone,12.5,32.5,31.0,AI / Tech,AI Software & Platforms,Review,False
2026-07-18,Long Term Entry Top 8,3,HALO,"Halozyme Therapeutics, Inc.",,0.83,,0.12,8,Sehr gut,10,Hoch,31.0,77.80999755859375,0.67,0.13,0.14,0.09,0.12,1482500.0,1994335.0,0.74,Normal,Hold Zone,21.005,31.0,32.0,Healthcare,Biotech,Hold,True
2026-07-18,Long Term Entry Top 8,4,JPM,JPM,,0.86,,0.1,6,Gut,10,Hoch,30.0,341.1000061035156,0.73,0.03,0.05,0.08,0.11,9249100.0,11170345.0,0.83,Normal,Upper Range,13.095,30.0,33.0,Finance,Banks,Hold,True
2026-07-18,Long Term Entry Top 8,5,LLY,LLY,,0.89,,0.27,6,Gut,9,Hoch,28.0,1179.1099853515625,0.78,0.06,0.07,0.06,0.17,2756400.0,3121130.0,0.88,Normal,Upper Range,14.170000000000002,28.0,23.0,Healthcare,Pharma,Hold,True
2026-07-18,Long Term Entry Top 8,6,MA,MA,,0.59,,0.04,8,Sehr gut,8,Hoch,28.0,543.5999755859375,0.19,0.1,0.11,0.08,0.03,3221600.0,3933520.0,0.82,Normal,Watchlist Zone,20.285,28.0,34.0,Finance,Fintech,Review,True
2026-07-18,Long Term Entry Top 8,7,BLK,BLK,,0.55,,0.02,9,Sehr gut,9,Hoch,28.0,1072.199951171875,0.11,0.01,0.02,0.04,0.02,761000.0,968045.0,0.79,Normal,Watchlist Zone,19.665,28.0,26.0,Finance,Asset Management,Hold,True
2026-07-18,Long Term Entry Top 8,8,CF,"CF Industries Holdings, Inc.",,0.7,,0.08,7,Gut,9,Hoch,27.0,121.41999816894533,0.4,0.15,0.18,0.06,0.21,3065500.0,2758550.0,1.11,Normal,Hold Zone,19.1,27.0,28.0,Real Assets,Agriculture,Review,True
2026-07-18,Early Play,1,WFC,Wells Fargo & Company,,0.62,,0.08,8,Sehr gut,7,Mittel,29.0,87.51000213623047,0.23,0.04,0.06,0.08,0.04,22762100.0,17649300.0,1.29,Normal,Watchlist Zone,21.345,26.0,29.0,Finance,Banks,Attraktiv,False
2026-07-18,Early Play,2,SE,SE,,0.22,,0.14,3,Riskant,4,Niedrig,28.0,104.0500030517578,-0.56,0.15,0.14,0.11,-0.09,6009200.0,4680565.0,1.28,Normal,Weak Zone,5.5,17.5,28.0,Consumer & Retail,E-Commerce,Review,False
2026-07-18,Early Play,3,AFRM,"Affirm Holdings, Inc.",,0.59,,0.18,8,Sehr gut,5,Mittel,28.0,76.06999969482422,0.17,0.08,0.03,0.05,0.15,4546700.0,4115095.0,1.1,Normal,Watchlist Zone,20.255,22.0,28.0,Finance,Fintech,Review,False
2026-07-18,Early Play,4,CF,"CF Industries Holdings, Inc.",,0.7,,0.08,7,Gut,9,Hoch,28.0,121.41999816894533,0.4,0.15,0.18,0.06,0.21,3065500.0,2758550.0,1.11,Normal,Hold Zone,19.1,27.0,28.0,Real Assets,Agriculture,Review,True
2026-07-18,Early Play,5,ABT,ABT,,0.36,,0.05,4,Neutral,4,Niedrig,26.0,100.68000030517578,-0.27,0.15,0.15,0.13,-0.07,19913100.0,15056025.0,1.32,Normal,Transition Zone,9.0,13.0,26.0,Healthcare,Medtech,Review,False
2026-07-18,Early Play,6,PATH,"UiPath, Inc.",,0.28,,0.17,3,Riskant,4,Niedrig,25.0,12.149999618530272,-0.45,0.19,0.18,0.1,-0.06,92431300.0,72743935.0,1.27,Normal,Weak Zone,6.5,17.5,25.0,AI / Tech,Robotics & Automation,Review,False
2026-07-18,Early Play,7,CINF,Cincinnati Financial Corporatio,,0.74,,0.09,6,Gut,5,Mittel,25.0,180.7899932861328,0.48,0.06,0.07,0.06,0.11,1355000.0,1084265.0,1.25,Normal,Hold Zone,16.72,21.0,25.0,Finance,Insurance,Attraktiv,False
2026-07-18,Early Play,8,REXR,"Rexford Industrial Realty, Inc.",,0.53,,0.03,5,Neutral,4,Niedrig,25.0,37.459999084472656,0.06,0.17,0.15,0.08,0.02,3628800.0,2873465.0,1.26,Normal,Transition Zone,13.59,16.0,25.0,Real Assets,Real Estate (REITs),Hold,False
2026-07-18,High Conviction Early Play,1,CF,"CF Industries Holdings, Inc.",,0.7,,0.08,7,Gut,9,Hoch,28.0,121.41999816894533,0.4,0.15,0.18,0.06,0.21,3065500.0,2758550.0,1.11,Normal,Hold Zone,19.1,27.0,28.0,Real Assets,Agriculture,Review,True
2026-07-19,Ranking Attraktiv,1,WFC,Wells Fargo & Company,,0.62,,0.08,8,Sehr gut,7,Mittel,8.0,87.51000213623047,0.23,0.04,0.06,0.08,0.04,22762100.0,17649300.0,1.29,Normal,Watchlist Zone,21.345,26.0,29.0,Finance,Banks,Attraktiv,False
2026-07-19,Ranking Attraktiv,2,AIG,"American International Group, I",,0.64,,0.03,8,Sehr gut,5,Mittel,8.0,80.5,0.28,0.08,0.09,0.06,0.05,6847700.0,4615710.0,1.48,Normal,Watchlist Zone,19.42,21.0,22.0,Finance,Insurance,Attraktiv,False
2026-07-19,Ranking Attraktiv,3,EOG,"EOG Resources, Inc.",,0.81,,0.1,7,Gut,9,Hoch,7.0,139.88999938964844,0.62,0.06,0.08,0.04,0.16,4240100.0,4020350.0,1.05,Normal,Hold Zone,19.43,25.0,31.0,Energy,Oil & Gas,Attraktiv,True
2026-07-19,Ranking Attraktiv,4,XOM,ExxonMobil Holdings Corporation,,0.62,,0.01,6,Gut,2,Niedrig,6.0,147.36000061035156,0.24,0.05,0.07,0.01,0.08,19016000.0,17408130.0,1.09,Normal,Watchlist Zone,16.36,10.0,14.0,Energy,Oil & Gas,Attraktiv,False
2026-07-19,Ranking Attraktiv,5,CVX,Chevron Corporation,,0.65,,0.03,6,Gut,2,Niedrig,6.0,187.3800048828125,0.3,0.06,0.08,0.03,0.09,7053800.0,9609530.0,0.73,Normal,Watchlist Zone,16.45,10.0,13.0,Energy,Oil & Gas,Attraktiv,False
2026-07-19,Ranking Attraktiv,6,AWK,"American Water Works Company, I",,0.61,,0.03,6,Gut,4,Niedrig,6.0,135.11000061035156,0.23,0.08,0.08,0.06,0.04,2390900.0,2300740.0,1.04,Normal,Watchlist Zone,16.345,14.0,18.0,Energy,Grid Infrastructure,Attraktiv,False
2026-07-19,Ranking Attraktiv,7,PCG,Pacific Gas & Electric Co.,,0.71,,0.01,6,Gut,6,Mittel,6.0,17.31999969482422,0.41,0.06,0.05,0.04,0.05,14093800.0,17282590.0,0.82,Normal,Hold Zone,14.615,19.0,22.0,Energy,Grid Infrastructure,Attraktiv,False
2026-07-19,Ranking Attraktiv,8,CINF,Cincinnati Financial Corporatio,,0.74,,0.09,6,Gut,5,Mittel,6.0,180.7899932861328,0.48,0.06,0.07,0.06,0.11,1355000.0,1084265.0,1.25,Normal,Hold Zone,16.72,21.0,25.0,Finance,Insurance,Attraktiv,False
2026-07-19,Ranking Attraktiv,9,ACGL,Arch Capital Group Ltd.,,0.83,,0.04,6,Gut,6,Mittel,6.0,101.3499984741211,0.67,0.1,0.11,0.07,0.08,2233800.0,2013040.0,1.11,Normal,Hold Zone,15.005,20.0,25.0,Finance,Insurance,Attraktiv,False
2026-07-19,Ranking Attraktiv,10,S,"SentinelOne, Inc.",,0.81,,0.4,5,Neutral,2,Niedrig,5.0,19.56999969482422,0.62,0.32,0.3,0.16,0.27,7755400.0,7436065.0,1.04,Normal,Hold Zone,9.43,12.5,1.0,AI / Tech,Cybersecurity,Attraktiv,False
2026-07-19,Ranking Attraktiv,11,SO,Southern Company (The),,0.76,,0.02,5,Neutral,4,Niedrig,5.0,95.3000030517578,0.53,0.03,0.02,0.01,0.04,4926200.0,6113275.0,0.81,Normal,Hold Zone,11.295,12.0,15.0,Energy,Grid Infrastructure,Attraktiv,False
2026-07-19,Ranking Attraktiv,12,KMI,"Kinder Morgan, Inc.",,0.75,,0.02,5,Neutral,5,Mittel,5.0,32.29999923706055,0.49,0.03,0.02,0.0,0.08,8516600.0,9843475.0,0.87,Normal,Hold Zone,11.235,15.0,17.0,Energy,Oil & Gas,Attraktiv,False
2026-07-19,Short Term Top 8,1,DXCM,"DexCom, Inc.",,0.63,,0.2,8,Sehr gut,5,Mittel,21.39,76.6500015258789,0.26,0.08,0.06,0.09,0.14,5053900.0,4931975.0,1.02,Normal,Watchlist Zone,21.39,22.0,23.0,Healthcare,Medtech,Review,False
2026-07-19,Short Term Top 8,2,WFC,Wells Fargo & Company,,0.62,,0.08,8,Sehr gut,7,Mittel,21.345,87.51000213623047,0.23,0.04,0.06,0.08,0.04,22762100.0,17649300.0,1.29,Normal,Watchlist Zone,21.345,26.0,29.0,Finance,Banks,Attraktiv,False
2026-07-19,Short Term Top 8,3,HALO,"Halozyme Therapeutics, Inc.",,0.83,,0.12,8,Sehr gut,10,Hoch,21.005,77.80999755859375,0.67,0.13,0.14,0.09,0.12,1482500.0,1994335.0,0.74,Normal,Hold Zone,21.005,31.0,32.0,Healthcare,Biotech,Hold,True
2026-07-19,Short Term Top 8,4,NVO,Novo Nordisk A/S,,0.46,,0.24,8,Sehr gut,10,Hoch,21.0,50.31999969482422,-0.07,0.16,0.17,0.09,0.09,9539400.0,11093995.0,0.86,Normal,Transition Zone,21.0,33.0,36.0,Healthcare,Pharma,Review,True
2026-07-19,Short Term Top 8,5,ADDYY,adidas AG,,0.67,,0.22,8,Sehr gut,4,Niedrig,20.495,103.37999725341795,0.33,0.05,0.01,0.07,0.13,42000.0,88985.0,0.47,Normal,Watchlist Zone,20.495,22.5,17.0,Consumer & Retail,Luxury & Brands,Review,False
2026-07-19,Short Term Top 8,6,MA,Mastercard Incorporated,,0.59,,0.04,8,Sehr gut,8,Hoch,20.285,543.5999755859375,0.19,0.1,0.11,0.08,0.03,3221600.0,3933520.0,0.82,Normal,Watchlist Zone,20.285,28.0,34.0,Finance,Fintech,Review,True
2026-07-19,Short Term Top 8,7,AFRM,"Affirm Holdings, Inc.",,0.59,,0.18,8,Sehr gut,5,Mittel,20.255,76.06999969482422,0.17,0.08,0.03,0.05,0.15,4546700.0,4115095.0,1.1,Normal,Watchlist Zone,20.255,22.0,28.0,Finance,Fintech,Review,False
2026-07-19,Short Term Top 8,8,OMCL,"Omnicell, Inc.",,0.68,,0.2,7,Gut,2,Niedrig,20.025,45.869998931884766,0.35,0.19,0.17,0.08,0.15,532900.0,737510.0,0.72,Normal,Watchlist Zone,20.025,18.5,16.0,Healthcare,AI in Healthcare,Review,False
2026-07-19,Long Term Entry Top 8,1,NVO,Novo Nordisk A/S,,0.46,,0.24,8,Sehr gut,10,Hoch,33.0,50.31999969482422,-0.07,0.16,0.17,0.09,0.09,9539400.0,11093995.0,0.86,Normal,Transition Zone,21.0,33.0,36.0,Healthcare,Pharma,Review,True
2026-07-19,Long Term Entry Top 8,2,META,"Meta Platforms, Inc.",,0.46,,-0.06,5,Neutral,10,Hoch,32.5,646.010009765625,-0.08,0.14,0.12,0.07,0.01,22219700.0,20907800.0,1.06,Normal,Transition Zone,12.5,32.5,31.0,AI / Tech,AI Software & Platforms,Review,False
2026-07-19,Long Term Entry Top 8,3,HALO,"Halozyme Therapeutics, Inc.",,0.83,,0.12,8,Sehr gut,10,Hoch,31.0,77.80999755859375,0.67,0.13,0.14,0.09,0.12,1482500.0,1994335.0,0.74,Normal,Hold Zone,21.005,31.0,32.0,Healthcare,Biotech,Hold,True
2026-07-19,Long Term Entry Top 8,4,JPM,JP Morgan Chase & Co.,,0.86,,0.1,6,Gut,10,Hoch,30.0,341.1000061035156,0.73,0.03,0.05,0.08,0.11,9249100.0,11170345.0,0.83,Normal,Upper Range,13.095,30.0,33.0,Finance,Banks,Hold,True
2026-07-19,Long Term Entry Top 8,5,LLY,Eli Lilly and Company,,0.89,,0.27,6,Gut,9,Hoch,28.0,1179.1099853515625,0.78,0.06,0.07,0.06,0.17,2756400.0,3121130.0,0.88,Normal,Upper Range,14.170000000000002,28.0,23.0,Healthcare,Pharma,Hold,True
2026-07-19,Long Term Entry Top 8,6,MA,Mastercard Incorporated,,0.59,,0.04,8,Sehr gut,8,Hoch,28.0,543.5999755859375,0.19,0.1,0.11,0.08,0.03,3221600.0,3933520.0,0.82,Normal,Watchlist Zone,20.285,28.0,34.0,Finance,Fintech,Review,True
2026-07-19,Long Term Entry Top 8,7,BLK,"BlackRock, Inc.",,0.55,,0.02,9,Sehr gut,9,Hoch,28.0,1072.199951171875,0.11,0.01,0.02,0.04,0.02,761000.0,968045.0,0.79,Normal,Watchlist Zone,19.665,28.0,26.0,Finance,Asset Management,Hold,True
2026-07-19,Long Term Entry Top 8,8,CF,"CF Industries Holdings, Inc.",,0.7,,0.08,7,Gut,9,Hoch,27.0,121.41999816894533,0.4,0.15,0.18,0.06,0.21,3065500.0,2758550.0,1.11,Normal,Hold Zone,19.1,27.0,28.0,Real Assets,Agriculture,Review,True
2026-07-19,Early Play,1,WFC,Wells Fargo & Company,,0.62,,0.08,8,Sehr gut,7,Mittel,29.0,87.51000213623047,0.23,0.04,0.06,0.08,0.04,22762100.0,17649300.0,1.29,Normal,Watchlist Zone,21.345,26.0,29.0,Finance,Banks,Attraktiv,False
2026-07-19,Early Play,2,SE,Sea Limited,,0.22,,0.14,3,Riskant,4,Niedrig,28.0,104.0500030517578,-0.56,0.15,0.14,0.11,-0.09,6009200.0,4680565.0,1.28,Normal,Weak Zone,5.5,17.5,28.0,Consumer & Retail,E-Commerce,Review,False
2026-07-19,Early Play,3,AFRM,"Affirm Holdings, Inc.",,0.59,,0.18,8,Sehr gut,5,Mittel,28.0,76.06999969482422,0.17,0.08,0.03,0.05,0.15,4546700.0,4115095.0,1.1,Normal,Watchlist Zone,20.255,22.0,28.0,Finance,Fintech,Review,False
2026-07-19,Early Play,4,CF,"CF Industries Holdings, Inc.",,0.7,,0.08,7,Gut,9,Hoch,28.0,121.41999816894533,0.4,0.15,0.18,0.06,0.21,3065500.0,2758550.0,1.11,Normal,Hold Zone,19.1,27.0,28.0,Real Assets,Agriculture,Review,True
2026-07-19,Early Play,5,ABT,Abbott Laboratories,,0.36,,0.05,4,Neutral,4,Niedrig,26.0,100.68000030517578,-0.27,0.15,0.15,0.13,-0.07,19913100.0,15056025.0,1.32,Normal,Transition Zone,9.0,13.0,26.0,Healthcare,Medtech,Review,False
2026-07-19,Early Play,6,PATH,"UiPath, Inc.",,0.28,,0.17,3,Riskant,4,Niedrig,25.0,12.149999618530272,-0.45,0.19,0.18,0.1,-0.06,92431300.0,72743935.0,1.27,Normal,Weak Zone,6.5,17.5,25.0,AI / Tech,Robotics & Automation,Review,False
2026-07-19,Early Play,7,CINF,Cincinnati Financial Corporatio,,0.74,,0.09,6,Gut,5,Mittel,25.0,180.7899932861328,0.48,0.06,0.07,0.06,0.11,1355000.0,1084265.0,1.25,Normal,Hold Zone,16.72,21.0,25.0,Finance,Insurance,Attraktiv,False
2026-07-19,Early Play,8,REXR,"Rexford Industrial Realty, Inc.",,0.53,,0.03,5,Neutral,4,Niedrig,25.0,37.459999084472656,0.06,0.17,0.15,0.08,0.02,3628800.0,2873465.0,1.26,Normal,Transition Zone,13.59,16.0,25.0,Real Assets,Real Estate (REITs),Hold,False
2026-07-19,High Conviction Early Play,1,CF,"CF Industries Holdings, Inc.",,0.7,,0.08,7,Gut,9,Hoch,28.0,121.41999816894533,0.4,0.15,0.18,0.06,0.21,3065500.0,2758550.0,1.11,Normal,Hold Zone,19.1,27.0,28.0,Real Assets,Agriculture,Review,True
2026-07-20,Ranking Attraktiv,1,WFC,Wells Fargo & Company,,0.57,,0.06,8,Sehr gut,7,Mittel,8.0,86.33000183105469,0.13,0.05,0.03,0.06,0.03,17531268.0,16688933.0,1.05,Normal,Watchlist Zone,20.195,25.0,32.0,Finance,Banks,Attraktiv,False
2026-07-20,Ranking Attraktiv,2,AIG,"American International Group, I",,0.6,,0.02,8,Sehr gut,5,Mittel,8.0,79.80000305175781,0.19,0.08,0.04,0.05,0.04,1575475.0,4401564.0,0.36,Normal,Watchlist Zone,19.285,21.0,19.0,Finance,Insurance,Attraktiv,False
2026-07-20,Ranking Attraktiv,3,JPM,JP Morgan Chase & Co.,,0.83,,0.07,7,Gut,10,Hoch,7.0,338.8699951171875,0.67,0.05,0.03,0.07,0.1,5452792.0,10437435.0,0.52,Normal,Hold Zone,18.505,29.0,32.0,Finance,Banks,Attraktiv,True
2026-07-20,Ranking Attraktiv,4,UBS,UBS Group AG Registered,,0.82,,0.21,7,Gut,6,Mittel,7.0,51.5,0.64,0.01,0.01,0.05,0.2,1799587.0,1743969.0,1.03,Normal,Hold Zone,16.46,19.0,19.0,Finance,Banks,Attraktiv,False
2026-07-20,Ranking Attraktiv,5,EOG,"EOG Resources, Inc.",,0.83,,0.1,7,Gut,9,Hoch,7.0,141.08999633789062,0.66,0.09,0.07,0.05,0.17,2294240.0,3524392.0,0.65,Normal,Hold Zone,19.49,25.0,30.0,Energy,Oil & Gas,Attraktiv,True
2026-07-20,Ranking Attraktiv,6,ED,"Consolidated Edison, Inc.",,0.81,,0.02,6,Gut,5,Mittel,6.0,111.0500030517578,0.62,0.04,0.04,0.03,0.06,1328065.0,2104868.0,0.63,Normal,Hold Zone,14.93,15.0,19.0,Energy,Grid Infrastructure,Attraktiv,False
2026-07-20,Ranking Attraktiv,7,AWK,"American Water Works Company, I",,0.56,,0.01,6,Gut,4,Niedrig,6.0,133.64999389648438,0.11,0.07,0.07,0.05,0.03,1155315.0,2108896.0,0.55,Normal,Watchlist Zone,16.165,14.0,22.0,Energy,Grid Infrastructure,Attraktiv,False
2026-07-20,Ranking Attraktiv,8,CINF,Cincinnati Financial Corporatio,,0.73,,0.09,6,Gut,5,Mittel,6.0,180.3600006103516,0.47,0.07,0.05,0.06,0.11,708583.0,957719.0,0.74,Normal,Hold Zone,16.705,21.0,22.0,Finance,Insurance,Attraktiv,False
2026-07-20,Ranking Attraktiv,9,XOM,ExxonMobil Holdings Corporation,,0.63,,0.01,6,Gut,2,Niedrig,6.0,148.36000061035156,0.26,0.08,0.07,0.02,0.09,9020678.0,15455994.0,0.58,Normal,Watchlist Zone,16.39,10.0,13.0,Energy,Oil & Gas,Attraktiv,False
2026-07-20,Ranking Attraktiv,10,CVX,Chevron Corporation,,0.67,,0.04,6,Gut,2,Niedrig,6.0,189.7100067138672,0.34,0.09,0.08,0.04,0.11,7753757.0,9039913.0,0.86,Normal,Watchlist Zone,16.509999999999998,10.0,17.0,Energy,Oil & Gas,Attraktiv,False
2026-07-20,Ranking Attraktiv,11,PCG,Pacific Gas & Electric Co.,,0.72,,0.01,6,Gut,6,Mittel,6.0,17.43000030517578,0.45,0.06,0.05,0.04,0.05,8382516.0,15967646.0,0.52,Normal,Hold Zone,14.675,19.0,21.0,Energy,Grid Infrastructure,Attraktiv,False
2026-07-20,Ranking Attraktiv,12,SO,Southern Company (The),,0.71,,0.02,5,Neutral,4,Niedrig,5.0,94.45999908447266,0.43,0.01,0.01,0.01,0.03,3744900.0,5282865.0,0.71,Normal,Hold Zone,11.145,11.0,11.0,Energy,Grid Infrastructure,Attraktiv,False
2026-07-20,Short Term Top 8,1,MA,Mastercard Incorporated,,0.62,,0.06,8,Sehr gut,8,Hoch,22.375,547.4400024414062,0.25,0.12,0.13,0.09,0.04,1932068.0,3696388.0,0.52,Normal,Watchlist Zone,22.375,28.0,28.0,Finance,Fintech,Hold,True
2026-07-20,Short Term Top 8,2,AFRM,"Affirm Holdings, Inc.",,0.57,,0.12,9,Sehr gut,6,Mittel,21.725,75.31999969482422,0.15,0.02,0.04,0.03,0.14,4330717.0,4107306.0,1.05,Normal,Watchlist Zone,21.725,23.0,27.0,Finance,Fintech,Hold,False
2026-07-20,Short Term Top 8,3,AXP,American Express Company,,0.67,,0.07,8,Sehr gut,5,Mittel,21.525,351.92999267578125,0.35,0.04,0.04,0.07,0.04,1726695.0,3093760.0,0.56,Normal,Watchlist Zone,21.525,21.0,22.0,Finance,Fintech,Hold,False
2026-07-20,Short Term Top 8,4,DXCM,"DexCom, Inc.",,0.6,,0.17,8,Sehr gut,5,Mittel,21.3,75.69000244140625,0.2,0.04,0.1,0.07,0.12,3060440.0,4656412.0,0.66,Normal,Watchlist Zone,21.3,22.0,22.0,Healthcare,Medtech,Review,False
2026-07-20,Short Term Top 8,5,NVO,Novo Nordisk A/S,,0.44,,0.23,8,Sehr gut,10,Hoch,21.0,49.61000061035156,-0.11,0.15,0.08,0.07,0.07,6714301.0,10979875.0,0.61,Normal,Transition Zone,21.0,30.0,35.0,Healthcare,Pharma,Review,True
2026-07-20,Short Term Top 8,6,HALO,"Halozyme Therapeutics, Inc.",,0.81,,0.11,8,Sehr gut,10,Hoch,20.915,77.08999633789062,0.61,0.12,0.12,0.07,0.11,1467480.0,1885009.0,0.78,Normal,Hold Zone,20.915,31.0,32.0,Healthcare,Biotech,Hold,True
2026-07-20,Short Term Top 8,7,ADDYY,adidas AG,,0.66,,0.23,8,Sehr gut,4,Niedrig,20.495,103.1999969482422,0.33,0.01,0.04,0.06,0.12,11217.0,86581.0,0.13,Normal,Watchlist Zone,20.495,22.5,17.0,Consumer & Retail,Luxury & Brands,Review,False
2026-07-20,Short Term Top 8,8,WFC,Wells Fargo & Company,,0.57,,0.06,8,Sehr gut,7,Mittel,20.195,86.33000183105469,0.13,0.05,0.03,0.06,0.03,17531268.0,16688933.0,1.05,Normal,Watchlist Zone,20.195,25.0,32.0,Finance,Banks,Attraktiv,False
2026-07-20,Long Term Entry Top 8,1,META,"Meta Platforms, Inc.",,0.46,,-0.04,5,Neutral,10,Hoch,32.5,645.8499755859375,-0.08,0.12,0.15,0.07,0.01,9924164.0,19962778.0,0.5,Normal,Transition Zone,12.5,32.5,30.0,AI / Tech,AI Software & Platforms,Review,False
2026-07-20,Long Term Entry Top 8,2,HALO,"Halozyme Therapeutics, Inc.",,0.81,,0.11,8,Sehr gut,10,Hoch,31.0,77.08999633789062,0.61,0.12,0.12,0.07,0.11,1467480.0,1885009.0,0.78,Normal,Hold Zone,20.915,31.0,32.0,Healthcare,Biotech,Hold,True
2026-07-20,Long Term Entry Top 8,3,NVO,Novo Nordisk A/S,,0.44,,0.23,8,Sehr gut,10,Hoch,30.0,49.61000061035156,-0.11,0.15,0.08,0.07,0.07,6714301.0,10979875.0,0.61,Normal,Transition Zone,21.0,30.0,35.0,Healthcare,Pharma,Review,True
2026-07-20,Long Term Entry Top 8,4,JPM,JP Morgan Chase & Co.,,0.83,,0.07,7,Gut,10,Hoch,29.0,338.8699951171875,0.67,0.05,0.03,0.07,0.1,5452792.0,10437435.0,0.52,Normal,Hold Zone,18.505,29.0,32.0,Finance,Banks,Attraktiv,True
2026-07-20,Long Term Entry Top 8,5,LLY,Eli Lilly and Company,,0.84,,0.25,7,Gut,9,Hoch,28.0,1146.9000244140625,0.67,0.04,0.04,0.03,0.14,1796278.0,2987419.0,0.6,Normal,Hold Zone,19.505,28.0,22.0,Healthcare,Pharma,Hold,True
2026-07-20,Long Term Entry Top 8,6,MA,Mastercard Incorporated,,0.62,,0.06,8,Sehr gut,8,Hoch,28.0,547.4400024414062,0.25,0.12,0.13,0.09,0.04,1932068.0,3696388.0,0.52,Normal,Watchlist Zone,22.375,28.0,28.0,Finance,Fintech,Hold,True
2026-07-20,Long Term Entry Top 8,7,AAPL,Apple Inc.,,0.94,,0.2,6,Gut,8,Hoch,26.5,326.5899963378906,0.87,0.1,0.1,0.08,0.19,51014085.0,65668429.0,0.78,Normal,Upper Range,14.305,26.5,28.0,Healthcare,AI in Healthcare,Hold,True
2026-07-20,Long Term Entry Top 8,8,INCY,Incyte Corporation,,0.92,,0.19,7,Gut,10,Hoch,26.0,115.6500015258789,0.85,0.18,0.12,0.1,0.16,1220995.0,1807890.0,0.68,Normal,Upper Range,15.775,26.0,32.0,Healthcare,Biotech,Hold,True
2026-07-20,Early Play,1,PATH,"UiPath, Inc.",,0.28,,0.15,3,Riskant,4,Niedrig,29.0,12.15999984741211,-0.44,0.18,0.2,0.1,-0.06,169684247.0,78967917.0,2.15,Normal,Weak Zone,6.5,17.5,29.0,AI / Tech,Robotics & Automation,Review,False
2026-07-20,Early Play,2,GPN,Global Payments Inc.,,0.75,,0.14,6,Gut,4,Niedrig,13.0,82.37000274658203,0.5,0.23,0.27,0.16,0.11,3842445.0,3478882.0,1.1,Normal,Hold Zone,15.75,17.0,13.0,Finance,Fintech,Hold,False
2026-07-21,Ranking Attraktiv,1,RHHBY,Roche Holding Ltd,,0.65,,0.02,8,Sehr gut,6,Mittel,8.0,51.13999938964844,0.31,0.04,0.02,-0.0,0.03,277745.0,1814257.0,0.15,Normal,Watchlist Zone,18.465,22.0,18.0,Healthcare,Pharma,Attraktiv,False
2026-07-21,Ranking Attraktiv,2,WFC,Wells Fargo & Company,,0.62,,0.08,8,Sehr gut,7,Mittel,8.0,87.73999786376953,0.25,0.05,0.04,0.08,0.05,12989493.0,16405800.0,0.79,Normal,Watchlist Zone,21.375,26.0,26.0,Finance,Banks,Attraktiv,False
2026-07-21,Ranking Attraktiv,3,AIG,"American International Group, I",,0.62,,0.04,8,Sehr gut,5,Mittel,8.0,80.23999786376953,0.25,0.05,0.05,0.05,0.04,3178150.0,4126918.0,0.77,Normal,Watchlist Zone,19.375,21.0,22.0,Finance,Insurance,Attraktiv,False
2026-07-21,Ranking Attraktiv,4,NTAP,"NetApp, Inc.",,0.73,,0.49,7,Gut,6,Mittel,7.0,165.75999450683594,0.47,0.05,0.05,0.09,0.4,1501057.0,2889298.0,0.52,Normal,Hold Zone,13.205,25.5,16.0,AI / Tech,AI Networking,Attraktiv,False
2026-07-21,Ranking Attraktiv,5,JNJ,Johnson & Johnson,,0.83,,0.11,7,Gut,5,Mittel,7.0,250.6100006103516,0.66,0.08,0.05,0.05,0.13,4975166.0,8627518.0,0.58,Normal,Hold Zone,18.49,19.0,22.0,Healthcare,Pharma,Attraktiv,False
2026-07-21,Ranking Attraktiv,6,ACGL,Arch Capital Group Ltd.,,0.8,,0.02,6,Gut,6,Mittel,6.0,100.5500030517578,0.6,0.09,0.07,0.06,0.07,1685854.0,1801253.0,0.94,Normal,Hold Zone,14.9,22.0,22.0,Finance,Insurance,Attraktiv,False
2026-07-21,Ranking Attraktiv,7,CVX,Chevron Corporation,,0.69,,0.04,6,Gut,2,Niedrig,6.0,191.07000732421875,0.38,0.09,0.09,0.05,0.11,6884094.0,8829560.0,0.78,Normal,Watchlist Zone,16.57,10.0,16.0,Energy,Oil & Gas,Attraktiv,False
2026-07-21,Ranking Attraktiv,8,XOM,ExxonMobil Holdings Corporation,,0.68,,0.03,6,Gut,2,Niedrig,6.0,151.7100067138672,0.36,0.1,0.09,0.04,0.11,13023976.0,15475224.0,0.84,Normal,Watchlist Zone,16.54,10.0,14.0,Energy,Oil & Gas,Attraktiv,False
2026-07-21,Ranking Attraktiv,9,CINF,Cincinnati Financial Corporatio,,0.74,,0.09,6,Gut,5,Mittel,6.0,180.509994506836,0.47,0.05,0.03,0.05,0.11,549885.0,950544.0,0.58,Normal,Hold Zone,15.705,21.0,22.0,Finance,Insurance,Attraktiv,False
2026-07-21,Ranking Attraktiv,10,S,"SentinelOne, Inc.",,0.79,,0.3,5,Neutral,2,Niedrig,5.0,18.809999465942383,0.57,0.28,0.24,0.11,0.22,6795274.0,7279289.0,0.93,Normal,Hold Zone,12.355,17.5,3.0,AI / Tech,Cybersecurity,Attraktiv,False
2026-07-21,Ranking Attraktiv,11,O,Realty Income Corporation,,0.85,,0.03,4,Neutral,3,Niedrig,4.0,64.98999786376953,0.69,0.08,0.06,0.05,0.08,2440963.0,5651013.0,0.43,Normal,Hold Zone,12.035,12.0,15.0,Real Assets,Real Estate (REITs),Attraktiv,False
2026-07-21,Ranking Attraktiv,12,CIBR,First Trust NASDAQ Cybersecurit,,0.85,,0.33,3,Riskant,0,Niedrig,3.0,90.58000183105467,0.7,0.08,0.08,0.05,0.22,2190973.0,1566104.0,1.4,Normal,Upper Range,3.55,10.5,7.0,AI / Tech,Cybersecurity,Attraktiv,False
2026-07-21,Short Term Top 8,1,AXP,American Express Company,,0.66,,0.07,8,Sehr gut,5,Mittel,21.48,350.7900085449219,0.32,0.04,0.04,0.07,0.04,1674421.0,3056396.0,0.55,Normal,Watchlist Zone,21.48,21.0,22.0,Finance,Fintech,Review,False
2026-07-21,Short Term Top 8,2,WFC,Wells Fargo & Company,,0.62,,0.08,8,Sehr gut,7,Mittel,21.375,87.73999786376953,0.25,0.05,0.04,0.08,0.05,12989493.0,16405800.0,0.79,Normal,Watchlist Zone,21.375,26.0,26.0,Finance,Banks,Attraktiv,False
2026-07-21,Short Term Top 8,3,DXCM,"DexCom, Inc.",,0.58,,0.19,8,Sehr gut,5,Mittel,21.225,74.75,0.15,0.08,0.08,0.05,0.11,3439171.0,4557039.0,0.75,Normal,Watchlist Zone,21.225,22.0,27.0,Healthcare,Medtech,Review,False
2026-07-21,Short Term Top 8,4,NVO,Novo Nordisk A/S,,0.44,,0.25,8,Sehr gut,10,Hoch,21.0,49.380001068115234,-0.13,0.08,0.04,0.07,0.07,5704266.0,10437418.0,0.55,Normal,Transition Zone,21.0,30.0,27.0,Healthcare,Pharma,Review,True
2026-07-21,Short Term Top 8,5,GPN,Global Payments Inc.,,0.67,,0.12,8,Sehr gut,4,Niedrig,20.51,80.06999969482422,0.34,0.23,0.25,0.13,0.08,1707052.0,3497893.0,0.49,Normal,Watchlist Zone,20.51,19.0,12.0,Finance,Fintech,Review,False
2026-07-21,Short Term Top 8,6,ADDYY,adidas AG,,0.65,,0.23,8,Sehr gut,4,Niedrig,20.435,102.36000061035156,0.29,0.03,0.05,0.05,0.11,15008.0,88195.0,0.17,Normal,Watchlist Zone,20.435,23.5,20.0,Consumer & Retail,Luxury & Brands,Review,False
2026-07-21,Short Term Top 8,7,AFRM,"Affirm Holdings, Inc.",,0.56,,0.16,8,Sehr gut,5,Mittel,20.195,74.72000122070312,0.13,0.03,0.04,0.02,0.13,4576700.0,4168405.0,1.1,Normal,Watchlist Zone,20.195,22.0,28.0,Finance,Fintech,Review,False
2026-07-21,Short Term Top 8,8,MA,Mastercard Incorporated,,0.56,,0.05,8,Sehr gut,8,Hoch,20.165,538.2999877929688,0.11,0.11,0.1,0.07,0.02,2437936.0,3652527.0,0.67,Normal,Watchlist Zone,20.165,28.0,33.0,Finance,Fintech,Review,True
2026-07-21,Long Term Entry Top 8,1,META,"Meta Platforms, Inc.",,0.45,,-0.04,5,Neutral,10,Hoch,32.5,643.8099975585938,-0.09,0.14,0.15,0.06,0.01,8401169.0,19630023.0,0.43,Normal,Transition Zone,12.5,32.5,30.0,AI / Tech,AI Software & Platforms,Review,False
2026-07-21,Long Term Entry Top 8,2,HALO,"Halozyme Therapeutics, Inc.",,0.86,,0.15,7,Gut,10,Hoch,30.0,78.5999984741211,0.72,0.14,0.13,0.09,0.14,1224509.0,1897775.0,0.65,Normal,Upper Range,15.579999999999998,30.0,32.0,Healthcare,Biotech,Hold,True
2026-07-21,Long Term Entry Top 8,3,NVO,Novo Nordisk A/S,,0.44,,0.25,8,Sehr gut,10,Hoch,30.0,49.380001068115234,-0.13,0.08,0.04,0.07,0.07,5704266.0,10437418.0,0.55,Normal,Transition Zone,21.0,30.0,27.0,Healthcare,Pharma,Review,True
2026-07-21,Long Term Entry Top 8,4,MA,Mastercard Incorporated,,0.56,,0.05,8,Sehr gut,8,Hoch,28.0,538.2999877929688,0.11,0.11,0.1,0.07,0.02,2437936.0,3652527.0,0.67,Normal,Watchlist Zone,20.165,28.0,33.0,Finance,Fintech,Review,True
2026-07-21,Long Term Entry Top 8,5,LLY,Eli Lilly and Company,,0.88,,0.3,6,Gut,9,Hoch,28.0,1175.4100341796875,0.76,0.07,0.06,0.05,0.17,1421431.0,2950192.0,0.48,Normal,Upper Range,12.14,28.0,22.0,Healthcare,Pharma,Hold,True
2026-07-21,Long Term Entry Top 8,6,AAPL,Apple Inc.,,0.95,,0.23,6,Gut,8,Hoch,26.5,327.739990234375,0.89,0.1,0.11,0.08,0.19,40800631.0,65589252.0,0.62,Normal,Upper Range,14.335,26.5,28.0,Healthcare,AI in Healthcare,Hold,True
2026-07-21,Long Term Entry Top 8,7,BAC,Bank of America Corporation,,0.95,,0.15,7,Gut,10,Hoch,26.0,61.220001220703125,0.9,0.07,0.06,0.11,0.16,31615786.0,34399924.0,0.92,Normal,Upper Range,14.85,26.0,33.0,Finance,Banks,Hold,True
2026-07-21,Long Term Entry Top 8,8,INCY,Incyte Corporation,,0.96,,0.22,7,Gut,10,Hoch,26.0,117.38999938964844,0.92,0.13,0.12,0.11,0.18,1734385.0,1786169.0,0.97,Normal,Upper Range,14.88,26.0,33.0,Healthcare,Biotech,Hold,True
2026-07-21,Early Play,1,OMCL,"Omnicell, Inc.",,0.52,,0.14,7,Gut,3,Niedrig,30.0,41.83000183105469,0.03,0.08,0.09,-0.02,0.05,1567626.0,736031.0,2.13,Normal,Transition Zone,17.545,19.5,30.0,Healthcare,AI in Healthcare,Review,False
2026-07-21,Early Play,2,PATH,"UiPath, Inc.",,0.27,,0.12,3,Riskant,4,Niedrig,29.0,12.039999961853027,-0.47,0.19,0.19,0.09,-0.07,175349853.0,85176898.0,2.06,Normal,Weak Zone,6.5,17.5,29.0,AI / Tech,Robotics & Automation,Review,False
2026-07-21,Early Play,3,AFRM,"Affirm Holdings, Inc.",,0.56,,0.16,8,Sehr gut,5,Mittel,28.0,74.72000122070312,0.13,0.03,0.04,0.02,0.13,4576700.0,4168405.0,1.1,Normal,Watchlist Zone,20.195,22.0,28.0,Finance,Fintech,Review,False
2026-07-21,Early Play,4,ZBRA,Zebra Technologies Corporation,,0.41,,0.11,6,Gut,3,Niedrig,24.0,262.3999938964844,-0.18,0.07,0.1,0.05,0.06,937378.0,719999.0,1.3,Normal,Transition Zone,17.0,17.5,24.0,AI / Tech,AI Networking,Review,False
2026-07-21,Early Play,5,U,Unity Software Inc.,,0.37,,0.18,4,Neutral,2,Niedrig,24.0,29.8700008392334,-0.26,0.1,0.08,0.05,-0.06,8292593.0,6820270.0,1.22,Normal,Transition Zone,12.0,14.5,24.0,Consumer & Retail,Gaming & Entertainment,Review,False
2026-07-22,Ranking Attraktiv,1,WFC,Wells Fargo & Company,,0.57,,0.08,8,Sehr gut,7,Mittel,8.0,86.41999816894531,0.14,0.03,0.03,0.06,0.03,15462973.0,16829124.0,0.92,Normal,Watchlist Zone,19.21,26.0,32.0,Finance,Banks,Attraktiv,False
2026-07-22,Ranking Attraktiv,2,NTAP,"NetApp, Inc.",,0.74,,0.5,7,Gut,6,Mittel,7.0,166.5399932861328,0.48,0.06,0.07,0.08,0.41,1692849.0,2813577.0,0.6,Normal,Hold Zone,13.22,25.5,16.0,AI / Tech,AI Networking,Attraktiv,False
2026-07-22,Ranking Attraktiv,3,DB,Deutsche Bank AG,,0.71,,0.14,7,Gut,5,Mittel,7.0,35.59000015258789,0.42,0.01,0.05,0.07,0.06,952524.0,2035156.0,0.47,Normal,Hold Zone,17.13,20.0,19.0,Finance,Banks,Attraktiv,False
2026-07-22,Ranking Attraktiv,4,DUK,Duke Energy Corporation (Holdin,,0.75,,0.03,6,Gut,5,Mittel,6.0,127.9499969482422,0.5,0.02,0.01,0.03,0.04,3348767.0,3785268.0,0.88,Normal,Hold Zone,12.75,15.0,14.0,Energy,Grid Infrastructure,Attraktiv,False
2026-07-22,Ranking Attraktiv,5,PCG,Pacific Gas & Electric Co.,,0.84,,0.08,6,Gut,6,Mittel,6.0,18.11000061035156,0.68,0.08,0.06,0.08,0.09,22967043.0,15654792.0,1.47,Normal,Hold Zone,17.02,18.0,27.0,Energy,Grid Infrastructure,Attraktiv,False
2026-07-22,Ranking Attraktiv,6,AWK,"American Water Works Company, I",,0.56,,0.03,6,Gut,4,Niedrig,6.0,133.8300018310547,0.12,0.06,0.03,0.05,0.03,1737656.0,2112993.0,0.82,Normal,Watchlist Zone,15.18,14.0,23.0,Energy,Grid Infrastructure,Attraktiv,False
2026-07-22,Ranking Attraktiv,7,ACGL,Arch Capital Group Ltd.,,0.71,,0.02,6,Gut,6,Mittel,6.0,98.62999725341795,0.43,0.05,0.04,0.03,0.04,1659790.0,1779560.0,0.93,Normal,Hold Zone,14.645,22.0,22.0,Finance,Insurance,Attraktiv,False
2026-07-22,Ranking Attraktiv,8,KNX,Knight-Swift Transportation Hol,,0.85,,0.19,5,Neutral,2,Niedrig,5.0,76.04000091552734,0.69,0.03,0.02,0.02,0.29,2136448.0,3479957.0,0.61,Normal,Hold Zone,13.535,10.0,13.0,Industrials,Logistics & Transport,Attraktiv,False
2026-07-22,Ranking Attraktiv,9,CB,Chubb Limited,,0.79,,0.06,5,Neutral,4,Niedrig,5.0,343.2300109863281,0.57,0.03,0.02,0.03,0.09,4618748.0,2020527.0,2.29,Normal,Hold Zone,13.355,15.0,24.0,Finance,Insurance,Attraktiv,False
2026-07-22,Ranking Attraktiv,10,S,"SentinelOne, Inc.",,0.72,,0.25,5,Neutral,2,Niedrig,5.0,18.21999931335449,0.44,0.2,0.21,0.07,0.18,4723516.0,7266666.0,0.65,Normal,Hold Zone,15.16,17.5,2.0,AI / Tech,Cybersecurity,Attraktiv,False
2026-07-22,Ranking Attraktiv,11,FFIV,"F5, Inc.",,0.84,,0.29,5,Neutral,4,Niedrig,5.0,400.6099853515625,0.67,0.03,0.04,0.01,0.3,531846.0,556772.0,0.96,Normal,Hold Zone,14.505,19.5,13.0,AI / Tech,AI Networking,Attraktiv,False
2026-07-22,Ranking Attraktiv,12,FE,FirstEnergy Corp.,,0.8,,0.03,5,Neutral,4,Niedrig,5.0,49.33000183105469,0.6,0.04,0.03,0.05,0.05,2426879.0,3875774.0,0.63,Normal,Hold Zone,12.4,13.0,17.0,Energy,Grid Infrastructure,Attraktiv,False
2026-07-22,Short Term Top 8,1,NVDA,NVIDIA Corporation,,0.67,,0.05,9,Sehr gut,10,Hoch,21.995,212.0599975585937,0.33,0.06,0.07,0.01,0.1,128176151.0,135432183.0,0.95,Normal,Watchlist Zone,21.995,36.5,33.0,AI / Tech,AI Compute,Hold,True
2026-07-22,Short Term Top 8,2,F,Ford Motor Company,,0.56,,0.16,9,Sehr gut,5,Mittel,21.68,14.420000076293944,0.12,0.03,0.04,0.01,0.11,61830715.0,49168491.0,1.26,Normal,Watchlist Zone,21.68,22.0,30.0,Mobility & Transport Tech,Electric Vehicles,Review,False
2026-07-22,Short Term Top 8,3,HALO,"Halozyme Therapeutics, Inc.",,0.82,,0.14,8,Sehr gut,10,Hoch,20.96,77.81999969482422,0.64,0.12,0.09,0.08,0.12,1399853.0,1834388.0,0.76,Normal,Hold Zone,20.96,31.0,32.0,Healthcare,Biotech,Hold,True
2026-07-22,Short Term Top 8,4,ADDYY,adidas AG,,0.66,,0.25,8,Sehr gut,4,Niedrig,20.465,102.1500015258789,0.31,0.05,0.02,0.05,0.11,2131.0,81232.0,0.03,Normal,Watchlist Zone,20.465,22.5,9.0,Consumer & Retail,Luxury & Brands,Review,False
2026-07-22,Short Term Top 8,5,GPN,Global Payments Inc.,,0.63,,0.11,8,Sehr gut,4,Niedrig,20.39,78.97000122070312,0.26,0.23,0.18,0.11,0.07,1269555.0,3451358.0,0.37,Normal,Watchlist Zone,20.39,19.0,14.0,Finance,Fintech,Review,False
2026-07-22,Short Term Top 8,6,ACAD,ACADIA Pharmaceuticals Inc.,,0.61,,0.12,7,Gut,4,Niedrig,19.83,24.959999084472656,0.22,0.1,0.07,0.08,0.06,1136136.0,1810822.0,0.63,Normal,Watchlist Zone,19.83,18.0,20.0,Healthcare,Biotech,Hold,False
2026-07-22,Short Term Top 8,7,V,Visa Inc.,,0.84,,0.14,7,Gut,8,Hoch,19.505,353.4200134277344,0.67,0.08,0.06,0.05,0.07,4617326.0,8756846.0,0.53,Normal,Hold Zone,19.505,26.0,28.0,Finance,Fintech,Review,True
2026-07-22,Short Term Top 8,8,WFC,Wells Fargo & Company,,0.57,,0.08,8,Sehr gut,7,Mittel,19.21,86.41999816894531,0.14,0.03,0.03,0.06,0.03,15462973.0,16829124.0,0.92,Normal,Watchlist Zone,19.21,26.0,32.0,Finance,Banks,Attraktiv,False
2026-07-22,Long Term Entry Top 8,1,NVDA,NVIDIA Corporation,,0.67,,0.05,9,Sehr gut,10,Hoch,36.5,212.0599975585937,0.33,0.06,0.07,0.01,0.1,128176151.0,135432183.0,0.95,Normal,Watchlist Zone,21.995,36.5,33.0,AI / Tech,AI Compute,Hold,True
2026-07-22,Long Term Entry Top 8,2,HALO,"Halozyme Therapeutics, Inc.",,0.82,,0.14,8,Sehr gut,10,Hoch,31.0,77.81999969482422,0.64,0.12,0.09,0.08,0.12,1399853.0,1834388.0,0.76,Normal,Hold Zone,20.96,31.0,32.0,Healthcare,Biotech,Hold,True
2026-07-22,Long Term Entry Top 8,3,AVGO,Broadcom Inc.,,0.56,,-0.06,6,Gut,9,Hoch,30.5,396.80999755859375,0.13,0.04,0.04,-0.01,0.09,15131620.0,23280551.0,0.65,Normal,Watchlist Zone,14.195,30.5,30.0,AI / Tech,AI Compute,Review,False
2026-07-22,Long Term Entry Top 8,4,ASML,ASML Holding N.V. - New York Re,,0.85,,0.25,7,Gut,9,Hoch,30.5,1801.8599853515625,0.7,0.01,0.02,0.04,0.32,978870.0,2102464.0,0.47,Normal,Hold Zone,17.55,30.5,16.0,AI / Tech,Semiconductor Equipment,Hold,True
2026-07-22,Long Term Entry Top 8,5,META,"Meta Platforms, Inc.",,0.39,,-0.07,4,Neutral,10,Hoch,29.5,627.1699829101562,-0.22,0.12,0.12,0.04,-0.02,10616447.0,19542647.0,0.54,Normal,Transition Zone,9.0,29.5,32.0,AI / Tech,AI Software & Platforms,Review,False
2026-07-22,Long Term Entry Top 8,6,LLY,Eli Lilly and Company,,0.86,,0.26,6,Gut,9,Hoch,28.0,1163.010009765625,0.73,0.05,0.04,0.04,0.15,1551867.0,2895498.0,0.54,Normal,Upper Range,14.095,28.0,22.0,Healthcare,Pharma,Hold,True
2026-07-22,Long Term Entry Top 8,7,NVO,Novo Nordisk A/S,,0.4,,0.23,8,Sehr gut,10,Hoch,28.0,48.18999862670898,-0.2,0.02,0.02,0.04,0.04,8259550.0,9970758.0,0.83,Normal,Transition Zone,19.0,28.0,30.0,Healthcare,Pharma,Review,True
2026-07-22,Long Term Entry Top 8,8,BLK,"BlackRock, Inc.",,0.5,,0.0,6,Gut,9,Hoch,28.0,1056.6300048828125,0.0,0.04,0.08,0.02,0.01,580968.0,915053.0,0.63,Normal,Transition Zone,15.0,28.0,28.0,Finance,Asset Management,Review,False
2026-07-22,Early Play,1,F,Ford Motor Company,,0.56,,0.16,9,Sehr gut,5,Mittel,30.0,14.420000076293944,0.12,0.03,0.04,0.01,0.11,61830715.0,49168491.0,1.26,Normal,Watchlist Zone,21.68,22.0,30.0,Mobility & Transport Tech,Electric Vehicles,Review,False
2026-07-22,Early Play,2,CALM,"Cal-Maine Foods, Inc.",,0.34,,0.15,1,Riskant,2,Niedrig,28.0,87.86000061035156,-0.31,0.1,0.11,0.1,0.07,2516719.0,1018191.0,2.47,Normal,Weak Zone,3.5,6.0,28.0,Real Assets,Agriculture,Review,False
2026-07-22,Early Play,3,REXR,"Rexford Industrial Realty, Inc.",,0.47,,0.03,4,Neutral,4,Niedrig,23.0,36.77000045776367,-0.06,0.11,0.11,0.06,-0.0,3275603.0,2690895.0,1.22,Normal,Transition Zone,12.0,16.0,23.0,Real Assets,Real Estate (REITs),Review,False
2026-07-22,Early Play,4,AIG,"American International Group, I",,0.5,,0.04,6,Gut,5,Mittel,23.0,78.25,-0.0,0.02,0.03,0.02,0.02,4555730.0,4219982.0,1.08,Normal,Transition Zone,13.0,19.0,23.0,Finance,Insurance,Hold,False
2026-07-22,Early Play,5,RTX,RTX Corporation,,0.72,,0.08,4,Neutral,4,Niedrig,23.0,194.8800048828125,0.44,0.05,0.05,0.05,0.05,5142623.0,4360296.0,1.18,Normal,Hold Zone,13.66,17.0,23.0,Industrials,Defense,Review,False
2026-07-22,Early Play,6,DT,"Dynatrace, Inc.",,0.41,,0.14,6,Gut,3,Niedrig,16.0,41.36000061035156,-0.18,0.02,0.02,-0.02,-0.0,5349279.0,5036654.0,1.06,Normal,Transition Zone,14.0,14.5,16.0,AI / Tech,Cloud Infrastructure,Review,False
2026-07-22,Early Play,7,VCNX,"Vaccinex, Inc.",,0.73,,0.12,4,Neutral,0,Niedrig,14.0,1.1799999475479126,0.46,0.07,0.42,0.13,0.26,2600.0,680.0,3.82,Normal,Hold Zone,12.69,9.0,14.0,Finance,Asset Management,Review,False
2026-07-22,Early Play,8,EXC,Exelon Corporation,,0.6,,0.03,7,Gut,4,Niedrig,14.0,46.70000076293945,0.2,0.0,-0.0,0.02,0.02,11361558.0,9524233.0,1.19,Normal,Watchlist Zone,15.8,12.0,14.0,Energy,Grid Infrastructure,Attraktiv,False
2026-07-23,Ranking Attraktiv,1,WFC,Wells Fargo & Company,,0.56,,0.08,8,Sehr gut,7,Mittel,8.0,86.19000244140625,0.12,0.02,0.02,0.05,0.03,11177248.0,16817527.0,0.66,Normal,Watchlist Zone,19.18,24.0,25.0,Finance,Banks,Attraktiv,False
2026-07-23,Ranking Attraktiv,2,EXC,Exelon Corporation,,0.67,,0.02,7,Gut,4,Niedrig,7.0,47.27999877929688,0.33,0.01,0.01,0.03,0.04,7914679.0,9464309.0,0.84,Normal,Watchlist Zone,15.995,12.0,12.0,Energy,Grid Infrastructure,Attraktiv,False
2026-07-23,Ranking Attraktiv,3,S,"SentinelOne, Inc.",,0.63,,0.25,7,Gut,2,Niedrig,7.0,17.3799991607666,0.25,0.15,0.16,0.02,0.12,7391052.0,7471548.0,0.99,Normal,Watchlist Zone,19.875,18.5,9.0,AI / Tech,Cybersecurity,Attraktiv,False
2026-07-23,Ranking Attraktiv,4,UBS,UBS Group AG Registered,,0.82,,0.26,7,Gut,6,Mittel,7.0,51.54999923706055,0.64,0.04,0.03,0.04,0.2,2839512.0,1744471.0,1.63,Normal,Hold Zone,17.46,21.0,21.0,Finance,Banks,Attraktiv,False
2026-07-23,Ranking Attraktiv,5,ANET,"Arista Networks, Inc.",,0.83,,0.02,6,Gut,8,Hoch,6.0,176.61000061035156,0.66,0.09,0.07,0.08,0.22,4322492.0,8176295.0,0.53,Normal,Hold Zone,15.99,29.5,25.0,AI / Tech,AI Networking,Attraktiv,True
2026-07-23,Ranking Attraktiv,6,PCG,Pacific Gas & Electric Co.,,0.74,,0.05,6,Gut,6,Mittel,6.0,17.540000915527344,0.49,0.03,0.03,0.04,0.06,38974904.0,16468235.0,2.37,Normal,Hold Zone,12.735,19.0,31.0,Energy,Grid Infrastructure,Attraktiv,False
2026-07-23,Ranking Attraktiv,7,RHHBY,Roche Holding Ltd,,0.78,,0.04,6,Gut,6,Mittel,6.0,54.0099983215332,0.56,0.05,0.04,0.05,0.08,674379.0,1799209.0,0.37,Normal,Hold Zone,14.84,22.0,24.0,Healthcare,Pharma,Attraktiv,False
2026-07-23,Ranking Attraktiv,8,DUK,Duke Energy Corporation (Holdin,,0.81,,0.02,6,Gut,5,Mittel,6.0,129.25999450683594,0.62,0.02,0.02,0.03,0.05,3443514.0,3739506.0,0.92,Normal,Hold Zone,12.93,13.0,14.0,Energy,Grid Infrastructure,Attraktiv,False
2026-07-23,Ranking Attraktiv,9,ACGL,Arch Capital Group Ltd.,,0.78,,0.02,6,Gut,6,Mittel,6.0,100.0999984741211,0.56,0.05,0.06,0.05,0.06,2064533.0,1779442.0,1.16,Normal,Hold Zone,14.84,22.0,24.0,Finance,Insurance,Attraktiv,False
2026-07-23,Ranking Attraktiv,10,CINF,Cincinnati Financial Corporatio,,0.71,,0.07,6,Gut,5,Mittel,6.0,179.3800048828125,0.43,0.01,0.01,0.04,0.1,548659.0,922583.0,0.59,Normal,Hold Zone,14.645,18.0,16.0,Finance,Insurance,Attraktiv,False
2026-07-23,Ranking Attraktiv,11,PLD,"Prologis, Inc.",,0.85,,0.03,5,Neutral,5,Mittel,5.0,145.1199951171875,0.69,0.03,0.03,0.02,0.09,7423534.0,4231017.0,1.75,Normal,Hold Zone,11.535,17.0,24.0,Real Assets,Real Estate (REITs),Attraktiv,False
2026-07-23,Ranking Attraktiv,12,TAK,Takeda Pharmaceutical Company L,,0.65,,0.01,5,Neutral,1,Niedrig,5.0,16.81999969482422,0.3,0.07,0.07,0.04,0.04,3511434.0,3521872.0,1.0,Normal,Watchlist Zone,14.95,10.0,12.0,Healthcare,Pharma,Attraktiv,False
2026-07-23,Short Term Top 8,1,NVDA,NVIDIA Corporation,,0.62,,0.05,9,Sehr gut,10,Hoch,21.86,208.759994506836,0.24,0.05,0.07,-0.0,0.08,110032215.0,133816731.0,0.82,Normal,Watchlist Zone,21.86,36.5,33.0,AI / Tech,AI Compute,Hold,True
2026-07-23,Short Term Top 8,2,GPN,Global Payments Inc.,,0.59,,0.15,8,Sehr gut,4,Niedrig,21.285,77.86000061035156,0.19,0.16,0.14,0.09,0.05,2629245.0,3341007.0,0.79,Normal,Watchlist Zone,21.285,19.0,25.0,Finance,Fintech,Review,False
2026-07-23,Short Term Top 8,3,S,"SentinelOne, Inc.",,0.63,,0.25,7,Gut,2,Niedrig,19.875,17.3799991607666,0.25,0.15,0.16,0.02,0.12,7391052.0,7471548.0,0.99,Normal,Watchlist Zone,19.875,18.5,9.0,AI / Tech,Cybersecurity,Attraktiv,False
2026-07-23,Short Term Top 8,4,ACAD,ACADIA Pharmaceuticals Inc.,,0.59,,0.12,7,Gut,4,Niedrig,19.785,24.82999992370605,0.19,0.06,0.05,0.07,0.06,1272012.0,1800991.0,0.71,Normal,Watchlist Zone,19.785,18.0,25.0,Healthcare,Biotech,Hold,False
2026-07-23,Short Term Top 8,5,HEINY,Heineken N.V.,,0.64,,0.11,8,Sehr gut,3,Niedrig,19.435,43.06999969482422,0.29,0.01,0.03,0.05,0.07,1767.0,155453.0,0.01,Normal,Watchlist Zone,19.435,20.5,15.0,Consumer & Retail,Food & Beverages,Review,False
2026-07-23,Short Term Top 8,6,V,Visa Inc.,,0.81,,0.14,7,Gut,8,Hoch,19.43,351.6000061035156,0.62,0.06,0.06,0.05,0.07,4181265.0,8556293.0,0.49,Normal,Hold Zone,19.43,26.0,28.0,Finance,Fintech,Review,True
2026-07-23,Short Term Top 8,7,WFC,Wells Fargo & Company,,0.56,,0.08,8,Sehr gut,7,Mittel,19.18,86.19000244140625,0.12,0.02,0.02,0.05,0.03,11177248.0,16817527.0,0.66,Normal,Watchlist Zone,19.18,24.0,25.0,Finance,Banks,Attraktiv,False
2026-07-23,Short Term Top 8,8,NVO,Novo Nordisk A/S,,0.4,,0.25,8,Sehr gut,10,Hoch,19.0,48.18000030517578,-0.2,0.02,0.01,0.04,0.04,8120373.0,9624359.0,0.84,Normal,Transition Zone,19.0,28.0,22.0,Healthcare,Pharma,Review,True
2026-07-23,Long Term Entry Top 8,1,NVDA,NVIDIA Corporation,,0.62,,0.05,9,Sehr gut,10,Hoch,36.5,208.759994506836,0.24,0.05,0.07,-0.0,0.08,110032215.0,133816731.0,0.82,Normal,Watchlist Zone,21.86,36.5,33.0,AI / Tech,AI Compute,Hold,True
2026-07-23,Long Term Entry Top 8,2,AAPL,Apple Inc.,,0.9,,0.18,6,Gut,8,Hoch,30.5,321.6600036621094,0.8,0.1,0.17,0.05,0.17,40795222.0,64339081.0,0.63,Normal,Upper Range,14.2,30.5,28.0,Healthcare,AI in Healthcare,Hold,True
2026-07-23,Long Term Entry Top 8,3,AVGO,Broadcom Inc.,,0.53,,-0.06,5,Neutral,9,Hoch,29.5,392.4700012207031,0.05,0.03,0.04,-0.02,0.08,16307026.0,22690696.0,0.72,Normal,Transition Zone,10.575,29.5,30.0,AI / Tech,AI Compute,Review,False
2026-07-23,Long Term Entry Top 8,4,ANET,"Arista Networks, Inc.",,0.83,,0.02,6,Gut,8,Hoch,29.5,176.61000061035156,0.66,0.09,0.07,0.08,0.22,4322492.0,8176295.0,0.53,Normal,Hold Zone,15.99,29.5,25.0,AI / Tech,AI Networking,Attraktiv,True
2026-07-23,Long Term Entry Top 8,5,META,"Meta Platforms, Inc.",,0.32,,-0.08,2,Riskant,10,Hoch,28.5,606.0999755859375,-0.37,0.09,0.12,0.0,-0.05,15463959.0,19637823.0,0.79,Normal,Weak Zone,2.0,28.5,32.0,AI / Tech,AI Software & Platforms,Avoid,False
2026-07-23,Long Term Entry Top 8,6,LLY,Eli Lilly and Company,,0.9,,0.29,6,Gut,9,Hoch,28.0,1185.8699951171875,0.8,0.06,0.05,0.05,0.17,1905052.0,2845538.0,0.67,Normal,Upper Range,14.2,28.0,22.0,Healthcare,Pharma,Hold,True
2026-07-23,Long Term Entry Top 8,7,NVO,Novo Nordisk A/S,,0.4,,0.25,8,Sehr gut,10,Hoch,28.0,48.18000030517578,-0.2,0.02,0.01,0.04,0.04,8120373.0,9624359.0,0.84,Normal,Transition Zone,19.0,28.0,22.0,Healthcare,Pharma,Review,True
2026-07-23,Long Term Entry Top 8,8,MA,Mastercard Incorporated,,0.5,,0.06,6,Gut,8,Hoch,27.0,530.2899780273438,-0.01,0.07,0.09,0.05,0.01,2071537.0,3519347.0,0.59,Normal,Transition Zone,18.0,27.0,31.0,Finance,Fintech,Review,True
2026-07-23,Early Play,1,PCG,Pacific Gas & Electric Co.,,0.74,,0.05,6,Gut,6,Mittel,31.0,17.540000915527344,0.49,0.03,0.03,0.04,0.06,38974904.0,16468235.0,2.37,Normal,Hold Zone,12.735,19.0,31.0,Energy,Grid Infrastructure,Attraktiv,False
2026-07-23,Early Play,2,BX,Blackstone Inc.,,0.28,,0.03,3,Riskant,5,Mittel,29.0,124.5,-0.43,0.1,0.09,0.04,-0.05,7550887.0,4687579.0,1.61,Normal,Weak Zone,4.5,15.0,29.0,Finance,Asset Management,Review,False
2026-07-23,Early Play,3,LMT,Lockheed Martin Corporation,,0.58,,0.08,6,Gut,2,Niedrig,28.0,568.5900268554688,0.17,0.16,0.13,0.09,0.06,3268372.0,1261634.0,2.59,Normal,Watchlist Zone,18.255000000000003,14.0,28.0,Industrials,Defense,Review,False
2026-07-23,Early Play,4,BHP,BHP Group Limited,,0.77,,0.05,6,Gut,6,Mittel,27.0,83.6500015258789,0.55,0.04,0.03,-0.02,0.19,3031602.0,2390510.0,1.27,Normal,Hold Zone,12.825,18.0,27.0,Real Assets,Commodities & Mining,Review,False
2026-07-23,Early Play,5,CLF,Cleveland-Cliffs Inc.,,0.36,,0.21,4,Neutral,2,Niedrig,25.0,10.960000038146973,-0.28,0.04,0.02,-0.03,-0.05,67267900.0,22164990.0,3.03,Normal,Transition Zone,10.0,8.0,25.0,Industrials,Infrastructure & Construction,Review,False
2026-07-23,Early Play,6,FCX,"Freeport-McMoRan, Inc.",,0.77,,0.04,6,Gut,6,Mittel,24.0,63.5,0.54,0.03,0.01,-0.0,0.13,18911395.0,15772000.0,1.2,Normal,Hold Zone,12.81,18.0,24.0,Real Assets,Commodities & Mining,Review,False
2026-07-23,Early Play,7,AXP,American Express Company,,0.56,,0.07,8,Sehr gut,5,Mittel,24.0,340.8399963378906,0.12,-0.0,-0.0,0.03,0.01,4289314.0,3123811.0,1.37,Normal,Watchlist Zone,19.18,19.0,24.0,Finance,Fintech,Review,False
2026-07-23,Early Play,8,BMRN,BioMarin Pharmaceutical Inc.,,0.56,,0.09,6,Gut,2,Niedrig,24.0,58.869998931884766,0.13,0.03,0.03,0.05,0.05,2498063.0,1690403.0,1.48,Normal,Watchlist Zone,16.195,14.0,24.0,Healthcare,Biotech,Hold,False
2026-07-24,Ranking Attraktiv,1,DB,Deutsche Bank AG,,0.63,,0.13,9,Sehr gut,5,Mittel,9.0,34.65999984741211,0.27,0.01,0.03,0.03,0.03,1560762.0,1993253.0,0.78,Normal,Watchlist Zone,20.905,21.0,19.0,Finance,Banks,Attraktiv,False
2026-07-24,Ranking Attraktiv,2,WFC,Wells Fargo & Company,,0.56,,0.09,8,Sehr gut,7,Mittel,8.0,86.30999755859375,0.13,0.02,0.03,0.05,0.03,8124582.0,16655739.0,0.49,Normal,Watchlist Zone,19.195,25.0,28.0,Finance,Banks,Attraktiv,False
2026-07-24,Ranking Attraktiv,3,AIG,"American International Group, I",,0.55,,0.06,7,Gut,5,Mittel,7.0,79.05999755859375,0.1,0.06,0.05,0.03,0.03,1716201.0,4181340.0,0.41,Normal,Transition Zone,18.65,20.0,27.0,Finance,Insurance,Attraktiv,False
2026-07-24,Ranking Attraktiv,4,UBS,UBS Group AG Registered,,0.83,,0.25,7,Gut,6,Mittel,7.0,51.7400016784668,0.66,0.04,0.05,0.05,0.2,1697962.0,1745683.0,0.97,Normal,Hold Zone,18.49,21.0,17.0,Finance,Banks,Attraktiv,False
2026-07-24,Ranking Attraktiv,5,PCG,Pacific Gas & Electric Co.,,0.8,,0.08,6,Gut,6,Mittel,6.0,17.850000381469727,0.59,0.05,0.03,0.06,0.08,28974060.0,16896193.0,1.71,Normal,Hold Zone,15.885,20.0,29.0,Energy,Grid Infrastructure,Attraktiv,False
2026-07-24,Ranking Attraktiv,6,REXR,"Rexford Industrial Realty, Inc.",,0.67,,0.11,6,Gut,0,Niedrig,6.0,39.0,0.33,0.18,0.15,0.12,0.06,6672050.0,2963488.0,2.25,Normal,Watchlist Zone,17.494999999999997,10.0,19.0,Real Assets,Real Estate (REITs),Attraktiv,False
2026-07-24,Ranking Attraktiv,7,AWK,"American Water Works Company, I",,0.6,,0.02,6,Gut,4,Niedrig,6.0,134.66000366210938,0.19,0.04,0.01,0.05,0.03,1467921.0,2082161.0,0.7,Normal,Watchlist Zone,15.285,13.0,14.0,Energy,Grid Infrastructure,Attraktiv,False
2026-07-24,Ranking Attraktiv,8,S,"SentinelOne, Inc.",,0.71,,0.27,5,Neutral,2,Niedrig,5.0,18.13999938964844,0.42,0.21,0.14,0.06,0.17,8789789.0,7712524.0,1.14,Normal,Hold Zone,15.13,17.5,6.0,AI / Tech,Cybersecurity,Attraktiv,False
2026-07-24,Ranking Attraktiv,9,FE,FirstEnergy Corp.,,0.84,,0.02,5,Neutral,4,Niedrig,5.0,49.91999816894531,0.69,0.04,0.03,0.06,0.07,1923405.0,3853550.0,0.5,Normal,Hold Zone,12.535,11.0,17.0,Energy,Grid Infrastructure,Attraktiv,False
2026-07-24,Ranking Attraktiv,10,NET,"Cloudflare, Inc.",,0.78,,0.27,4,Neutral,2,Niedrig,4.0,262.1499938964844,0.56,0.16,0.1,0.08,0.24,1820728.0,3164016.0,0.58,Normal,Hold Zone,13.84,17.5,8.0,AI / Tech,Cybersecurity,Attraktiv,False
2026-07-24,Ranking Attraktiv,11,CIBR,First Trust NASDAQ Cybersecurit,,0.79,,0.32,4,Neutral,0,Niedrig,4.0,88.4000015258789,0.58,0.06,0.04,0.01,0.19,872730.0,1635356.0,0.53,Normal,Hold Zone,8.870000000000001,13.5,4.0,AI / Tech,Cybersecurity,Attraktiv,False
2026-07-24,Ranking Attraktiv,12,RHHBY,Roche Holding Ltd,,0.81,,0.06,4,Neutral,2,Niedrig,4.0,54.70000076293945,0.62,0.05,0.06,0.06,0.09,446670.0,1889134.0,0.24,Normal,Hold Zone,13.93,10.0,16.0,Healthcare,Pharma,Attraktiv,False
2026-07-24,Short Term Top 8,1,MA,Mastercard Incorporated,,0.57,,0.07,8,Sehr gut,8,Hoch,22.195,539.6599731445312,0.13,0.11,0.08,0.07,0.03,1765075.0,3421509.0,0.52,Normal,Watchlist Zone,22.195,28.0,33.0,Finance,Fintech,Review,True
2026-07-24,Short Term Top 8,2,DB,Deutsche Bank AG,,0.63,,0.13,9,Sehr gut,5,Mittel,20.905,34.65999984741211,0.27,0.01,0.03,0.03,0.03,1560762.0,1993253.0,0.78,Normal,Watchlist Zone,20.905,21.0,19.0,Finance,Banks,Attraktiv,False
2026-07-24,Short Term Top 8,3,F,Ford Motor Company,,0.55,,0.18,9,Sehr gut,5,Mittel,20.65,14.369999885559082,0.1,0.02,0.02,-0.0,0.1,73012077.0,50427024.0,1.45,Normal,Watchlist Zone,20.65,20.0,24.0,Mobility & Transport Tech,Electric Vehicles,Review,False
2026-07-24,Short Term Top 8,4,HEINY,Heineken N.V.,,0.68,,0.13,8,Sehr gut,3,Niedrig,20.555,43.5,0.37,0.04,0.03,0.06,0.08,4600.0,153635.0,0.03,Normal,Watchlist Zone,20.555,21.5,18.0,Consumer & Retail,Food & Beverages,Review,False
2026-07-24,Short Term Top 8,5,WFC,Wells Fargo & Company,,0.56,,0.09,8,Sehr gut,7,Mittel,19.195,86.30999755859375,0.13,0.02,0.03,0.05,0.03,8124582.0,16655739.0,0.49,Normal,Watchlist Zone,19.195,25.0,28.0,Finance,Banks,Attraktiv,False
2026-07-24,Short Term Top 8,6,NVO,Novo Nordisk A/S,,0.42,,0.18,8,Sehr gut,10,Hoch,19.0,48.77000045776367,-0.16,0.02,0.01,0.05,0.06,10176906.0,9512535.0,1.07,Normal,Transition Zone,19.0,28.0,30.0,Healthcare,Pharma,Review,True
2026-07-24,Short Term Top 8,7,LMT,Lockheed Martin Corporation,,0.63,,0.14,7,Gut,2,Niedrig,18.905,582.5999755859375,0.27,0.15,0.15,0.12,0.08,1545880.0,1270369.0,1.22,Normal,Watchlist Zone,18.905,14.0,19.0,Mobility & Transport Tech,Space,Review,False
2026-07-24,Short Term Top 8,8,AIG,"American International Group, I",,0.55,,0.06,7,Gut,5,Mittel,18.65,79.05999755859375,0.1,0.06,0.05,0.03,0.03,1716201.0,4181340.0,0.41,Normal,Transition Zone,18.65,20.0,27.0,Finance,Insurance,Attraktiv,False
2026-07-24,Long Term Entry Top 8,1,NVDA,NVIDIA Corporation,,0.59,,-0.01,7,Gut,10,Hoch,32.5,206.83999633789065,0.19,0.06,0.07,-0.01,0.07,110844026.0,131905086.0,0.84,Normal,Watchlist Zone,15.785,32.5,33.0,AI / Tech,AI Compute,Review,False
2026-07-24,Long Term Entry Top 8,2,BLK,"BlackRock, Inc.",,0.5,,0.02,7,Gut,9,Hoch,29.0,1055.6700439453125,-0.01,0.09,0.09,0.02,0.01,431832.0,840662.0,0.51,Normal,Transition Zone,17.5,29.0,30.0,Finance,Asset Management,Review,True
2026-07-24,Long Term Entry Top 8,3,ANET,"Arista Networks, Inc.",,0.79,,-0.02,4,Neutral,8,Hoch,28.5,173.99000549316406,0.58,0.05,0.1,0.06,0.2,3645027.0,7947801.0,0.46,Normal,Hold Zone,10.87,28.5,23.0,AI / Tech,AI Networking,Review,False
2026-07-24,Long Term Entry Top 8,4,MA,Mastercard Incorporated,,0.57,,0.07,8,Sehr gut,8,Hoch,28.0,539.6599731445312,0.13,0.11,0.08,0.07,0.03,1765075.0,3421509.0,0.52,Normal,Watchlist Zone,22.195,28.0,33.0,Finance,Fintech,Review,True
2026-07-24,Long Term Entry Top 8,5,NVO,Novo Nordisk A/S,,0.42,,0.18,8,Sehr gut,10,Hoch,28.0,48.77000045776367,-0.16,0.02,0.01,0.05,0.06,10176906.0,9512535.0,1.07,Normal,Transition Zone,19.0,28.0,30.0,Healthcare,Pharma,Review,True
2026-07-24,Long Term Entry Top 8,6,AAPL,Apple Inc.,,0.99,,0.23,6,Gut,8,Hoch,26.5,333.0199890136719,0.97,0.21,0.17,0.09,0.21,47402209.0,61360785.0,0.77,Normal,Upper Range,14.454999999999998,26.5,25.0,Healthcare,AI in Healthcare,Hold,True
2026-07-24,Long Term Entry Top 8,7,AFL,AFLAC Incorporated,,0.99,,0.1,6,Gut,10,Hoch,26.0,125.5999984741211,0.98,0.06,0.05,0.06,0.12,1053249.0,1948712.0,0.54,Normal,Upper Range,14.47,26.0,32.0,Finance,Insurance,Hold,True
2026-07-24,Long Term Entry Top 8,8,V,Visa Inc.,,0.87,,0.15,6,Gut,8,Hoch,26.0,355.739990234375,0.74,0.08,0.06,0.06,0.08,4481339.0,8427952.0,0.53,Normal,Upper Range,14.11,26.0,28.0,Finance,Fintech,Hold,True
2026-07-24,Early Play,1,NVO,Novo Nordisk A/S,,0.42,,0.18,8,Sehr gut,10,Hoch,30.0,48.77000045776367,-0.16,0.02,0.01,0.05,0.06,10176906.0,9512535.0,1.07,Normal,Transition Zone,19.0,28.0,30.0,Healthcare,Pharma,Review,True
2026-07-24,Early Play,2,F,Ford Motor Company,,0.55,,0.18,9,Sehr gut,5,Mittel,24.0,14.369999885559082,0.1,0.02,0.02,-0.0,0.1,73012077.0,50427024.0,1.45,Normal,Watchlist Zone,20.65,20.0,24.0,Mobility & Transport Tech,Electric Vehicles,Review,False
2026-07-24,Early Play,3,CLF,Cleveland-Cliffs Inc.,,0.47,,0.22,4,Neutral,1,Niedrig,21.0,11.93000030517578,-0.06,0.11,0.2,0.06,0.04,69852797.0,24890350.0,2.81,Normal,Transition Zone,14.0,11.0,21.0,Industrials,Infrastructure & Construction,Review,False
2026-07-24,Early Play,4,EMR,Emerson Electric Company,,0.62,,0.05,6,Gut,4,Niedrig,20.0,147.94000244140625,0.24,0.02,0.03,0.05,0.07,3661803.0,2582635.0,1.42,Normal,Watchlist Zone,14.36,13.0,20.0,Energy,Power Equipment,Hold,False
2026-07-24,Early Play,5,CNH,CNH Industrial N.V.,,0.52,,0.1,5,Neutral,2,Niedrig,20.0,11.149999618530272,0.04,0.02,0.01,0.06,0.06,21154886.0,10741439.0,1.97,Normal,Transition Zone,13.56,8.0,20.0,Real Assets,Agriculture,Review,False
2026-07-24,Early Play,6,LMT,Lockheed Martin Corporation,,0.63,,0.14,7,Gut,2,Niedrig,19.0,582.5999755859375,0.27,0.15,0.15,0.12,0.08,1545880.0,1270369.0,1.22,Normal,Watchlist Zone,18.905,14.0,19.0,Industrials,Defense,Review,False
2026-07-24,Early Play,7,REXR,"Rexford Industrial Realty, Inc.",,0.67,,0.11,6,Gut,0,Niedrig,19.0,39.0,0.33,0.18,0.15,0.12,0.06,6672050.0,2963488.0,2.25,Normal,Watchlist Zone,17.494999999999997,10.0,19.0,Real Assets,Real Estate (REITs),Attraktiv,False
2026-07-24,Early Play,8,AZTA,"Azenta, Inc.",,0.44,,0.06,3,Riskant,0,Niedrig,14.0,27.3700008392334,-0.11,0.11,0.07,0.17,-0.03,663465.0,626628.0,1.06,Normal,Transition Zone,11.5,7.5,14.0,AI / Tech,Robotics & Automation,Review,False
2026-07-24,High Conviction Early Play,1,NVO,Novo Nordisk A/S,,0.42,,0.18,8,Sehr gut,10,Hoch,30.0,48.77000045776367,-0.16,0.02,0.01,0.05,0.06,10176906.0,9512535.0,1.07,Normal,Transition Zone,19.0,28.0,30.0,Healthcare,Pharma,Review,True
2026-07-25,Ranking Attraktiv,1,AIR.PA,AIRBUS SE,,0.82,,0.24,4,Neutral,1,Niedrig,4.0,206.0500030517578,0.64,0.07,0.08,0.1,0.1,920671.0,1082000.0,0.85,Normal,Hold Zone,13.96,9.0,15.0,Industrials,Aerospace,Attraktiv,False
2026-07-25,Short Term Top 8,1,AIR.PA,AIRBUS SE,,0.82,,0.24,4,Neutral,1,Niedrig,13.96,206.0500030517578,0.64,0.07,0.08,0.1,0.1,920671.0,1082000.0,0.85,Normal,Hold Zone,13.96,9.0,15.0,Industrials,Aerospace,Attraktiv,False
2026-07-25,Short Term Top 8,2,BNP.PA,BNP PARIBAS ACT.A,,0.97,,0.19,6,Gut,6,Mittel,13.41,105.91999816894533,0.94,0.05,0.06,0.08,0.25,1571440.0,1702514.0,0.92,Normal,Upper Range,13.41,17.0,25.0,Finance,Banks,Hold,False
2026-07-25,Short Term Top 8,3,LLOY.L,LLOYDS BANKING GROUP PLC ORD 10,,0.94,,0.16,6,Gut,7,Mittel,13.32,113.5,0.88,0.04,0.04,0.07,0.15,80805596.0,134153026.0,0.6,Normal,Upper Range,13.32,19.0,26.0,Finance,Banks,Hold,False
2026-07-25,Short Term Top 8,4,SHEL,Shell PLC,,0.79,,0.0,4,Neutral,4,Niedrig,10.855,88.37999725341797,0.57,0.14,0.15,0.06,0.11,7192903.0,6264660.0,1.15,Normal,Hold Zone,10.855,12.0,16.0,Energy,Oil & Gas,Hold,False
2026-07-25,Short Term Top 8,5,IQE.L,IQE PLC ORD 1P,,0.65,,-0.01,3,Riskant,0,Niedrig,9.95,48.84999847412109,0.3,0.04,0.04,0.07,1.02,14033498.0,16455482.0,0.85,Normal,Watchlist Zone,9.95,6.5,8.0,AI / Tech,Semiconductor Materials,Review,False
2026-07-25,Short Term Top 8,6,SAN.MC,BANCO SANTANDER S.A.,,0.89,,0.17,4,Neutral,4,Niedrig,8.17,11.979999542236328,0.78,0.01,0.01,0.05,0.18,18957635.0,21720730.0,0.87,Normal,Upper Range,8.17,13.0,15.0,Finance,Banks,Hold,False
2026-07-25,Short Term Top 8,7,CFR.SW,RICHEMONT N,,0.93,,0.28,3,Riskant,2,Niedrig,6.789999999999999,193.0500030517578,0.86,0.03,0.02,0.09,0.19,593388.0,914236.0,0.65,Normal,Upper Range,6.789999999999999,9.5,5.0,Consumer & Retail,Luxury & Brands,Hold,False
2026-07-25,Short Term Top 8,8,SIE.DE,SIEMENS AG                    N,,0.86,,0.08,2,Riskant,1,Niedrig,5.065,272.25,0.71,0.02,0.01,0.01,0.11,700997.0,918424.0,0.76,Normal,Upper Range,5.065,3.0,8.0,Energy,Power Equipment,Hold,False
2026-07-25,Long Term Entry Top 8,1,LLOY.L,LLOYDS BANKING GROUP PLC ORD 10,,0.94,,0.16,6,Gut,7,Mittel,19.0,113.5,0.88,0.04,0.04,0.07,0.15,80805596.0,134153026.0,0.6,Normal,Upper Range,13.32,19.0,26.0,Finance,Banks,Hold,False
2026-07-25,Long Term Entry Top 8,2,BNP.PA,BNP PARIBAS ACT.A,,0.97,,0.19,6,Gut,6,Mittel,17.0,105.91999816894533,0.94,0.05,0.06,0.08,0.25,1571440.0,1702514.0,0.92,Normal,Upper Range,13.41,17.0,25.0,Finance,Banks,Hold,False
2026-07-26,Ranking Attraktiv,1,AIR.PA,AIRBUS SE,,0.82,,0.24,4,Neutral,1,Niedrig,4.0,206.0500030517578,0.64,0.07,0.08,0.1,0.1,920671.0,1082000.0,0.85,Normal,Hold Zone,13.96,9.0,15.0,Industrials,Aerospace,Attraktiv,False
2026-07-26,Short Term Top 8,1,AIR.PA,AIRBUS SE,,0.82,,0.24,4,Neutral,1,Niedrig,13.96,206.0500030517578,0.64,0.07,0.08,0.1,0.1,920671.0,1082000.0,0.85,Normal,Hold Zone,13.96,9.0,15.0,Industrials,Aerospace,Attraktiv,False
2026-07-26,Short Term Top 8,2,BNP.PA,BNP PARIBAS ACT.A,,0.97,,0.19,6,Gut,7,Mittel,13.41,105.91999816894533,0.94,0.05,0.06,0.08,0.25,1571440.0,1702514.0,0.92,Normal,Upper Range,13.41,19.0,27.0,Finance,Banks,Hold,False
2026-07-26,Short Term Top 8,3,LLOY.L,LLOYDS BANKING GROUP PLC ORD 10,,0.94,,0.16,6,Gut,7,Mittel,13.32,113.5,0.88,0.04,0.04,0.07,0.15,80805596.0,134153026.0,0.6,Normal,Upper Range,13.32,19.0,26.0,Finance,Banks,Hold,False
2026-07-26,Short Term Top 8,4,SHEL,Shell PLC,,0.79,,0.0,4,Neutral,4,Niedrig,10.855,88.37999725341797,0.57,0.14,0.15,0.06,0.11,7192903.0,6264660.0,1.15,Normal,Hold Zone,10.855,12.0,16.0,Energy,Oil & Gas,Hold,False
2026-07-26,Short Term Top 8,5,IQE.L,IQE PLC ORD 1P,,0.65,,-0.01,3,Riskant,0,Niedrig,9.95,48.84999847412109,0.3,0.04,0.04,0.07,1.02,14033498.0,16455482.0,0.85,Normal,Watchlist Zone,9.95,6.5,8.0,AI / Tech,Semiconductor Materials,Review,False
2026-07-26,Short Term Top 8,6,SAN.MC,BANCO SANTANDER S.A.,,0.89,,0.17,4,Neutral,4,Niedrig,8.17,11.979999542236328,0.78,0.01,0.01,0.05,0.18,18957635.0,21720730.0,0.87,Normal,Upper Range,8.17,13.0,15.0,Finance,Banks,Hold,False
2026-07-26,Short Term Top 8,7,CFR.SW,RICHEMONT N,,0.93,,0.28,3,Riskant,2,Niedrig,6.789999999999999,193.0500030517578,0.86,0.03,0.02,0.09,0.19,593388.0,914236.0,0.65,Normal,Upper Range,6.789999999999999,9.5,5.0,Consumer & Retail,Luxury & Brands,Hold,False
2026-07-26,Short Term Top 8,8,SIE.DE,SIEMENS AG                    N,,0.86,,0.08,2,Riskant,1,Niedrig,5.065,272.25,0.71,0.02,0.01,0.01,0.11,700997.0,918424.0,0.76,Normal,Upper Range,5.065,3.0,8.0,Energy,Power Equipment,Hold,False
2026-07-26,Long Term Entry Top 8,1,BNP.PA,BNP PARIBAS ACT.A,,0.97,,0.19,6,Gut,7,Mittel,19.0,105.91999816894533,0.94,0.05,0.06,0.08,0.25,1571440.0,1702514.0,0.92,Normal,Upper Range,13.41,19.0,27.0,Finance,Banks,Hold,False
2026-07-26,Long Term Entry Top 8,2,LLOY.L,LLOYDS BANKING GROUP PLC ORD 10,,0.94,,0.16,6,Gut,7,Mittel,19.0,113.5,0.88,0.04,0.04,0.07,0.15,80805596.0,134153026.0,0.6,Normal,Upper Range,13.32,19.0,26.0,Finance,Banks,Hold,False
2026-07-27,Ranking Attraktiv,1,AIG,"American International Group, I",,0.56,,0.07,8,Sehr gut,5,Mittel,8.0,79.16000366210938,0.11,0.05,0.05,0.03,0.03,1752636.0,3526547.0,0.5,Normal,Watchlist Zone,21.165,21.0,27.0,Finance,Insurance,Attraktiv,False
2026-07-27,Ranking Attraktiv,2,WFC,Wells Fargo & Company,,0.61,,0.09,8,Sehr gut,7,Mittel,8.0,87.2699966430664,0.21,0.04,0.05,0.06,0.04,7119469.0,16157528.0,0.44,Normal,Watchlist Zone,21.315,26.0,26.0,Finance,Banks,Attraktiv,False
2026-07-27,Ranking Attraktiv,3,GS,"Goldman Sachs Group, Inc. (The)",,0.78,,0.12,8,Sehr gut,10,Hoch,8.0,1048.22998046875,0.55,0.03,0.03,0.0,0.16,1979832.0,1934917.0,1.02,Normal,Hold Zone,18.825,33.0,33.0,Finance,Banks,Attraktiv,True
2026-07-27,Ranking Attraktiv,4,MS,Morgan Stanley,,0.82,,0.13,8,Sehr gut,10,Hoch,8.0,214.5599975585937,0.64,0.01,0.01,0.01,0.18,3721249.0,5620147.0,0.66,Normal,Hold Zone,18.96,29.0,26.0,Finance,Banks,Attraktiv,True
2026-07-27,Ranking Attraktiv,5,EOG,"EOG Resources, Inc.",,0.82,,0.06,7,Gut,9,Hoch,7.0,140.30999755859375,0.63,0.07,0.07,0.03,0.16,2489858.0,3048963.0,0.82,Normal,Hold Zone,19.445,24.0,31.0,Energy,Oil & Gas,Attraktiv,True
2026-07-27,Ranking Attraktiv,6,DB,Deutsche Bank AG,,0.7,,0.16,7,Gut,5,Mittel,7.0,35.5,0.41,0.03,0.06,0.06,0.05,1515725.0,1991001.0,0.76,Normal,Hold Zone,17.115,21.0,22.0,Finance,Banks,Attraktiv,False
2026-07-27,Ranking Attraktiv,7,PCG,Pacific Gas & Electric Co.,,0.75,,0.06,6,Gut,5,Mittel,6.0,17.600000381469727,0.51,0.03,0.02,0.05,0.06,11141199.0,16004550.0,0.7,Normal,Hold Zone,14.765,16.0,19.0,Energy,Grid Infrastructure,Attraktiv,False
2026-07-27,Ranking Attraktiv,8,D,"Dominion Energy, Inc.",,0.85,,0.14,6,Gut,5,Mittel,6.0,70.2699966430664,0.7,0.01,0.02,0.03,0.13,2203127.0,4687956.0,0.47,Normal,Upper Range,11.05,14.0,16.0,Energy,Grid Infrastructure,Attraktiv,False
2026-07-27,Ranking Attraktiv,9,AWK,"American Water Works Company, I",,0.59,,0.03,6,Gut,4,Niedrig,6.0,134.55999755859375,0.18,0.01,0.02,0.05,0.03,2541096.0,2032265.0,1.25,Normal,Watchlist Zone,14.27,12.0,19.0,Energy,Grid Infrastructure,Attraktiv,False
2026-07-27,Ranking Attraktiv,10,CVX,Chevron Corporation,,0.67,,0.04,6,Gut,2,Niedrig,6.0,190.0,0.34,0.11,0.13,0.04,0.1,6116671.0,8273054.0,0.74,Normal,Watchlist Zone,16.509999999999998,10.0,16.0,Energy,Oil & Gas,Attraktiv,False
2026-07-27,Ranking Attraktiv,11,EXPD,Expeditors International of Was,,0.84,,0.16,5,Neutral,2,Niedrig,5.0,171.33999633789062,0.67,0.07,0.06,0.04,0.14,727866.0,1235663.0,0.59,Normal,Hold Zone,15.505,11.0,16.0,Industrials,Logistics & Transport,Attraktiv,False
2026-07-27,Ranking Attraktiv,12,REXR,"Rexford Industrial Realty, Inc.",,0.64,,0.09,5,Neutral,0,Niedrig,5.0,38.709999084472656,0.28,0.14,0.15,0.11,0.05,3658349.0,2927932.0,1.25,Normal,Watchlist Zone,15.92,9.0,15.0,Real Assets,Real Estate (REITs),Attraktiv,False
2026-07-27,Short Term Top 8,1,F,Ford Motor Company,,0.59,,0.19,9,Sehr gut,5,Mittel,22.77,14.68000030517578,0.18,0.04,0.05,0.02,0.12,54600033.0,50354857.0,1.08,Normal,Watchlist Zone,22.77,22.0,28.0,Mobility & Transport Tech,Electric Vehicles,Review,False
2026-07-27,Short Term Top 8,2,MA,Mastercard Incorporated,,0.66,,0.09,8,Sehr gut,8,Hoch,22.465,551.7100219726562,0.31,0.11,0.08,0.09,0.05,2358237.0,3118702.0,0.76,Normal,Watchlist Zone,22.465,29.0,28.0,Finance,Fintech,Hold,True
2026-07-27,Short Term Top 8,3,LMT,Lockheed Martin Corporation,,0.62,,0.14,9,Sehr gut,5,Mittel,21.875,580.0,0.25,0.14,0.16,0.11,0.08,893990.0,1141040.0,0.78,Normal,Watchlist Zone,21.875,22.0,22.0,Mobility & Transport Tech,Space,Review,False
2026-07-27,Short Term Top 8,4,APAM,Artisan Partners Asset Manageme,,0.62,,0.08,8,Sehr gut,5,Mittel,21.36,40.290000915527344,0.24,0.13,0.15,0.1,0.05,806490.0,902434.0,0.89,Normal,Watchlist Zone,21.36,22.0,23.0,Finance,Asset Management,Hold,False
2026-07-27,Short Term Top 8,5,WFC,Wells Fargo & Company,,0.61,,0.09,8,Sehr gut,7,Mittel,21.315,87.2699966430664,0.21,0.04,0.05,0.06,0.04,7119469.0,16157528.0,0.44,Normal,Watchlist Zone,21.315,26.0,26.0,Finance,Banks,Attraktiv,False
2026-07-27,Short Term Top 8,6,AIG,"American International Group, I",,0.56,,0.07,8,Sehr gut,5,Mittel,21.165,79.16000366210938,0.11,0.05,0.05,0.03,0.03,1752636.0,3526547.0,0.5,Normal,Watchlist Zone,21.165,21.0,27.0,Finance,Insurance,Attraktiv,False
2026-07-27,Short Term Top 8,7,EOG,"EOG Resources, Inc.",,0.82,,0.06,7,Gut,9,Hoch,19.445,140.30999755859375,0.63,0.07,0.07,0.03,0.16,2489858.0,3048963.0,0.82,Normal,Hold Zone,19.445,24.0,31.0,Energy,Oil & Gas,Attraktiv,True
2026-07-27,Short Term Top 8,8,MDLZ,"Mondelez International, Inc.",,0.59,,0.07,8,Sehr gut,5,Mittel,19.255,60.66999816894531,0.17,0.01,0.02,0.0,0.05,7692125.0,8915281.0,0.86,Normal,Watchlist Zone,19.255,23.5,22.0,Consumer & Retail,Food & Beverages,Hold,False
2026-07-27,Long Term Entry Top 8,1,NVO,Novo Nordisk A/S,,0.45,,0.21,8,Sehr gut,10,Hoch,33.0,49.66999816894531,-0.1,0.03,0.03,0.07,0.08,6275692.0,8850495.0,0.71,Normal,Transition Zone,19.0,33.0,35.0,Healthcare,Pharma,Review,True
2026-07-27,Long Term Entry Top 8,2,GS,"Goldman Sachs Group, Inc. (The)",,0.78,,0.12,8,Sehr gut,10,Hoch,33.0,1048.22998046875,0.55,0.03,0.03,0.0,0.16,1979832.0,1934917.0,1.02,Normal,Hold Zone,18.825,33.0,33.0,Finance,Banks,Attraktiv,True
2026-07-27,Long Term Entry Top 8,3,BLK,"BlackRock, Inc.",,0.52,,0.01,8,Sehr gut,9,Hoch,30.0,1062.1400146484375,0.04,0.1,0.12,0.03,0.01,522329.0,795161.0,0.66,Normal,Transition Zone,19.06,30.0,32.0,Finance,Asset Management,Hold,True
2026-07-27,Long Term Entry Top 8,4,MS,Morgan Stanley,,0.82,,0.13,8,Sehr gut,10,Hoch,29.0,214.5599975585937,0.64,0.01,0.01,0.01,0.18,3721249.0,5620147.0,0.66,Normal,Hold Zone,18.96,29.0,26.0,Finance,Banks,Attraktiv,True
2026-07-27,Long Term Entry Top 8,5,MA,Mastercard Incorporated,,0.66,,0.09,8,Sehr gut,8,Hoch,29.0,551.7100219726562,0.31,0.11,0.08,0.09,0.05,2358237.0,3118702.0,0.76,Normal,Watchlist Zone,22.465,29.0,28.0,Finance,Fintech,Hold,True
2026-07-27,Long Term Entry Top 8,6,BX,Blackstone Inc.,,0.38,,0.11,7,Gut,10,Hoch,29.0,132.60000610351562,-0.24,0.15,0.15,0.1,0.01,5254467.0,4680753.0,1.12,Normal,Transition Zone,17.5,29.0,38.0,Finance,Asset Management,Review,True
2026-07-27,Long Term Entry Top 8,7,ANET,"Arista Networks, Inc.",,0.75,,-0.01,4,Neutral,8,Hoch,28.5,170.75999450683594,0.49,0.08,0.04,0.04,0.17,5327842.0,7674647.0,0.69,Normal,Hold Zone,10.735,28.5,23.0,AI / Tech,AI Networking,Review,False
2026-07-27,Long Term Entry Top 8,8,NTDOY,"Nintendo Co., Ltd.",,0.09,,-0.07,2,Riskant,9,Hoch,26.5,11.460000038146973,-0.83,0.12,0.07,0.04,-0.25,1828900.0,5198195.0,0.35,Normal,Weak Zone,2.0,26.5,30.0,Consumer & Retail,Gaming & Entertainment,Avoid,False
2026-07-27,Early Play,1,BX,Blackstone Inc.,,0.38,,0.11,7,Gut,10,Hoch,38.0,132.60000610351562,-0.24,0.15,0.15,0.1,0.01,5254467.0,4680753.0,1.12,Normal,Transition Zone,17.5,29.0,38.0,Finance,Asset Management,Review,True
2026-07-27,Early Play,2,ARES,Ares Management Corporation,,0.36,,0.15,6,Gut,7,Mittel,31.0,127.76000213623048,-0.28,0.17,0.19,0.04,-0.03,2413403.0,1937115.0,1.25,Normal,Transition Zone,15.0,22.0,31.0,Finance,Asset Management,Review,False
2026-07-27,Early Play,3,F,Ford Motor Company,,0.59,,0.19,9,Sehr gut,5,Mittel,28.0,14.68000030517578,0.18,0.04,0.05,0.02,0.12,54600033.0,50354857.0,1.08,Normal,Watchlist Zone,22.77,22.0,28.0,Mobility & Transport Tech,Electric Vehicles,Review,False
2026-07-27,Early Play,4,SONY,Sony Group Corporation,,0.27,,0.11,3,Riskant,3,Niedrig,28.0,22.290000915527344,-0.46,0.13,0.09,0.05,-0.05,7193714.0,4559396.0,1.58,Normal,Weak Zone,6.5,15.5,28.0,Consumer & Retail,Gaming & Entertainment,Review,False
2026-07-27,Early Play,5,OMCL,"Omnicell, Inc.",,0.5,,0.1,5,Neutral,3,Niedrig,21.0,41.4900016784668,-0.0,0.03,0.01,-0.02,0.03,818246.0,653342.0,1.25,Normal,Transition Zone,12.5,17.5,21.0,Healthcare,AI in Healthcare,Review,False
2026-07-27,Early Play,6,CLF,Cleveland-Cliffs Inc.,,0.5,,0.15,6,Gut,2,Niedrig,20.0,12.25,0.01,0.23,0.31,0.08,0.06,40346826.0,25694471.0,1.57,Normal,Transition Zone,17.015,14.0,20.0,Industrials,Infrastructure & Construction,Hold,False
2026-07-27,Early Play,7,AWK,"American Water Works Company, I",,0.59,,0.03,6,Gut,4,Niedrig,19.0,134.55999755859375,0.18,0.01,0.02,0.05,0.03,2541096.0,2032265.0,1.25,Normal,Watchlist Zone,14.27,12.0,19.0,Energy,Grid Infrastructure,Attraktiv,False
2026-07-27,Early Play,8,AZTA,"Azenta, Inc.",,0.45,,0.09,3,Riskant,0,Niedrig,16.0,27.520000457763672,-0.1,0.08,0.08,0.17,-0.02,691782.0,576804.0,1.2,Normal,Transition Zone,11.5,11.5,16.0,AI / Tech,Robotics & Automation,Review,False
2026-07-27,High Conviction Early Play,1,BX,Blackstone Inc.,,0.38,,0.11,7,Gut,10,Hoch,38.0,132.60000610351562,-0.24,0.15,0.15,0.1,0.01,5254467.0,4680753.0,1.12,Normal,Transition Zone,17.5,29.0,38.0,Finance,Asset Management,Review,True
2026-07-28,Ranking Attraktiv,1,NVO,Novo Nordisk A/S,,0.6,,0.24,10,Sehr gut,10,Hoch,10.0,50.959999084472656,0.2,0.05,0.06,0.1,0.11,9496495.0,8885595.0,1.07,Normal,Watchlist Zone,25.3,33.0,33.0,Healthcare,Pharma,Attraktiv,True
2026-07-28,Ranking Attraktiv,2,DB,Deutsche Bank AG,,0.69,,0.15,9,Sehr gut,5,Mittel,9.0,35.36000061035156,0.39,0.05,0.05,0.05,0.05,2246173.0,1995749.0,1.13,Normal,Watchlist Zone,23.085,22.0,23.0,Finance,Banks,Attraktiv,False
2026-07-28,Ranking Attraktiv,3,ZBRA,Zebra Technologies Corporation,,0.56,,0.3,8,Sehr gut,3,Niedrig,8.0,284.3999938964844,0.11,0.11,0.08,0.13,0.15,1215712.0,669046.0,1.82,Normal,Watchlist Zone,18.165,21.5,18.0,AI / Tech,AI Networking,Attraktiv,False
2026-07-28,Ranking Attraktiv,4,WFC,Wells Fargo & Company,,0.59,,0.07,8,Sehr gut,7,Mittel,8.0,86.87000274658203,0.18,0.04,0.05,0.05,0.03,7358769.0,15855603.0,0.46,Normal,Watchlist Zone,21.27,25.0,31.0,Finance,Banks,Attraktiv,False
2026-07-28,Ranking Attraktiv,5,AIG,"American International Group, I",,0.66,,0.1,8,Sehr gut,5,Mittel,8.0,80.83000183105469,0.32,0.08,0.08,0.05,0.05,2114921.0,3491791.0,0.61,Normal,Watchlist Zone,21.48,22.0,22.0,Finance,Insurance,Attraktiv,False
2026-07-28,Ranking Attraktiv,6,GS,"Goldman Sachs Group, Inc. (The)",,0.75,,0.12,8,Sehr gut,10,Hoch,8.0,1033.3399658203125,0.49,0.01,0.02,-0.01,0.14,1719168.0,1954468.0,0.88,Normal,Hold Zone,17.735,30.0,27.0,Finance,Banks,Attraktiv,True
2026-07-28,Ranking Attraktiv,7,GILD,"Gilead Sciences, Inc.",,0.58,,0.05,8,Sehr gut,6,Mittel,8.0,134.32000732421875,0.15,0.06,0.06,0.04,0.03,6944053.0,6646648.0,1.04,Normal,Watchlist Zone,19.225,23.0,30.0,Healthcare,Biotech,Attraktiv,False
2026-07-28,Ranking Attraktiv,8,UBS,UBS Group AG Registered,,0.84,,0.24,7,Gut,6,Mittel,7.0,52.02999877929688,0.69,0.05,0.05,0.05,0.21,1572180.0,1756784.0,0.89,Normal,Hold Zone,18.535,21.0,25.0,Finance,Banks,Attraktiv,False
2026-07-28,Ranking Attraktiv,9,PCG,Pacific Gas & Electric Co.,,0.78,,0.1,6,Gut,5,Mittel,6.0,17.780000686645508,0.57,0.03,0.06,0.05,0.07,23830402.0,17334445.0,1.37,Normal,Hold Zone,15.855,18.0,25.0,Energy,Grid Infrastructure,Attraktiv,False
2026-07-28,Ranking Attraktiv,10,DUK,Duke Energy Corporation (Holdin,,0.81,,0.02,6,Gut,5,Mittel,6.0,129.24000549316406,0.62,0.01,0.02,0.03,0.05,3593885.0,3648699.0,0.98,Normal,Hold Zone,12.93,13.0,14.0,Energy,Grid Infrastructure,Attraktiv,False
2026-07-28,Ranking Attraktiv,11,S,"SentinelOne, Inc.",,0.73,,0.25,5,Neutral,2,Niedrig,5.0,18.34000015258789,0.47,0.1,0.08,0.07,0.19,6172775.0,7460124.0,0.83,Normal,Hold Zone,15.205,17.5,9.0,AI / Tech,Cybersecurity,Attraktiv,False
2026-07-28,Ranking Attraktiv,12,ACAD,ACADIA Pharmaceuticals Inc.,,0.73,,0.15,5,Neutral,4,Niedrig,5.0,26.01000022888184,0.46,0.03,0.03,0.12,0.1,923764.0,1421908.0,0.65,Normal,Hold Zone,12.19,17.0,20.0,Healthcare,Biotech,Attraktiv,False
2026-07-28,Short Term Top 8,1,NVO,Novo Nordisk A/S,,0.6,,0.24,10,Sehr gut,10,Hoch,25.3,50.959999084472656,0.2,0.05,0.06,0.1,0.11,9496495.0,8885595.0,1.07,Normal,Watchlist Zone,25.3,33.0,33.0,Healthcare,Pharma,Attraktiv,True
2026-07-28,Short Term Top 8,2,DB,Deutsche Bank AG,,0.69,,0.15,9,Sehr gut,5,Mittel,23.085,35.36000061035156,0.39,0.05,0.05,0.05,0.05,2246173.0,1995749.0,1.13,Normal,Watchlist Zone,23.085,22.0,23.0,Finance,Banks,Attraktiv,False
2026-07-28,Short Term Top 8,3,F,Ford Motor Company,,0.63,,0.22,9,Sehr gut,5,Mittel,22.89,14.960000038146973,0.26,0.07,0.08,0.04,0.14,74031557.0,51948643.0,1.43,Normal,Watchlist Zone,22.89,22.0,25.0,Mobility & Transport Tech,Electric Vehicles,Review,False
2026-07-28,Short Term Top 8,4,ZBH,"Zimmer Biomet Holdings, Inc.",,0.6,,0.16,9,Sehr gut,5,Mittel,22.785,95.75,0.19,0.05,0.11,0.09,0.06,3150152.0,2291898.0,1.37,Normal,Watchlist Zone,22.785,22.0,25.0,Healthcare,Medtech,Review,False
2026-07-28,Short Term Top 8,5,BLK,"BlackRock, Inc.",,0.64,,0.04,9,Sehr gut,9,Hoch,21.935,1097.550048828125,0.29,0.14,0.16,0.06,0.05,1043763.0,830823.0,1.26,Normal,Watchlist Zone,21.935,30.0,33.0,Finance,Asset Management,Hold,True
2026-07-28,Short Term Top 8,6,LMT,Lockheed Martin Corporation,,0.63,,0.14,9,Sehr gut,5,Mittel,21.89,581.3099975585938,0.26,0.16,0.14,0.11,0.08,1089134.0,1155112.0,0.94,Normal,Watchlist Zone,21.89,22.0,23.0,Industrials,Defense,Hold,False
2026-07-28,Short Term Top 8,7,MDLZ,"Mondelez International, Inc.",,0.69,,0.08,8,Sehr gut,5,Mittel,21.57,62.47999954223633,0.38,0.05,0.08,0.03,0.08,11132160.0,9036678.0,1.23,Normal,Watchlist Zone,21.57,26.5,25.0,Consumer & Retail,Food & Beverages,Hold,False
2026-07-28,Short Term Top 8,8,AIG,"American International Group, I",,0.66,,0.1,8,Sehr gut,5,Mittel,21.48,80.83000183105469,0.32,0.08,0.08,0.05,0.05,2114921.0,3491791.0,0.61,Normal,Watchlist Zone,21.48,22.0,22.0,Finance,Insurance,Attraktiv,False
2026-07-28,Long Term Entry Top 8,1,NVO,Novo Nordisk A/S,,0.6,,0.24,10,Sehr gut,10,Hoch,33.0,50.959999084472656,0.2,0.05,0.06,0.1,0.11,9496495.0,8885595.0,1.07,Normal,Watchlist Zone,25.3,33.0,33.0,Healthcare,Pharma,Attraktiv,True
2026-07-28,Long Term Entry Top 8,2,NU,Nu Holdings Ltd.,,0.45,,0.01,7,Gut,10,Hoch,31.0,14.68000030517578,-0.11,0.12,0.1,0.12,-0.03,59169581.0,107527229.0,0.55,Normal,Transition Zone,16.5,31.0,32.0,Finance,Fintech,Review,True
2026-07-28,Long Term Entry Top 8,3,BLK,"BlackRock, Inc.",,0.64,,0.04,9,Sehr gut,9,Hoch,30.0,1097.550048828125,0.29,0.14,0.16,0.06,0.05,1043763.0,830823.0,1.26,Normal,Watchlist Zone,21.935,30.0,33.0,Finance,Asset Management,Hold,True
2026-07-28,Long Term Entry Top 8,4,GS,"Goldman Sachs Group, Inc. (The)",,0.75,,0.12,8,Sehr gut,10,Hoch,30.0,1033.3399658203125,0.49,0.01,0.02,-0.01,0.14,1719168.0,1954468.0,0.88,Normal,Hold Zone,17.735,30.0,27.0,Finance,Banks,Attraktiv,True
2026-07-28,Long Term Entry Top 8,5,BX,Blackstone Inc.,,0.4,,0.11,7,Gut,10,Hoch,29.0,133.89999389648438,-0.21,0.17,0.14,0.11,0.02,6228566.0,4814448.0,1.29,Normal,Transition Zone,16.5,29.0,38.0,Finance,Asset Management,Review,True
2026-07-28,Long Term Entry Top 8,6,MA,Mastercard Incorporated,,0.74,,0.11,7,Gut,8,Hoch,28.0,562.75,0.47,0.13,0.11,0.11,0.07,3124642.0,3147692.0,0.99,Normal,Hold Zone,18.205,28.0,29.0,Finance,Fintech,Hold,True
2026-07-28,Long Term Entry Top 8,7,MDLZ,"Mondelez International, Inc.",,0.69,,0.08,8,Sehr gut,5,Mittel,26.5,62.47999954223633,0.38,0.05,0.08,0.03,0.08,11132160.0,9036678.0,1.23,Normal,Watchlist Zone,21.57,26.5,25.0,Consumer & Retail,Food & Beverages,Hold,False
2026-07-28,Long Term Entry Top 8,8,NTDOY,"Nintendo Co., Ltd.",,0.1,,-0.04,2,Riskant,9,Hoch,26.5,11.699999809265137,-0.79,0.1,0.12,0.06,-0.23,1323817.0,5356126.0,0.25,Normal,Weak Zone,2.0,26.5,30.0,Consumer & Retail,Gaming & Entertainment,Review,False
2026-07-28,Early Play,1,BX,Blackstone Inc.,,0.4,,0.11,7,Gut,10,Hoch,38.0,133.89999389648438,-0.21,0.17,0.14,0.11,0.02,6228566.0,4814448.0,1.29,Normal,Transition Zone,16.5,29.0,38.0,Finance,Asset Management,Review,True
2026-07-28,Early Play,2,DSGX,The Descartes Systems Group Inc,,0.28,,0.07,2,Riskant,6,Mittel,34.0,75.58999633789062,-0.44,0.09,0.09,0.05,-0.02,797555.0,502728.0,1.59,Normal,Weak Zone,5.0,17.0,34.0,Industrials,Logistics & Transport,Review,False
2026-07-28,Early Play,3,BLK,"BlackRock, Inc.",,0.64,,0.04,9,Sehr gut,9,Hoch,33.0,1097.550048828125,0.29,0.14,0.16,0.06,0.05,1043763.0,830823.0,1.26,Normal,Watchlist Zone,21.935,30.0,33.0,Finance,Asset Management,Hold,True
2026-07-28,Early Play,4,NVO,Novo Nordisk A/S,,0.6,,0.24,10,Sehr gut,10,Hoch,33.0,50.959999084472656,0.2,0.05,0.06,0.1,0.11,9496495.0,8885595.0,1.07,Normal,Watchlist Zone,25.3,33.0,33.0,Healthcare,Pharma,Attraktiv,True
2026-07-28,Early Play,5,ARES,Ares Management Corporation,,0.36,,0.14,6,Gut,7,Mittel,32.0,127.9000015258789,-0.28,0.19,0.15,0.04,-0.03,2190383.0,1921839.0,1.14,Normal,Transition Zone,15.0,22.0,32.0,Finance,Asset Management,Review,False
2026-07-28,Early Play,6,MDT,Medtronic plc.,,0.46,,0.07,6,Gut,5,Mittel,30.0,86.87999725341797,-0.09,0.07,0.11,0.09,-0.02,13057553.0,7633783.0,1.71,Normal,Transition Zone,17.0,20.0,30.0,Healthcare,Medtech,Review,False
2026-07-28,Early Play,7,TEL,TE Connectivity plc,,0.39,,0.05,5,Neutral,5,Mittel,28.0,214.2899932861328,-0.22,0.08,0.06,0.04,-0.02,2947918.0,2665141.0,1.11,Normal,Transition Zone,11.5,20.5,28.0,AI / Tech,Semiconductor Equipment,Review,False
2026-07-28,Early Play,8,AGCO,AGCO Corporation,,0.56,,0.06,8,Sehr gut,5,Mittel,28.0,123.70999908447266,0.13,0.05,0.04,0.08,0.08,751226.0,709721.0,1.06,Normal,Watchlist Zone,21.195,18.0,28.0,Real Assets,Agriculture,Review,False
2026-07-28,High Conviction Early Play,1,BX,Blackstone Inc.,,0.4,,0.11,7,Gut,10,Hoch,38.0,133.89999389648438,-0.21,0.17,0.14,0.11,0.02,6228566.0,4814448.0,1.29,Normal,Transition Zone,16.5,29.0,38.0,Finance,Asset Management,Review,True
2026-07-28,High Conviction Early Play,2,NVO,Novo Nordisk A/S,,0.6,,0.24,10,Sehr gut,10,Hoch,33.0,50.959999084472656,0.2,0.05,0.06,0.1,0.11,9496495.0,8885595.0,1.07,Normal,Watchlist Zone,25.3,33.0,33.0,Healthcare,Pharma,Attraktiv,True
2026-07-28,High Conviction Early Play,3,BLK,"BlackRock, Inc.",,0.64,,0.04,9,Sehr gut,9,Hoch,33.0,1097.550048828125,0.29,0.14,0.16,0.06,0.05,1043763.0,830823.0,1.26,Normal,Watchlist Zone,21.935,30.0,33.0,Finance,Asset Management,Hold,True
2026-07-29,Ranking Attraktiv,1,NVO,Novo Nordisk A/S,,0.62,,0.28,10,Sehr gut,10,Hoch,10.0,51.58000183105469,0.24,0.08,0.06,0.11,0.12,8132247.0,8864502.0,0.92,Normal,Watchlist Zone,24.36,33.0,25.0,Healthcare,Pharma,Attraktiv,True
2026-07-29,Ranking Attraktiv,2,REGN,"Regeneron Pharmaceuticals, Inc.",,0.56,,0.01,8,Sehr gut,5,Mittel,8.0,695.4199829101562,0.12,0.12,0.11,0.09,-0.02,1006562.0,765803.0,1.31,Normal,Watchlist Zone,19.18,21.0,27.0,Healthcare,Biotech,Attraktiv,False
2026-07-29,Ranking Attraktiv,3,JPM,JP Morgan Chase & Co.,,0.82,,0.12,8,Sehr gut,10,Hoch,8.0,344.7099914550781,0.65,0.06,0.04,0.06,0.12,8255681.0,9838334.0,0.84,Normal,Hold Zone,20.975,31.0,33.0,Finance,Banks,Attraktiv,True
2026-07-29,Ranking Attraktiv,4,AIG,"American International Group, I",,0.62,,0.09,8,Sehr gut,5,Mittel,8.0,80.19999694824219,0.24,0.08,0.05,0.04,0.04,1925924.0,3485366.0,0.55,Normal,Watchlist Zone,21.36,22.0,22.0,Finance,Insurance,Attraktiv,False
2026-07-29,Ranking Attraktiv,5,DB,Deutsche Bank AG,,0.7,,0.2,7,Gut,5,Mittel,7.0,35.470001220703125,0.4,0.05,0.05,0.05,0.05,3248790.0,2061994.0,1.58,Normal,Hold Zone,18.1,21.0,27.0,Finance,Banks,Attraktiv,False
2026-07-29,Ranking Attraktiv,6,UBS,UBS Group AG Registered,,0.83,,0.21,7,Gut,6,Mittel,7.0,51.79999923706055,0.67,0.05,0.04,0.04,0.2,3305757.0,1862943.0,1.77,Normal,Hold Zone,18.505,21.0,29.0,Finance,Banks,Attraktiv,False
2026-07-29,Ranking Attraktiv,7,ZBRA,Zebra Technologies Corporation,,0.55,,0.31,7,Gut,3,Niedrig,7.0,282.9800109863281,0.09,0.07,0.06,0.12,0.15,1069250.0,680542.0,1.57,Normal,Transition Zone,12.635,20.5,20.0,AI / Tech,AI Networking,Attraktiv,False
2026-07-29,Ranking Attraktiv,8,EXC,Exelon Corporation,,0.64,,0.01,7,Gut,4,Niedrig,7.0,47.02999877929688,0.28,0.01,0.02,0.02,0.03,8315857.0,8879153.0,0.94,Normal,Watchlist Zone,15.92,12.0,12.0,Energy,Grid Infrastructure,Attraktiv,False
2026-07-29,Ranking Attraktiv,9,PCG,Pacific Gas & Electric Co.,,0.77,,0.09,6,Gut,5,Mittel,6.0,17.709999084472656,0.54,0.05,0.07,0.05,0.07,20826105.0,17486930.0,1.19,Normal,Hold Zone,16.810000000000002,18.0,25.0,Energy,Grid Infrastructure,Attraktiv,False
2026-07-29,Ranking Attraktiv,10,DUK,Duke Energy Corporation (Holdin,,0.8,,0.03,6,Gut,5,Mittel,6.0,129.0800018310547,0.6,0.02,0.03,0.03,0.05,3622823.0,3638121.0,1.0,Normal,Hold Zone,12.9,16.0,17.0,Energy,Grid Infrastructure,Attraktiv,False
2026-07-29,Ranking Attraktiv,11,CVX,Chevron Corporation,,0.7,,0.01,6,Gut,2,Niedrig,6.0,191.8600006103516,0.39,0.16,0.16,0.05,0.11,8093524.0,7698651.0,1.05,Normal,Watchlist Zone,16.585,10.0,14.0,Energy,Oil & Gas,Attraktiv,False
2026-07-29,Ranking Attraktiv,12,STAG,"Stag Industrial, Inc.",,0.63,,0.03,6,Gut,3,Niedrig,6.0,38.90999984741211,0.27,0.02,0.01,0.01,0.03,2993050.0,1854262.0,1.61,Normal,Watchlist Zone,14.405,13.0,14.0,Real Assets,Real Estate (REITs),Attraktiv,False
2026-07-29,Short Term Top 8,1,NVO,Novo Nordisk A/S,,0.62,,0.28,10,Sehr gut,10,Hoch,24.36,51.58000183105469,0.24,0.08,0.06,0.11,0.12,8132247.0,8864502.0,0.92,Normal,Watchlist Zone,24.36,33.0,25.0,Healthcare,Pharma,Attraktiv,True
2026-07-29,Short Term Top 8,2,F,Ford Motor Company,,0.67,,0.26,9,Sehr gut,5,Mittel,23.01,15.279999732971191,0.34,0.1,0.12,0.06,0.16,97775130.0,53955836.0,1.81,Normal,Watchlist Zone,23.01,22.0,19.0,Mobility & Transport Tech,Electric Vehicles,Review,False
2026-07-29,Short Term Top 8,3,ZBH,"Zimmer Biomet Holdings, Inc.",,0.65,,0.22,9,Sehr gut,5,Mittel,22.935,97.1500015258789,0.29,0.13,0.15,0.1,0.07,2235964.0,2225953.0,1.0,Normal,Watchlist Zone,22.935,22.0,23.0,Healthcare,Medtech,Review,False
2026-07-29,Short Term Top 8,4,APAM,Artisan Partners Asset Manageme,,0.63,,0.12,9,Sehr gut,5,Mittel,22.875,40.34000015258789,0.25,0.17,0.19,0.09,0.05,1314044.0,953122.0,1.38,Normal,Watchlist Zone,22.875,22.0,22.0,Finance,Asset Management,Hold,False
2026-07-29,Short Term Top 8,5,LMT,Lockheed Martin Corporation,,0.59,,0.12,9,Sehr gut,5,Mittel,22.755,569.2000122070312,0.17,0.12,0.09,0.08,0.05,1595192.0,1186420.0,1.34,Normal,Watchlist Zone,22.755,22.0,30.0,Industrials,Defense,Review,False
2026-07-29,Short Term Top 8,6,BLK,"BlackRock, Inc.",,0.58,,0.04,9,Sehr gut,9,Hoch,21.74,1079.18994140625,0.16,0.12,0.1,0.05,0.03,1121440.0,823177.0,1.36,Normal,Watchlist Zone,21.74,30.0,38.0,Finance,Asset Management,Hold,True
2026-07-29,Short Term Top 8,7,AIG,"American International Group, I",,0.62,,0.09,8,Sehr gut,5,Mittel,21.36,80.19999694824219,0.24,0.08,0.05,0.04,0.04,1925924.0,3485366.0,0.55,Normal,Watchlist Zone,21.36,22.0,22.0,Finance,Insurance,Attraktiv,False
2026-07-29,Short Term Top 8,8,JPM,JP Morgan Chase & Co.,,0.82,,0.12,8,Sehr gut,10,Hoch,20.975,344.7099914550781,0.65,0.06,0.04,0.06,0.12,8255681.0,9838334.0,0.84,Normal,Hold Zone,20.975,31.0,33.0,Finance,Banks,Attraktiv,True
2026-07-29,Long Term Entry Top 8,1,NVO,Novo Nordisk A/S,,0.62,,0.28,10,Sehr gut,10,Hoch,33.0,51.58000183105469,0.24,0.08,0.06,0.11,0.12,8132247.0,8864502.0,0.92,Normal,Watchlist Zone,24.36,33.0,25.0,Healthcare,Pharma,Attraktiv,True
2026-07-29,Long Term Entry Top 8,2,JPM,JP Morgan Chase & Co.,,0.82,,0.12,8,Sehr gut,10,Hoch,31.0,344.7099914550781,0.65,0.06,0.04,0.06,0.12,8255681.0,9838334.0,0.84,Normal,Hold Zone,20.975,31.0,33.0,Finance,Banks,Attraktiv,True
2026-07-29,Long Term Entry Top 8,3,BAC,Bank of America Corporation,,0.9,,0.16,7,Gut,10,Hoch,30.0,61.06999969482422,0.8,0.07,0.05,0.08,0.15,37890611.0,34409756.0,1.1,Normal,Upper Range,15.7,30.0,33.0,Finance,Banks,Hold,True
2026-07-29,Long Term Entry Top 8,4,BLK,"BlackRock, Inc.",,0.58,,0.04,9,Sehr gut,9,Hoch,30.0,1079.18994140625,0.16,0.12,0.1,0.05,0.03,1121440.0,823177.0,1.36,Normal,Watchlist Zone,21.74,30.0,38.0,Finance,Asset Management,Hold,True
2026-07-29,Long Term Entry Top 8,5,BX,Blackstone Inc.,,0.34,,0.09,4,Neutral,10,Hoch,28.0,129.39999389648438,-0.32,0.1,0.08,0.07,-0.01,5342381.0,4713179.0,1.13,Normal,Weak Zone,9.0,28.0,38.0,Finance,Asset Management,Review,True
2026-07-29,Long Term Entry Top 8,6,NTDOY,"Nintendo Co., Ltd.",,0.13,,-0.0,3,Riskant,9,Hoch,27.5,12.119999885559082,-0.74,0.16,0.13,0.09,-0.2,727858.0,5497078.0,0.13,Normal,Weak Zone,4.5,27.5,30.0,Consumer & Retail,Gaming & Entertainment,Review,False
2026-07-29,Long Term Entry Top 8,7,MA,Mastercard Incorporated,,0.74,,0.07,6,Gut,8,Hoch,27.0,563.3200073242188,0.48,0.1,0.08,0.1,0.07,2748847.0,2937372.0,0.94,Normal,Hold Zone,17.72,27.0,29.0,Finance,Fintech,Hold,True
2026-07-29,Long Term Entry Top 8,8,FIS,Fidelity National Information S,,0.22,,0.02,4,Neutral,10,Hoch,27.0,46.810001373291016,-0.55,0.2,0.15,0.14,-0.1,6359658.0,5388333.0,1.18,Normal,Weak Zone,6.0,27.0,32.0,Finance,Fintech,Review,True
2026-07-29,Early Play,1,BX,Blackstone Inc.,,0.34,,0.09,4,Neutral,10,Hoch,38.0,129.39999389648438,-0.32,0.1,0.08,0.07,-0.01,5342381.0,4713179.0,1.13,Normal,Weak Zone,9.0,28.0,38.0,Finance,Asset Management,Review,True
2026-07-29,Early Play,2,BLK,"BlackRock, Inc.",,0.58,,0.04,9,Sehr gut,9,Hoch,38.0,1079.18994140625,0.16,0.12,0.1,0.05,0.03,1121440.0,823177.0,1.36,Normal,Watchlist Zone,21.74,30.0,38.0,Finance,Asset Management,Hold,True
2026-07-29,Early Play,3,ARES,Ares Management Corporation,,0.33,,0.14,4,Neutral,7,Mittel,34.0,124.5999984741211,-0.34,0.12,0.1,0.01,-0.06,2745032.0,1928362.0,1.42,Normal,Weak Zone,8.0,21.0,34.0,Finance,Asset Management,Review,False
2026-07-29,Early Play,4,LYFT,"Lyft, Inc.",,0.23,,0.08,3,Riskant,7,Mittel,32.0,15.4399995803833,-0.54,0.06,0.04,0.06,-0.06,12403262.0,11444983.0,1.08,Normal,Weak Zone,6.5,20.0,32.0,Industrials,Logistics & Transport,Review,False
2026-07-29,Early Play,5,DSGX,The Descartes Systems Group Inc,,0.33,,0.08,2,Riskant,6,Mittel,32.0,78.0,-0.34,0.13,0.1,0.08,0.01,757171.0,521399.0,1.45,Normal,Weak Zone,5.0,18.0,32.0,Industrials,Logistics & Transport,Review,False
2026-07-29,Early Play,6,LMT,Lockheed Martin Corporation,,0.59,,0.12,9,Sehr gut,5,Mittel,30.0,569.2000122070312,0.17,0.12,0.09,0.08,0.05,1595192.0,1186420.0,1.34,Normal,Watchlist Zone,22.755,22.0,30.0,Industrials,Defense,Review,False
2026-07-29,Early Play,7,CRM,"Salesforce, Inc.",,0.35,,0.04,3,Riskant,6,Mittel,29.0,188.3800048828125,-0.31,0.2,0.15,0.1,-0.08,14817221.0,12742161.0,1.16,Normal,Weak Zone,4.5,21.5,29.0,AI / Tech,AI Software & Platforms,Review,False
2026-07-29,Early Play,8,SONY,Sony Group Corporation,,0.36,,0.18,5,Neutral,3,Niedrig,28.0,23.270000457763672,-0.28,0.16,0.15,0.1,-0.01,8503738.0,4929812.0,1.72,Normal,Transition Zone,13.5,16.5,28.0,Consumer & Retail,Gaming & Entertainment,Review,False
2026-07-29,High Conviction Early Play,1,BLK,"BlackRock, Inc.",,0.58,,0.04,9,Sehr gut,9,Hoch,38.0,1079.18994140625,0.16,0.12,0.1,0.05,0.03,1121440.0,823177.0,1.36,Normal,Watchlist Zone,21.74,30.0,38.0,Finance,Asset Management,Hold,True
2026-07-29,High Conviction Early Play,2,BX,Blackstone Inc.,,0.34,,0.09,4,Neutral,10,Hoch,38.0,129.39999389648438,-0.32,0.1,0.08,0.07,-0.01,5342381.0,4713179.0,1.13,Normal,Weak Zone,9.0,28.0,38.0,Finance,Asset Management,Review,True
2026-07-30,Ranking Attraktiv,1,NVO,Novo Nordisk A/S,,0.62,,0.22,10,Sehr gut,10,Hoch,10.0,51.61000061035156,0.25,0.06,0.02,0.1,0.12,10562597.0,8859250.0,1.19,Normal,Watchlist Zone,24.375,32.0,32.0,Healthcare,Pharma,Attraktiv,True
2026-07-30,Ranking Attraktiv,2,ZBRA,Zebra Technologies Corporation,,0.58,,0.28,8,Sehr gut,3,Niedrig,8.0,288.57000732421875,0.17,0.08,0.08,0.14,0.17,759653.0,672073.0,1.13,Normal,Watchlist Zone,20.255,21.5,14.0,AI / Tech,AI Networking,Attraktiv,False
2026-07-30,Ranking Attraktiv,3,DB,Deutsche Bank AG,,0.83,,0.24,7,Gut,6,Mittel,7.0,37.02999877929688,0.67,0.09,0.03,0.09,0.1,2039499.0,2069090.0,0.99,Normal,Hold Zone,17.505,21.0,25.0,Finance,Banks,Attraktiv,False
2026-07-30,Ranking Attraktiv,4,TRV,"The Travelers Companies, Inc.",,0.85,,0.24,7,Gut,5,Mittel,7.0,375.989990234375,0.7,0.12,0.1,0.15,0.26,2397157.0,2109983.0,1.14,Normal,Hold Zone,17.55,19.0,21.0,Finance,Insurance,Attraktiv,False
2026-07-30,Ranking Attraktiv,5,WPC,W. P. Carey Inc. REIT,,0.82,,0.03,6,Gut,8,Hoch,6.0,74.08000183105469,0.64,0.05,0.04,0.01,0.08,899522.0,1451911.0,0.62,Normal,Hold Zone,15.96,25.0,25.0,Real Assets,Real Estate (REITs),Attraktiv,True
2026-07-30,Ranking Attraktiv,6,S,"SentinelOne, Inc.",,0.74,,0.3,5,Neutral,2,Niedrig,5.0,18.39999961853028,0.48,0.05,0.05,0.07,0.19,3912502.0,7165630.0,0.55,Normal,Hold Zone,13.22,17.5,8.0,AI / Tech,Cybersecurity,Attraktiv,False
2026-07-30,Ranking Attraktiv,7,REXR,"Rexford Industrial Realty, Inc.",,0.61,,0.08,5,Neutral,0,Niedrig,5.0,38.380001068115234,0.22,0.14,0.12,0.1,0.04,1543862.0,2995743.0,0.52,Normal,Watchlist Zone,16.83,9.0,12.0,Real Assets,Real Estate (REITs),Attraktiv,False
2026-07-30,Ranking Attraktiv,8,RHHBY,Roche Holding Ltd,,0.84,,0.09,4,Neutral,3,Niedrig,4.0,55.310001373291016,0.68,0.1,0.04,0.07,0.1,169180.0,2028714.0,0.08,Normal,Hold Zone,14.02,13.0,18.0,Healthcare,Pharma,Attraktiv,False
2026-07-30,Ranking Attraktiv,9,XOM,ExxonMobil Holdings Corporation,,0.75,,0.02,4,Neutral,2,Niedrig,4.0,156.97000122070312,0.5,0.15,0.15,0.07,0.14,8019527.0,14255001.0,0.56,Normal,Hold Zone,11.75,9.0,13.0,Energy,Oil & Gas,Attraktiv,False
2026-07-30,Ranking Attraktiv,10,O,Realty Income Corporation,,0.81,,0.01,4,Neutral,3,Niedrig,4.0,64.43000030517578,0.61,0.04,0.01,0.03,0.07,5593889.0,5005549.0,1.12,Normal,Hold Zone,10.915,11.0,13.0,Real Assets,Real Estate (REITs),Attraktiv,False
2026-07-30,Ranking Attraktiv,11,8306.T,MITSUBISHI UFJ FINANCIAL GROUP ,,0.85,,0.23,4,Neutral,3,Niedrig,4.0,3525.0,0.69,0.09,0.07,0.06,0.26,46700500.0,43431520.0,1.08,Normal,Hold Zone,14.035,13.0,19.0,Finance,Banks,Attraktiv,False
2026-07-30,Ranking Attraktiv,12,TAK,Takeda Pharmaceutical Company L,,0.72,,0.03,3,Riskant,1,Niedrig,3.0,17.25,0.44,0.08,0.03,0.06,0.06,5613443.0,3889602.0,1.44,Normal,Hold Zone,9.16,9.0,14.0,Healthcare,Pharma,Attraktiv,False
2026-07-30,Short Term Top 8,1,NVO,Novo Nordisk A/S,,0.62,,0.22,10,Sehr gut,10,Hoch,24.375,51.61000061035156,0.25,0.06,0.02,0.1,0.12,10562597.0,8859250.0,1.19,Normal,Watchlist Zone,24.375,32.0,32.0,Healthcare,Pharma,Attraktiv,True
2026-07-30,Short Term Top 8,2,LMT,Lockheed Martin Corporation,,0.6,,0.12,9,Sehr gut,5,Mittel,22.815,574.1099853515625,0.21,0.1,0.05,0.09,0.06,1274294.0,1186520.0,1.07,Normal,Watchlist Zone,22.815,22.0,23.0,Industrials,Defense,Review,False
2026-07-30,Short Term Top 8,3,ZBH,"Zimmer Biomet Holdings, Inc.",,0.57,,0.16,9,Sehr gut,5,Mittel,22.71,94.95999908447266,0.14,0.13,0.09,0.07,0.05,1594326.0,2200451.0,0.72,Normal,Watchlist Zone,22.71,22.0,27.0,Healthcare,Medtech,Review,False
2026-07-30,Short Term Top 8,4,BLK,"BlackRock, Inc.",,0.65,,0.04,9,Sehr gut,9,Hoch,21.935,1098.3699951171875,0.29,0.12,0.1,0.07,0.05,499092.0,799685.0,0.62,Normal,Watchlist Zone,21.935,30.0,30.0,Finance,Asset Management,Hold,True
2026-07-30,Short Term Top 8,5,PAYX,"Paychex, Inc.",,0.57,,0.29,9,Sehr gut,7,Mittel,21.725,116.33000183105467,0.15,0.14,0.11,0.13,0.15,3557468.0,3257663.0,1.09,Normal,Watchlist Zone,21.725,26.0,22.0,Finance,Fintech,Hold,False
2026-07-30,Short Term Top 8,6,BDX,"Becton, Dickinson and Company",,0.67,,0.12,8,Sehr gut,3,Niedrig,21.525,165.4499969482422,0.35,0.08,0.05,0.1,0.08,1380114.0,1699756.0,0.81,Normal,Watchlist Zone,21.525,17.0,19.0,Healthcare,Medtech,Review,False
2026-07-30,Short Term Top 8,7,MSFT,Microsoft Corporation,,0.5,,0.11,9,Sehr gut,9,Hoch,21.515,451.1000061035156,0.01,0.17,0.16,0.13,0.04,109342280.0,35269389.0,3.1,Normal,Transition Zone,21.515,35.5,40.0,Healthcare,AI in Healthcare,Review,True
2026-07-30,Short Term Top 8,8,DXCM,"DexCom, Inc.",,0.62,,0.25,8,Sehr gut,5,Mittel,21.36,74.54000091552734,0.24,0.08,0.05,0.02,0.1,5489014.0,4414471.0,1.24,Normal,Watchlist Zone,21.36,22.0,17.0,Healthcare,Medtech,Review,False
2026-07-30,Long Term Entry Top 8,1,MSFT,Microsoft Corporation,,0.5,,0.11,9,Sehr gut,9,Hoch,35.5,451.1000061035156,0.01,0.17,0.16,0.13,0.04,109342280.0,35269389.0,3.1,Normal,Transition Zone,21.515,35.5,40.0,AI / Tech,AI Software & Platforms,Review,True
2026-07-30,Long Term Entry Top 8,2,AVGO,Broadcom Inc.,,0.5,,-0.07,6,Gut,10,Hoch,32.5,387.8399963378906,0.01,0.05,0.08,-0.02,0.06,21915504.0,20820860.0,1.05,Normal,Transition Zone,13.015,32.5,33.0,AI / Tech,AI Compute,Review,False
2026-07-30,Long Term Entry Top 8,3,NVO,Novo Nordisk A/S,,0.62,,0.22,10,Sehr gut,10,Hoch,32.0,51.61000061035156,0.25,0.06,0.02,0.1,0.12,10562597.0,8859250.0,1.19,Normal,Watchlist Zone,24.375,32.0,32.0,Healthcare,Pharma,Attraktiv,True
2026-07-30,Long Term Entry Top 8,4,INCY,Incyte Corporation,,0.84,,0.29,8,Sehr gut,10,Hoch,31.0,122.98999786376952,0.67,0.08,0.05,0.13,0.22,2506354.0,1939353.0,1.29,Normal,Hold Zone,20.005,31.0,25.0,Healthcare,Biotech,Hold,True
2026-07-30,Long Term Entry Top 8,5,BLK,"BlackRock, Inc.",,0.65,,0.04,9,Sehr gut,9,Hoch,30.0,1098.3699951171875,0.29,0.12,0.1,0.07,0.05,499092.0,799685.0,0.62,Normal,Watchlist Zone,21.935,30.0,30.0,Finance,Asset Management,Hold,True
2026-07-30,Long Term Entry Top 8,6,JPM,JP Morgan Chase & Co.,,0.9,,0.13,7,Gut,10,Hoch,30.0,350.8500061035156,0.8,0.05,0.05,0.08,0.14,5861092.0,9371360.0,0.63,Normal,Upper Range,15.7,30.0,32.0,Finance,Banks,Hold,True
2026-07-30,Long Term Entry Top 8,7,ANET,"Arista Networks, Inc.",,0.75,,-0.01,4,Neutral,8,Hoch,28.5,171.02000427246094,0.5,0.03,0.07,0.03,0.17,6003656.0,7451468.0,0.81,Normal,Hold Zone,9.75,28.5,24.0,AI / Tech,AI Networking,Review,False
2026-07-30,Long Term Entry Top 8,8,NU,Nu Holdings Ltd.,,0.42,,0.0,6,Gut,10,Hoch,27.0,14.489999771118164,-0.15,0.08,0.06,0.1,-0.04,45405654.0,106358223.0,0.43,Normal,Transition Zone,15.0,27.0,30.0,Finance,Fintech,Review,False
2026-07-30,Early Play,1,MSFT,Microsoft Corporation,,0.5,,0.11,9,Sehr gut,9,Hoch,40.0,451.1000061035156,0.01,0.17,0.16,0.13,0.04,109342280.0,35269389.0,3.1,Normal,Transition Zone,21.515,35.5,40.0,AI / Tech,AI Software & Platforms,Review,True
2026-07-30,Early Play,2,ARES,Ares Management Corporation,,0.32,,0.07,3,Riskant,7,Mittel,34.0,124.12000274658205,-0.36,0.09,0.06,0.01,-0.06,2507109.0,1932095.0,1.3,Normal,Weak Zone,6.5,19.0,34.0,Finance,Asset Management,Review,False
2026-07-30,Early Play,3,NVO,Novo Nordisk A/S,,0.62,,0.22,10,Sehr gut,10,Hoch,32.0,51.61000061035156,0.25,0.06,0.02,0.1,0.12,10562597.0,8859250.0,1.19,Normal,Watchlist Zone,24.375,32.0,32.0,Healthcare,Pharma,Attraktiv,True
2026-07-30,Early Play,4,GEHC,GE HealthCare Technologies Inc.,,0.36,,0.15,5,Neutral,3,Niedrig,26.0,69.94000244140625,-0.27,0.08,0.07,0.09,-0.04,7565679.0,6041324.0,1.25,Normal,Transition Zone,13.5,16.5,26.0,Healthcare,AI in Healthcare,Review,False
2026-07-30,Early Play,5,SONY,Sony Group Corporation,,0.31,,0.13,3,Riskant,3,Niedrig,26.0,22.770000457763672,-0.37,0.13,0.1,0.07,-0.03,7114462.0,5076118.0,1.4,Normal,Weak Zone,6.5,15.5,26.0,Consumer & Retail,Gaming & Entertainment,Review,False
2026-07-30,Early Play,6,REGN,"Regeneron Pharmaceuticals, Inc.",,0.71,,0.05,6,Gut,5,Mittel,25.0,738.3400268554688,0.43,0.18,0.13,0.15,0.04,1429257.0,779513.0,1.83,Normal,Hold Zone,13.645,20.0,25.0,Healthcare,Biotech,Hold,False
2026-07-30,Early Play,7,ITRI,"Itron, Inc.",,0.33,,0.18,2,Riskant,3,Niedrig,24.0,98.8499984741211,-0.34,0.17,0.16,0.17,0.04,1509919.0,1055796.0,1.43,Normal,Weak Zone,4.0,7.0,24.0,Energy,Power Equipment,Review,False
2026-07-30,Early Play,8,LMT,Lockheed Martin Corporation,,0.6,,0.12,9,Sehr gut,5,Mittel,23.0,574.1099853515625,0.21,0.1,0.05,0.09,0.06,1274294.0,1186520.0,1.07,Normal,Watchlist Zone,22.815,22.0,23.0,Mobility & Transport Tech,Space,Review,False
2026-07-30,High Conviction Early Play,1,MSFT,Microsoft Corporation,,0.5,,0.11,9,Sehr gut,9,Hoch,40.0,451.1000061035156,0.01,0.17,0.16,0.13,0.04,109342280.0,35269389.0,3.1,Normal,Transition Zone,21.515,35.5,40.0,AI / Tech,AI Software & Platforms,Review,True
2026-07-30,High Conviction Early Play,2,NVO,Novo Nordisk A/S,,0.62,,0.22,10,Sehr gut,10,Hoch,32.0,51.61000061035156,0.25,0.06,0.02,0.1,0.12,10562597.0,8859250.0,1.19,Normal,Watchlist Zone,24.375,32.0,32.0,Healthcare,Pharma,Attraktiv,True
2026-07-31,Ranking Attraktiv,1,ZBRA,Zebra Technologies Corporation,,0.63,,0.29,8,Sehr gut,3,Niedrig,8.0,293.82000732421875,0.25,0.1,0.09,0.16,0.19,965391.0,683070.0,1.41,Normal,Watchlist Zone,20.375,20.5,11.0,AI / Tech,AI Networking,Attraktiv,False
2026-07-31,Ranking Attraktiv,2,TRV,"The Travelers Companies, Inc.",,0.84,,0.23,7,Gut,5,Mittel,7.0,374.3599853515625,0.67,0.09,0.1,0.14,0.25,1298848.0,2102982.0,0.62,Normal,Hold Zone,17.505,19.0,20.0,Finance,Insurance,Attraktiv,False
2026-07-31,Ranking Attraktiv,3,CSCO,"Cisco Systems, Inc.",,0.79,,0.27,6,Gut,5,Mittel,6.0,115.98999786376952,0.58,0.03,0.02,-0.01,0.31,18798354.0,20716798.0,0.91,Normal,Hold Zone,13.87,23.5,12.0,AI / Tech,AI Networking,Attraktiv,False
2026-07-31,Ranking Attraktiv,4,TAK,Takeda Pharmaceutical Company L,,0.69,,0.03,6,Gut,2,Niedrig,6.0,17.09000015258789,0.39,0.02,0.01,0.05,0.05,4108357.0,3919273.0,1.05,Normal,Watchlist Zone,14.585,11.0,8.0,Healthcare,Pharma,Attraktiv,False
2026-07-31,Ranking Attraktiv,5,HIG,"The Hartford Insurance Group, I",,0.85,,0.05,6,Gut,6,Mittel,6.0,141.91000366210938,0.7,0.03,0.03,0.05,0.06,777767.0,1661183.0,0.47,Normal,Hold Zone,13.05,20.0,24.0,Finance,Insurance,Attraktiv,False
2026-07-31,Ranking Attraktiv,6,WPC,W. P. Carey Inc. REIT,,0.78,,0.03,6,Gut,8,Hoch,6.0,73.5999984741211,0.56,0.03,0.04,0.0,0.07,773112.0,1417776.0,0.55,Normal,Hold Zone,14.84,27.0,25.0,Real Assets,Real Estate (REITs),Attraktiv,True
2026-07-31,Ranking Attraktiv,7,REXR,"Rexford Industrial Realty, Inc.",,0.56,,0.08,5,Neutral,0,Niedrig,5.0,37.77000045776367,0.11,0.1,0.1,0.08,0.03,1936200.0,3008205.0,0.64,Normal,Watchlist Zone,16.665,9.0,17.0,Real Assets,Real Estate (REITs),Attraktiv,False
2026-07-31,Ranking Attraktiv,8,S,"SentinelOne, Inc.",,0.81,,0.28,5,Neutral,2,Niedrig,5.0,19.059999465942383,0.63,0.09,0.05,0.1,0.23,5373133.0,7194502.0,0.75,Normal,Hold Zone,15.445,15.5,8.0,AI / Tech,Cybersecurity,Attraktiv,False
2026-07-31,Ranking Attraktiv,9,PLD,"Prologis, Inc.",,0.84,,0.03,5,Neutral,5,Mittel,5.0,144.61000061035156,0.67,0.04,0.03,0.01,0.08,2073285.0,4356789.0,0.48,Normal,Hold Zone,12.505,17.0,19.0,Real Assets,Real Estate (REITs),Attraktiv,False
2026-07-31,Ranking Attraktiv,10,CVX,Chevron Corporation,,0.77,,0.04,4,Neutral,2,Niedrig,4.0,196.8300018310547,0.54,0.16,0.17,0.08,0.14,9899550.0,7589398.0,1.3,Normal,Hold Zone,11.81,9.0,19.0,Energy,Oil & Gas,Attraktiv,False
2026-07-31,Ranking Attraktiv,11,XOM,ExxonMobil Holdings Corporation,,0.73,,0.02,4,Neutral,2,Niedrig,4.0,155.44000244140625,0.46,0.13,0.14,0.06,0.13,11761157.0,14385823.0,0.82,Normal,Hold Zone,11.69,9.0,14.0,Energy,Oil & Gas,Attraktiv,False
2026-07-31,Ranking Attraktiv,12,RHHBY,Roche Holding Ltd,,0.81,,0.07,4,Neutral,3,Niedrig,4.0,54.63999938964844,0.62,0.03,0.06,0.05,0.09,212989.0,1988809.0,0.11,Normal,Hold Zone,12.93,12.0,18.0,Healthcare,Pharma,Attraktiv,False
2026-07-31,Short Term Top 8,1,MSFT,Microsoft Corporation,,0.57,,0.12,10,Sehr gut,9,Hoch,24.225,464.7200012207031,0.15,0.19,0.2,0.16,0.08,56468734.0,36027302.0,1.57,Normal,Watchlist Zone,24.225,34.5,35.0,Consumer & Retail,Gaming & Entertainment,Review,True
2026-07-31,Short Term Top 8,2,LMT,Lockheed Martin Corporation,,0.63,,0.14,9,Sehr gut,5,Mittel,22.89,582.739990234375,0.26,0.07,0.08,0.1,0.08,1418085.0,1199499.0,1.18,Normal,Watchlist Zone,22.89,22.0,25.0,Mobility & Transport Tech,Space,Review,False
2026-07-31,Short Term Top 8,3,BLK,"BlackRock, Inc.",,0.62,,0.03,9,Sehr gut,9,Hoch,21.86,1090.3900146484375,0.24,0.1,0.08,0.06,0.04,374905.0,792950.0,0.47,Normal,Watchlist Zone,21.86,30.0,27.0,Finance,Asset Management,Hold,True
2026-07-31,Short Term Top 8,4,PAYX,"Paychex, Inc.",,0.62,,0.29,9,Sehr gut,7,Mittel,21.845,116.83999633789062,0.23,0.11,0.12,0.13,0.16,3286009.0,3243600.0,1.01,Normal,Watchlist Zone,21.845,26.0,17.0,Finance,Fintech,Hold,False
2026-07-31,Short Term Top 8,5,BDX,"Becton, Dickinson and Company",,0.68,,0.12,8,Sehr gut,3,Niedrig,21.525,165.6199951171875,0.35,0.05,0.06,0.09,0.08,1283378.0,1694944.0,0.76,Normal,Watchlist Zone,21.525,17.0,18.0,Healthcare,Medtech,Review,False
2026-07-31,Short Term Top 8,6,ZBRA,Zebra Technologies Corporation,,0.63,,0.29,8,Sehr gut,3,Niedrig,20.375,293.82000732421875,0.25,0.1,0.09,0.16,0.19,965391.0,683070.0,1.41,Normal,Watchlist Zone,20.375,20.5,11.0,AI / Tech,AI Networking,Attraktiv,False
2026-07-31,Short Term Top 8,7,HMC,"Honda Motor Company, Ltd.",,0.59,,0.25,8,Sehr gut,3,Niedrig,20.27,30.11000061035156,0.18,0.07,0.02,0.09,0.07,1204796.0,1152235.0,1.05,Normal,Watchlist Zone,20.27,16.0,13.0,Mobility & Transport Tech,Electric Vehicles,Review,False
2026-07-31,Short Term Top 8,8,ZBH,"Zimmer Biomet Holdings, Inc.",,0.53,,0.14,8,Sehr gut,5,Mittel,20.09,93.93000030517578,0.06,0.07,0.05,0.06,0.04,2268605.0,2228625.0,1.02,Normal,Transition Zone,20.09,22.0,28.0,Healthcare,Medtech,Review,False
2026-07-31,Long Term Entry Top 8,1,MSFT,Microsoft Corporation,,0.57,,0.12,10,Sehr gut,9,Hoch,34.5,464.7200012207031,0.15,0.19,0.2,0.16,0.08,56468734.0,36027302.0,1.57,Normal,Watchlist Zone,24.225,34.5,35.0,AI / Tech,AI Software & Platforms,Review,True
2026-07-31,Long Term Entry Top 8,2,AVGO,Broadcom Inc.,,0.51,,-0.07,6,Gut,10,Hoch,32.5,389.2799987792969,0.02,0.08,0.04,-0.01,0.07,18487399.0,20493970.0,0.9,Normal,Transition Zone,13.03,32.5,33.0,AI / Tech,AI Compute,Review,False
2026-07-31,Long Term Entry Top 8,3,INCY,Incyte Corporation,,0.78,,0.23,8,Sehr gut,10,Hoch,32.0,119.5199966430664,0.56,0.02,0.03,0.1,0.18,1823317.0,1905001.0,0.96,Normal,Hold Zone,18.84,32.0,30.0,Healthcare,Biotech,Hold,True
2026-07-31,Long Term Entry Top 8,4,BLK,"BlackRock, Inc.",,0.62,,0.03,9,Sehr gut,9,Hoch,30.0,1090.3900146484375,0.24,0.1,0.08,0.06,0.04,374905.0,792950.0,0.47,Normal,Watchlist Zone,21.86,30.0,27.0,Finance,Asset Management,Hold,True
2026-07-31,Long Term Entry Top 8,5,ANET,"Arista Networks, Inc.",,0.87,,0.04,5,Neutral,8,Hoch,28.5,180.3500061035156,0.75,0.13,0.04,0.08,0.24,8464295.0,7450510.0,1.14,Normal,Upper Range,10.625,28.5,29.0,AI / Tech,AI Networking,Hold,True
2026-07-31,Long Term Entry Top 8,6,BX,Blackstone Inc.,,0.32,,0.02,4,Neutral,10,Hoch,27.0,127.75,-0.36,0.04,0.04,0.05,-0.02,4893106.0,4834365.0,1.01,Normal,Weak Zone,7.0,27.0,35.0,Finance,Asset Management,Review,True
2026-07-31,Long Term Entry Top 8,7,WPC,W. P. Carey Inc. REIT,,0.78,,0.03,6,Gut,8,Hoch,27.0,73.5999984741211,0.56,0.03,0.04,0.0,0.07,773112.0,1417776.0,0.55,Normal,Hold Zone,14.84,27.0,25.0,Real Assets,Real Estate (REITs),Attraktiv,True
2026-07-31,Long Term Entry Top 8,8,NTDOY,"Nintendo Co., Ltd.",,0.11,,-0.02,2,Riskant,9,Hoch,26.5,11.84000015258789,-0.77,0.07,0.09,0.07,-0.21,160569.0,5403223.0,0.03,Normal,Weak Zone,2.0,26.5,30.0,Consumer & Retail,Gaming & Entertainment,Avoid,False
2026-07-31,Early Play,1,MSFT,Microsoft Corporation,,0.57,,0.12,10,Sehr gut,9,Hoch,35.0,464.7200012207031,0.15,0.19,0.2,0.16,0.08,56468734.0,36027302.0,1.57,Normal,Watchlist Zone,24.225,34.5,35.0,AI / Tech,AI Software & Platforms,Review,True
2026-07-31,Early Play,2,ARES,Ares Management Corporation,,0.36,,0.09,5,Neutral,7,Mittel,34.0,128.08999633789062,-0.27,0.1,0.05,0.04,-0.03,2832771.0,2013319.0,1.41,Normal,Transition Zone,13.5,21.0,34.0,Finance,Asset Management,Review,False
2026-07-31,Early Play,3,SONY,Sony Group Corporation,,0.36,,0.18,5,Neutral,3,Niedrig,28.0,23.26000022888184,-0.28,0.12,0.1,0.09,-0.01,9664398.0,5310145.0,1.82,Normal,Transition Zone,13.5,16.5,28.0,Consumer & Retail,Gaming & Entertainment,Review,False
2026-07-31,Early Play,4,MDT,Medtronic plc.,,0.41,,0.08,6,Gut,5,Mittel,28.0,85.38999938964844,-0.18,0.03,0.03,0.06,-0.04,9602593.0,7607830.0,1.26,Normal,Transition Zone,15.0,18.0,28.0,Healthcare,Medtech,Review,False
2026-07-31,Early Play,5,SYK,Stryker Corporation,,0.4,,0.11,7,Gut,6,Mittel,26.0,325.70001220703125,-0.19,-0.0,0.0,0.03,-0.05,3965292.0,2447735.0,1.62,Normal,Transition Zone,16.5,18.0,26.0,Healthcare,Medtech,Review,False
2026-07-31,Early Play,6,LMT,Lockheed Martin Corporation,,0.63,,0.14,9,Sehr gut,5,Mittel,25.0,582.739990234375,0.26,0.07,0.08,0.1,0.08,1418085.0,1199499.0,1.18,Normal,Watchlist Zone,22.89,22.0,25.0,Mobility & Transport Tech,Space,Review,False
2026-07-31,Early Play,7,U,Unity Software Inc.,,0.42,,0.17,5,Neutral,2,Niedrig,24.0,31.709999084472656,-0.16,0.08,0.07,0.09,0.01,11559306.0,7252830.0,1.59,Normal,Transition Zone,15.5,14.5,24.0,Consumer & Retail,Gaming & Entertainment,Review,False
2026-07-31,Early Play,8,AAPL,Apple Inc.,,0.75,,0.1,6,Gut,8,Hoch,24.0,308.9100036621094,0.5,0.0,-0.01,-0.0,0.11,127398021.0,53412656.0,2.39,Normal,Hold Zone,15.75,30.5,24.0,Healthcare,AI in Healthcare,Review,False
2026-07-31,High Conviction Early Play,1,MSFT,Microsoft Corporation,,0.57,,0.12,10,Sehr gut,9,Hoch,35.0,464.7200012207031,0.15,0.19,0.2,0.16,0.08,56468734.0,36027302.0,1.57,Normal,Watchlist Zone,24.225,34.5,35.0,AI / Tech,AI Software & Platforms,Review,True
2026-08-01,Ranking Attraktiv,1,ZBRA,Zebra Technologies Corporation,,0.63,,0.29,8,Sehr gut,3,Niedrig,8.0,293.82000732421875,0.25,0.1,0.09,0.16,0.19,976900.0,683645.0,1.43,Normal,Watchlist Zone,20.375,20.5,11.0,AI / Tech,AI Networking,Attraktiv,False
2026-08-01,Ranking Attraktiv,2,TRV,"The Travelers Companies, Inc.",,0.84,,0.23,7,Gut,5,Mittel,7.0,374.3599853515625,0.67,0.09,0.1,0.14,0.25,1840600.0,2130070.0,0.86,Normal,Hold Zone,17.505,19.0,21.0,Finance,Insurance,Attraktiv,False
2026-08-01,Ranking Attraktiv,3,CSCO,"Cisco Systems, Inc.",,0.79,,0.27,6,Gut,5,Mittel,6.0,115.98999786376952,0.58,0.03,0.02,-0.01,0.31,18801400.0,20716950.0,0.91,Normal,Hold Zone,13.87,23.5,12.0,AI / Tech,AI Networking,Attraktiv,False
2026-08-01,Ranking Attraktiv,4,TAK,Takeda Pharmaceutical Company L,,0.69,,0.03,6,Gut,2,Niedrig,6.0,17.09000015258789,0.39,0.02,0.01,0.05,0.05,4109300.0,3919320.0,1.05,Normal,Watchlist Zone,14.585,11.0,8.0,Healthcare,Pharma,Attraktiv,False
2026-08-01,Ranking Attraktiv,5,CVX,Chevron Corporation,,0.77,,0.04,6,Gut,6,Mittel,6.0,196.8300018310547,0.54,0.16,0.17,0.08,0.14,9928700.0,7590855.0,1.31,Normal,Hold Zone,14.81,19.0,27.0,Energy,Oil & Gas,Attraktiv,False
2026-08-01,Ranking Attraktiv,6,HIG,"The Hartford Insurance Group, I",,0.85,,0.05,6,Gut,6,Mittel,6.0,141.91000366210938,0.7,0.03,0.03,0.05,0.06,1131200.0,1678855.0,0.67,Normal,Hold Zone,13.05,20.0,24.0,Finance,Insurance,Attraktiv,False
2026-08-01,Ranking Attraktiv,7,WPC,W. P. Carey Inc. REIT,,0.78,,0.03,6,Gut,8,Hoch,6.0,73.5999984741211,0.56,0.03,0.04,0.0,0.07,1231000.0,1440670.0,0.85,Normal,Hold Zone,14.84,27.0,26.0,Real Assets,Real Estate (REITs),Attraktiv,True
2026-08-01,Ranking Attraktiv,8,REXR,"Rexford Industrial Realty, Inc.",,0.56,,0.08,5,Neutral,0,Niedrig,5.0,37.77000045776367,0.11,0.1,0.1,0.08,0.03,2788000.0,3050795.0,0.91,Normal,Watchlist Zone,16.665,9.0,18.0,Real Assets,Real Estate (REITs),Attraktiv,False
2026-08-01,Ranking Attraktiv,9,S,"SentinelOne, Inc.",,0.81,,0.28,5,Neutral,2,Niedrig,5.0,19.059999465942383,0.63,0.09,0.05,0.1,0.23,5375600.0,7194625.0,0.75,Normal,Hold Zone,15.445,15.5,8.0,AI / Tech,Cybersecurity,Attraktiv,False
2026-08-01,Ranking Attraktiv,10,PLD,"Prologis, Inc.",,0.84,,0.03,5,Neutral,5,Mittel,5.0,144.61000061035156,0.67,0.04,0.03,0.01,0.08,3234500.0,4414850.0,0.73,Normal,Hold Zone,12.505,17.0,19.0,Real Assets,Real Estate (REITs),Attraktiv,False
2026-08-01,Ranking Attraktiv,11,XOM,ExxonMobil Holdings Corporation,,0.73,,0.02,4,Neutral,2,Niedrig,4.0,155.44000244140625,0.46,0.13,0.14,0.06,0.13,15669200.0,14581225.0,1.07,Normal,Hold Zone,11.69,9.0,14.0,Energy,Oil & Gas,Attraktiv,False
2026-08-01,Ranking Attraktiv,12,RHHBY,Roche Holding Ltd,,0.81,,0.07,4,Neutral,3,Niedrig,4.0,54.66999816894531,0.62,0.03,0.06,0.06,0.09,1112500.0,2033785.0,0.55,Normal,Hold Zone,12.93,12.0,18.0,Healthcare,Pharma,Attraktiv,False
2026-08-01,Short Term Top 8,1,MSFT,Microsoft Corporation,,0.57,,0.12,10,Sehr gut,9,Hoch,24.225,464.7200012207031,0.15,0.19,0.2,0.16,0.08,60748000.0,36241265.0,1.68,Normal,Watchlist Zone,24.225,34.5,35.0,AI / Tech,AI Software & Platforms,Review,True
2026-08-01,Short Term Top 8,2,LMT,Lockheed Martin Corporation,,0.63,,0.14,9,Sehr gut,5,Mittel,22.89,582.739990234375,0.26,0.07,0.08,0.1,0.08,1422900.0,1199740.0,1.19,Normal,Watchlist Zone,22.89,22.0,25.0,Industrials,Defense,Review,False
2026-08-01,Short Term Top 8,3,BLK,"BlackRock, Inc.",,0.62,,0.03,9,Sehr gut,9,Hoch,21.86,1090.3900146484375,0.24,0.1,0.08,0.06,0.04,378200.0,793115.0,0.48,Normal,Watchlist Zone,21.86,30.0,27.0,Finance,Asset Management,Hold,True
2026-08-01,Short Term Top 8,4,PAYX,"Paychex, Inc.",,0.62,,0.29,9,Sehr gut,7,Mittel,21.845,116.83999633789062,0.23,0.11,0.12,0.13,0.16,3286400.0,3243620.0,1.01,Normal,Watchlist Zone,21.845,26.0,17.0,Finance,Fintech,Review,False
2026-08-01,Short Term Top 8,5,BDX,"Becton, Dickinson and Company",,0.68,,0.12,8,Sehr gut,3,Niedrig,21.525,165.6199951171875,0.35,0.05,0.06,0.09,0.08,2024700.0,1732010.0,1.17,Normal,Watchlist Zone,21.525,17.0,21.0,Healthcare,Medtech,Review,False
2026-08-01,Short Term Top 8,6,ZBRA,Zebra Technologies Corporation,,0.63,,0.29,8,Sehr gut,3,Niedrig,20.375,293.82000732421875,0.25,0.1,0.09,0.16,0.19,976900.0,683645.0,1.43,Normal,Watchlist Zone,20.375,20.5,11.0,AI / Tech,AI Networking,Attraktiv,False
2026-08-01,Short Term Top 8,7,ZBH,"Zimmer Biomet Holdings, Inc.",,0.53,,0.14,8,Sehr gut,5,Mittel,20.09,93.93000030517578,0.06,0.07,0.05,0.06,0.04,2772700.0,2253830.0,1.23,Normal,Transition Zone,20.09,22.0,30.0,Healthcare,Medtech,Review,False
2026-08-01,Short Term Top 8,8,F,Ford Motor Company,,0.59,,0.25,7,Gut,2,Niedrig,19.77,14.68000030517578,0.18,0.1,0.06,0.01,0.12,55987100.0,55109335.0,1.02,Normal,Watchlist Zone,19.77,14.0,14.0,Mobility & Transport Tech,Electric Vehicles,Review,False
2026-08-01,Long Term Entry Top 8,1,MSFT,Microsoft Corporation,,0.57,,0.12,10,Sehr gut,9,Hoch,34.5,464.7200012207031,0.15,0.19,0.2,0.16,0.08,60748000.0,36241265.0,1.68,Normal,Watchlist Zone,24.225,34.5,35.0,AI / Tech,AI Software & Platforms,Review,True
2026-08-01,Long Term Entry Top 8,2,AVGO,Broadcom Inc.,,0.51,,-0.07,6,Gut,10,Hoch,32.5,389.2799987792969,0.02,0.08,0.04,-0.01,0.07,20362700.0,20587735.0,0.99,Normal,Transition Zone,13.03,32.5,33.0,AI / Tech,AI Compute,Review,False
2026-08-01,Long Term Entry Top 8,3,INCY,Incyte Corporation,,0.78,,0.23,8,Sehr gut,10,Hoch,32.0,119.5199966430664,0.56,0.02,0.03,0.1,0.18,1829900.0,1905330.0,0.96,Normal,Hold Zone,18.84,32.0,30.0,Healthcare,Biotech,Hold,True
2026-08-01,Long Term Entry Top 8,4,BLK,"BlackRock, Inc.",,0.62,,0.03,9,Sehr gut,9,Hoch,30.0,1090.3900146484375,0.24,0.1,0.08,0.06,0.04,378200.0,793115.0,0.48,Normal,Watchlist Zone,21.86,30.0,27.0,Finance,Asset Management,Hold,True
2026-08-01,Long Term Entry Top 8,5,ANET,"Arista Networks, Inc.",,0.87,,0.04,5,Neutral,8,Hoch,28.5,180.3500061035156,0.75,0.13,0.04,0.08,0.24,8467900.0,7450690.0,1.14,Normal,Upper Range,10.625,28.5,29.0,AI / Tech,AI Networking,Hold,True
2026-08-01,Long Term Entry Top 8,6,WPC,W. P. Carey Inc. REIT,,0.78,,0.03,6,Gut,8,Hoch,27.0,73.5999984741211,0.56,0.03,0.04,0.0,0.07,1231000.0,1440670.0,0.85,Normal,Hold Zone,14.84,27.0,26.0,Real Assets,Real Estate (REITs),Attraktiv,True
2026-08-01,Long Term Entry Top 8,7,BX,Blackstone Inc.,,0.32,,0.02,4,Neutral,10,Hoch,27.0,127.75,-0.36,0.04,0.04,0.05,-0.02,4894700.0,4834445.0,1.01,Normal,Weak Zone,7.0,27.0,35.0,Finance,Asset Management,Review,True
2026-08-01,Long Term Entry Top 8,8,NTDOY,"Nintendo Co., Ltd.",,0.11,,-0.02,2,Riskant,9,Hoch,26.5,11.81999969482422,-0.78,0.07,0.08,0.07,-0.21,1274700.0,5458930.0,0.23,Normal,Weak Zone,2.0,26.5,30.0,Consumer & Retail,Gaming & Entertainment,Avoid,False
2026-08-01,Early Play,1,ARES,Ares Management Corporation,,0.36,,0.09,5,Neutral,7,Mittel,38.0,128.08999633789062,-0.27,0.1,0.05,0.04,-0.03,4177600.0,2080560.0,2.01,Normal,Transition Zone,13.5,21.0,38.0,Finance,Asset Management,Review,False
2026-08-01,Early Play,2,MSFT,Microsoft Corporation,,0.57,,0.12,10,Sehr gut,9,Hoch,35.0,464.7200012207031,0.15,0.19,0.2,0.16,0.08,60748000.0,36241265.0,1.68,Normal,Watchlist Zone,24.225,34.5,35.0,AI / Tech,AI Software & Platforms,Review,True
2026-08-01,Early Play,3,SONY,Sony Group Corporation,,0.36,,0.18,6,Gut,5,Mittel,32.0,23.26000022888184,-0.28,0.12,0.1,0.09,-0.01,9669800.0,5310415.0,1.82,Normal,Transition Zone,15.0,22.5,32.0,Consumer & Retail,Gaming & Entertainment,Review,False
2026-08-01,Early Play,4,ZBH,"Zimmer Biomet Holdings, Inc.",,0.53,,0.14,8,Sehr gut,5,Mittel,30.0,93.93000030517578,0.06,0.07,0.05,0.06,0.04,2772700.0,2253830.0,1.23,Normal,Transition Zone,20.09,22.0,30.0,Healthcare,Medtech,Review,False
2026-08-01,Early Play,5,MDT,Medtronic plc.,,0.41,,0.08,6,Gut,5,Mittel,28.0,85.38999938964844,-0.18,0.03,0.03,0.06,-0.04,9603100.0,7607855.0,1.26,Normal,Transition Zone,15.0,18.0,28.0,Healthcare,Medtech,Review,False
2026-08-01,Early Play,6,VEEV,Veeva Systems Inc.,,0.34,,0.19,3,Riskant,5,Mittel,28.0,203.77999877929688,-0.31,0.06,0.06,0.14,-0.0,1884300.0,1560565.0,1.21,Normal,Weak Zone,5.5,20.5,28.0,Healthcare,AI in Healthcare,Review,False
2026-08-01,Early Play,7,CVX,Chevron Corporation,,0.77,,0.04,6,Gut,6,Mittel,27.0,196.8300018310547,0.54,0.16,0.17,0.08,0.14,9928700.0,7590855.0,1.31,Normal,Hold Zone,14.81,19.0,27.0,Energy,Oil & Gas,Attraktiv,False
2026-08-01,Early Play,8,SYK,Stryker Corporation,,0.4,,0.11,7,Gut,6,Mittel,26.0,325.70001220703125,-0.19,-0.0,0.0,0.03,-0.05,4535900.0,2476265.0,1.83,Normal,Transition Zone,16.5,18.0,26.0,Healthcare,Medtech,Review,False
2026-08-01,High Conviction Early Play,1,MSFT,Microsoft Corporation,,0.57,,0.12,10,Sehr gut,9,Hoch,35.0,464.7200012207031,0.15,0.19,0.2,0.16,0.08,60748000.0,36241265.0,1.68,Normal,Watchlist Zone,24.225,34.5,35.0,AI / Tech,AI Software & Platforms,Review,True
2026-08-02,Ranking Attraktiv,1,ZBRA,Zebra Technologies Corporation,,0.63,,0.29,8,Sehr gut,3,Niedrig,8.0,293.82000732421875,0.25,0.1,0.09,0.16,0.19,976900.0,683645.0,1.43,Normal,Watchlist Zone,20.375,20.5,11.0,AI / Tech,AI Networking,Attraktiv,False
2026-08-02,Ranking Attraktiv,2,TRV,"The Travelers Companies, Inc.",,0.84,,0.23,7,Gut,5,Mittel,7.0,374.3599853515625,0.67,0.09,0.1,0.14,0.25,1840600.0,2130070.0,0.86,Normal,Hold Zone,17.505,19.0,21.0,Finance,Insurance,Attraktiv,False
2026-08-02,Ranking Attraktiv,3,CSCO,"Cisco Systems, Inc.",,0.79,,0.27,6,Gut,5,Mittel,6.0,115.98999786376952,0.58,0.03,0.02,-0.01,0.31,18801400.0,20716950.0,0.91,Normal,Hold Zone,13.87,23.5,12.0,AI / Tech,AI Networking,Attraktiv,False
2026-08-02,Ranking Attraktiv,4,CVX,Chevron Corporation,,0.77,,0.04,6,Gut,6,Mittel,6.0,196.8300018310547,0.54,0.16,0.17,0.08,0.14,9928700.0,7590855.0,1.31,Normal,Hold Zone,14.81,19.0,27.0,Energy,Oil & Gas,Attraktiv,False
2026-08-02,Ranking Attraktiv,5,XOM,ExxonMobil Holdings Corporation,,0.73,,0.02,6,Gut,6,Mittel,6.0,155.44000244140625,0.46,0.13,0.14,0.06,0.13,15669200.0,14581225.0,1.07,Normal,Hold Zone,14.69,19.0,22.0,Energy,Oil & Gas,Attraktiv,False
2026-08-02,Ranking Attraktiv,6,HIG,"The Hartford Insurance Group, I",,0.85,,0.05,6,Gut,6,Mittel,6.0,141.91000366210938,0.7,0.03,0.03,0.05,0.06,1131200.0,1678855.0,0.67,Normal,Hold Zone,13.05,20.0,24.0,Finance,Insurance,Attraktiv,False
2026-08-02,Ranking Attraktiv,7,TAK,Takeda Pharmaceutical Company L,,0.69,,0.03,6,Gut,2,Niedrig,6.0,17.09000015258789,0.39,0.02,0.01,0.05,0.05,4109300.0,3919320.0,1.05,Normal,Watchlist Zone,14.585,11.0,8.0,Healthcare,Pharma,Attraktiv,False
2026-08-02,Ranking Attraktiv,8,WPC,W. P. Carey Inc. REIT,,0.78,,0.03,6,Gut,8,Hoch,6.0,73.5999984741211,0.56,0.03,0.04,0.0,0.07,1231000.0,1440670.0,0.85,Normal,Hold Zone,14.84,27.0,26.0,Real Assets,Real Estate (REITs),Attraktiv,True
2026-08-02,Ranking Attraktiv,9,S,"SentinelOne, Inc.",,0.81,,0.28,5,Neutral,2,Niedrig,5.0,19.059999465942383,0.63,0.09,0.05,0.1,0.23,5375600.0,7194625.0,0.75,Normal,Hold Zone,15.445,15.5,8.0,AI / Tech,Cybersecurity,Attraktiv,False
2026-08-02,Ranking Attraktiv,10,REXR,"Rexford Industrial Realty, Inc.",,0.56,,0.08,5,Neutral,0,Niedrig,5.0,37.77000045776367,0.11,0.1,0.1,0.08,0.03,2788000.0,3050795.0,0.91,Normal,Watchlist Zone,16.665,9.0,18.0,Real Assets,Real Estate (REITs),Attraktiv,False
2026-08-02,Ranking Attraktiv,11,PLD,"Prologis, Inc.",,0.84,,0.03,5,Neutral,5,Mittel,5.0,144.61000061035156,0.67,0.04,0.03,0.01,0.08,3234500.0,4414850.0,0.73,Normal,Hold Zone,12.505,17.0,19.0,Real Assets,Real Estate (REITs),Attraktiv,False
2026-08-02,Ranking Attraktiv,12,RHHBY,Roche Holding Ltd,,0.81,,0.07,4,Neutral,3,Niedrig,4.0,54.66999816894531,0.62,0.03,0.06,0.06,0.09,1112500.0,2033785.0,0.55,Normal,Hold Zone,12.93,12.0,18.0,Healthcare,Pharma,Attraktiv,False
2026-08-02,Short Term Top 8,1,MSFT,Microsoft Corporation,,0.57,,0.12,10,Sehr gut,9,Hoch,24.225,464.7200012207031,0.15,0.19,0.2,0.16,0.08,60748000.0,36241265.0,1.68,Normal,Watchlist Zone,24.225,34.5,35.0,AI / Tech,AI Software & Platforms,Review,True
2026-08-02,Short Term Top 8,2,LMT,Lockheed Martin Corporation,,0.63,,0.14,9,Sehr gut,5,Mittel,22.89,582.739990234375,0.26,0.07,0.08,0.1,0.08,1422900.0,1199740.0,1.19,Normal,Watchlist Zone,22.89,22.0,25.0,Industrials,Defense,Review,False
2026-08-02,Short Term Top 8,3,BLK,"BlackRock, Inc.",,0.62,,0.03,9,Sehr gut,9,Hoch,21.86,1090.3900146484375,0.24,0.1,0.08,0.06,0.04,378200.0,793115.0,0.48,Normal,Watchlist Zone,21.86,30.0,27.0,Finance,Asset Management,Hold,True
2026-08-02,Short Term Top 8,4,PAYX,"Paychex, Inc.",,0.62,,0.29,9,Sehr gut,7,Mittel,21.845,116.83999633789062,0.23,0.11,0.12,0.13,0.16,3286400.0,3243620.0,1.01,Normal,Watchlist Zone,21.845,26.0,17.0,Finance,Fintech,Review,False
2026-08-02,Short Term Top 8,5,BDX,"Becton, Dickinson and Company",,0.68,,0.12,8,Sehr gut,3,Niedrig,21.525,165.6199951171875,0.35,0.05,0.06,0.09,0.08,2024700.0,1732010.0,1.17,Normal,Watchlist Zone,21.525,17.0,21.0,Healthcare,Medtech,Review,False
2026-08-02,Short Term Top 8,6,ZBRA,Zebra Technologies Corporation,,0.63,,0.29,8,Sehr gut,3,Niedrig,20.375,293.82000732421875,0.25,0.1,0.09,0.16,0.19,976900.0,683645.0,1.43,Normal,Watchlist Zone,20.375,20.5,11.0,AI / Tech,AI Networking,Attraktiv,False
2026-08-02,Short Term Top 8,7,ZBH,"Zimmer Biomet Holdings, Inc.",,0.53,,0.14,8,Sehr gut,5,Mittel,20.09,93.93000030517578,0.06,0.07,0.05,0.06,0.04,2772700.0,2253830.0,1.23,Normal,Transition Zone,20.09,22.0,30.0,Healthcare,Medtech,Review,False
2026-08-02,Short Term Top 8,8,F,Ford Motor Company,,0.59,,0.25,7,Gut,2,Niedrig,19.77,14.68000030517578,0.18,0.1,0.06,0.01,0.12,55987100.0,55109335.0,1.02,Normal,Watchlist Zone,19.77,14.0,14.0,Mobility & Transport Tech,Electric Vehicles,Review,False
2026-08-02,Long Term Entry Top 8,1,MSFT,Microsoft Corporation,,0.57,,0.12,10,Sehr gut,9,Hoch,34.5,464.7200012207031,0.15,0.19,0.2,0.16,0.08,60748000.0,36241265.0,1.68,Normal,Watchlist Zone,24.225,34.5,35.0,AI / Tech,Cloud Infrastructure,Hold,True
2026-08-02,Long Term Entry Top 8,2,AVGO,Broadcom Inc.,,0.51,,-0.07,6,Gut,10,Hoch,32.5,389.2799987792969,0.02,0.08,0.04,-0.01,0.07,20362700.0,20587735.0,0.99,Normal,Transition Zone,13.03,32.5,33.0,AI / Tech,AI Compute,Review,False
2026-08-02,Long Term Entry Top 8,3,INCY,Incyte Corporation,,0.78,,0.23,8,Sehr gut,10,Hoch,32.0,119.5199966430664,0.56,0.02,0.03,0.1,0.18,1829900.0,1905330.0,0.96,Normal,Hold Zone,18.84,32.0,30.0,Healthcare,Biotech,Hold,True
2026-08-02,Long Term Entry Top 8,4,BLK,"BlackRock, Inc.",,0.62,,0.03,9,Sehr gut,9,Hoch,30.0,1090.3900146484375,0.24,0.1,0.08,0.06,0.04,378200.0,793115.0,0.48,Normal,Watchlist Zone,21.86,30.0,27.0,Finance,Asset Management,Hold,True
2026-08-02,Long Term Entry Top 8,5,ANET,"Arista Networks, Inc.",,0.87,,0.04,5,Neutral,8,Hoch,28.5,180.3500061035156,0.75,0.13,0.04,0.08,0.24,8467900.0,7450690.0,1.14,Normal,Upper Range,10.625,28.5,29.0,AI / Tech,AI Networking,Hold,True
2026-08-02,Long Term Entry Top 8,6,BX,Blackstone Inc.,,0.32,,0.02,4,Neutral,10,Hoch,27.0,127.75,-0.36,0.04,0.04,0.05,-0.02,4894700.0,4834445.0,1.01,Normal,Weak Zone,7.0,27.0,35.0,Finance,Asset Management,Review,True
2026-08-02,Long Term Entry Top 8,7,WPC,W. P. Carey Inc. REIT,,0.78,,0.03,6,Gut,8,Hoch,27.0,73.5999984741211,0.56,0.03,0.04,0.0,0.07,1231000.0,1440670.0,0.85,Normal,Hold Zone,14.84,27.0,26.0,Real Assets,Real Estate (REITs),Attraktiv,True
2026-08-02,Long Term Entry Top 8,8,NTDOY,"Nintendo Co., Ltd.",,0.11,,-0.02,2,Riskant,9,Hoch,26.5,11.81999969482422,-0.78,0.07,0.08,0.07,-0.21,1274700.0,5458930.0,0.23,Normal,Weak Zone,2.0,26.5,30.0,Consumer & Retail,Gaming & Entertainment,Avoid,False
2026-08-02,Early Play,1,MSFT,Microsoft Corporation,,0.57,,0.12,10,Sehr gut,9,Hoch,35.0,464.7200012207031,0.15,0.19,0.2,0.16,0.08,60748000.0,36241265.0,1.68,Normal,Watchlist Zone,24.225,34.5,35.0,AI / Tech,AI Software & Platforms,Review,True
2026-08-02,Early Play,2,ARES,Ares Management Corporation,,0.36,,0.09,5,Neutral,5,Mittel,34.0,128.08999633789062,-0.27,0.1,0.05,0.04,-0.03,4177600.0,2080560.0,2.01,Normal,Transition Zone,13.5,17.0,34.0,Finance,Asset Management,Review,False
2026-08-02,Early Play,3,SONY,Sony Group Corporation,,0.36,,0.18,6,Gut,5,Mittel,32.0,23.26000022888184,-0.28,0.12,0.1,0.09,-0.01,9669800.0,5310415.0,1.82,Normal,Transition Zone,15.0,22.5,32.0,Consumer & Retail,Gaming & Entertainment,Review,False
2026-08-02,Early Play,4,ZBH,"Zimmer Biomet Holdings, Inc.",,0.53,,0.14,8,Sehr gut,5,Mittel,30.0,93.93000030517578,0.06,0.07,0.05,0.06,0.04,2772700.0,2253830.0,1.23,Normal,Transition Zone,20.09,22.0,30.0,Healthcare,Medtech,Review,False
2026-08-02,Early Play,5,MDT,Medtronic plc.,,0.41,,0.08,6,Gut,5,Mittel,28.0,85.38999938964844,-0.18,0.03,0.03,0.06,-0.04,9603100.0,7607855.0,1.26,Normal,Transition Zone,15.0,18.0,28.0,Healthcare,Medtech,Review,False
2026-08-02,Early Play,6,VEEV,Veeva Systems Inc.,,0.34,,0.19,3,Riskant,5,Mittel,28.0,203.77999877929688,-0.31,0.06,0.06,0.14,-0.0,1884300.0,1560565.0,1.21,Normal,Weak Zone,5.5,20.5,28.0,Healthcare,AI in Healthcare,Review,False
2026-08-02,Early Play,7,CVX,Chevron Corporation,,0.77,,0.04,6,Gut,6,Mittel,27.0,196.8300018310547,0.54,0.16,0.17,0.08,0.14,9928700.0,7590855.0,1.31,Normal,Hold Zone,14.81,19.0,27.0,Energy,Oil & Gas,Attraktiv,False
2026-08-02,Early Play,8,SYK,Stryker Corporation,,0.4,,0.11,7,Gut,6,Mittel,26.0,325.70001220703125,-0.19,-0.0,0.0,0.03,-0.05,4535900.0,2476265.0,1.83,Normal,Transition Zone,16.5,18.0,26.0,Healthcare,Medtech,Review,False
2026-08-02,High Conviction Early Play,1,MSFT,Microsoft Corporation,,0.57,,0.12,10,Sehr gut,9,Hoch,35.0,464.7200012207031,0.15,0.19,0.2,0.16,0.08,60748000.0,36241265.0,1.68,Normal,Watchlist Zone,24.225,34.5,35.0,AI / Tech,AI Software & Platforms,Review,True
2026-08-03,Ranking Attraktiv,1,WFC,Wells Fargo & Company,,0.63,,0.12,9,Sehr gut,7,Mittel,9.0,87.88999938964844,0.26,0.01,0.01,0.05,0.04,8098437.0,16487852.0,0.49,Normal,Watchlist Zone,20.89,24.0,20.0,Finance,Banks,Attraktiv,False
2026-08-03,Ranking Attraktiv,2,ZBRA,Zebra Technologies Corporation,,0.61,,0.3,8,Sehr gut,3,Niedrig,8.0,291.6400146484375,0.22,0.08,0.1,0.14,0.18,1299982.0,713964.0,1.82,Normal,Watchlist Zone,18.33,21.5,13.0,AI / Tech,AI Networking,Attraktiv,False
2026-08-03,Ranking Attraktiv,3,ALL,Allstate Corporation (The),,0.84,,0.2,7,Gut,5,Mittel,7.0,262.67999267578125,0.68,0.06,0.04,0.11,0.23,952701.0,1586790.0,0.6,Normal,Hold Zone,17.52,19.0,22.0,Finance,Insurance,Attraktiv,False
2026-08-03,Ranking Attraktiv,4,BLK,"BlackRock, Inc.",,0.74,,0.08,7,Gut,9,Hoch,7.0,1126.6300048828125,0.49,0.11,0.12,0.09,0.08,587756.0,791853.0,0.74,Normal,Hold Zone,19.235,30.0,30.0,Finance,Asset Management,Attraktiv,True
2026-08-03,Ranking Attraktiv,5,TRV,"The Travelers Companies, Inc.",,0.83,,0.24,7,Gut,5,Mittel,7.0,373.8200073242188,0.67,0.1,0.09,0.13,0.25,2285489.0,2168649.0,1.05,Normal,Hold Zone,17.505,19.0,21.0,Finance,Insurance,Attraktiv,False
2026-08-03,Ranking Attraktiv,6,APAM,Artisan Partners Asset Manageme,,0.8,,0.17,7,Gut,6,Mittel,7.0,42.11000061035156,0.6,0.16,0.17,0.13,0.1,837851.0,924863.0,0.91,Normal,Hold Zone,17.4,23.0,23.0,Finance,Asset Management,Attraktiv,False
2026-08-03,Ranking Attraktiv,7,CSCO,"Cisco Systems, Inc.",,0.79,,0.26,6,Gut,5,Mittel,6.0,115.86000061035156,0.57,0.02,0.04,-0.01,0.3,16590318.0,20400466.0,0.81,Normal,Hold Zone,14.855,23.5,12.0,AI / Tech,AI Networking,Attraktiv,False
2026-08-03,Ranking Attraktiv,8,APO,"Apollo Global Management, Inc. ",,0.57,,0.01,6,Gut,2,Niedrig,6.0,129.4199981689453,0.15,0.06,0.08,0.03,0.03,3676353.0,3984663.0,0.92,Normal,Watchlist Zone,16.225,13.0,19.0,Finance,Asset Management,Attraktiv,False
2026-08-03,Ranking Attraktiv,9,CVX,Chevron Corporation,,0.72,,0.01,6,Gut,6,Mittel,6.0,193.17999267578125,0.43,0.15,0.11,0.06,0.11,7965535.0,7490417.0,1.06,Normal,Hold Zone,14.645,19.0,22.0,Energy,Oil & Gas,Attraktiv,False
2026-08-03,Ranking Attraktiv,10,XOM,ExxonMobil Holdings Corporation,,0.72,,0.02,6,Gut,6,Mittel,6.0,155.05999755859375,0.45,0.14,0.09,0.06,0.12,14453456.0,14608143.0,0.99,Normal,Hold Zone,14.675,19.0,22.0,Energy,Oil & Gas,Attraktiv,False
2026-08-03,Ranking Attraktiv,11,WPC,W. P. Carey Inc. REIT,,0.73,,0.02,6,Gut,8,Hoch,6.0,72.91000366210938,0.46,0.03,0.02,-0.0,0.06,982926.0,1407806.0,0.7,Normal,Hold Zone,13.69,26.0,22.0,Real Assets,Real Estate (REITs),Attraktiv,True
2026-08-03,Ranking Attraktiv,12,REXR,"Rexford Industrial Realty, Inc.",,0.55,,0.09,5,Neutral,0,Niedrig,5.0,37.68999862670898,0.1,0.1,0.1,0.07,0.03,1604108.0,3020685.0,0.53,Normal,Watchlist Zone,16.65,9.0,17.0,Real Assets,Real Estate (REITs),Attraktiv,False
2026-08-03,Short Term Top 8,1,MSFT,Microsoft Corporation,,0.69,,0.18,9,Sehr gut,8,Hoch,23.07,487.6499938964844,0.38,0.26,0.25,0.22,0.13,61678582.0,37613969.0,1.64,Normal,Watchlist Zone,23.07,32.5,23.0,AI / Tech,Cloud Infrastructure,Hold,True
2026-08-03,Short Term Top 8,2,ZBH,"Zimmer Biomet Holdings, Inc.",,0.64,,0.18,9,Sehr gut,5,Mittel,22.92,96.9800033569336,0.28,0.08,0.08,0.09,0.07,1676935.0,2214042.0,0.76,Normal,Watchlist Zone,22.92,22.0,22.0,Healthcare,Medtech,Review,False
2026-08-03,Short Term Top 8,3,LMT,Lockheed Martin Corporation,,0.64,,0.14,9,Sehr gut,5,Mittel,21.92,586.2899780273438,0.28,0.09,0.1,0.11,0.08,975059.0,1201608.0,0.81,Normal,Watchlist Zone,21.92,22.0,23.0,Industrials,Defense,Review,False
2026-08-03,Short Term Top 8,4,NVDA,NVIDIA Corporation,,0.59,,0.04,9,Sehr gut,10,Hoch,21.77,206.63999938964844,0.18,0.06,0.05,0.0,0.07,127547828.0,129131321.0,0.99,Normal,Watchlist Zone,21.77,36.5,38.0,AI / Tech,AI Compute,Hold,True
2026-08-03,Short Term Top 8,5,WFC,Wells Fargo & Company,,0.63,,0.12,9,Sehr gut,7,Mittel,20.89,87.88999938964844,0.26,0.01,0.01,0.05,0.04,8098437.0,16487852.0,0.49,Normal,Watchlist Zone,20.89,24.0,20.0,Finance,Banks,Attraktiv,False
2026-08-03,Short Term Top 8,6,PCG,Pacific Gas & Electric Co.,,0.68,,0.08,8,Sehr gut,5,Mittel,20.54,17.43000030517578,0.36,0.04,0.01,0.03,0.05,32365494.0,20202130.0,1.6,Normal,Watchlist Zone,20.54,18.0,24.0,Energy,Grid Infrastructure,Hold,False
2026-08-03,Short Term Top 8,7,PAYX,"Paychex, Inc.",,0.65,,0.3,9,Sehr gut,7,Mittel,19.95,117.66999816894533,0.3,0.13,0.1,0.14,0.16,2856359.0,3254918.0,0.88,Normal,Watchlist Zone,19.95,26.0,17.0,Finance,Fintech,Hold,False
2026-08-03,Short Term Top 8,8,BLK,"BlackRock, Inc.",,0.74,,0.08,7,Gut,9,Hoch,19.235,1126.6300048828125,0.49,0.11,0.12,0.09,0.08,587756.0,791853.0,0.74,Normal,Hold Zone,19.235,30.0,30.0,Finance,Asset Management,Attraktiv,True
2026-08-03,Long Term Entry Top 8,1,NVDA,NVIDIA Corporation,,0.59,,0.04,9,Sehr gut,10,Hoch,36.5,206.63999938964844,0.18,0.06,0.05,0.0,0.07,127547828.0,129131321.0,0.99,Normal,Watchlist Zone,21.77,36.5,38.0,AI / Tech,AI Compute,Hold,True
2026-08-03,Long Term Entry Top 8,2,MSFT,Microsoft Corporation,,0.69,,0.18,9,Sehr gut,8,Hoch,32.5,487.6499938964844,0.38,0.26,0.25,0.22,0.13,61678582.0,37613969.0,1.64,Normal,Watchlist Zone,23.07,32.5,23.0,AI / Tech,Cloud Infrastructure,Hold,True
2026-08-03,Long Term Entry Top 8,3,BLK,"BlackRock, Inc.",,0.74,,0.08,7,Gut,9,Hoch,30.0,1126.6300048828125,0.49,0.11,0.12,0.09,0.08,587756.0,791853.0,0.74,Normal,Hold Zone,19.235,30.0,30.0,Finance,Asset Management,Attraktiv,True
2026-08-03,Long Term Entry Top 8,4,AFL,AFLAC Incorporated,,0.9,,0.12,7,Gut,10,Hoch,30.0,126.70999908447266,0.8,0.05,0.04,0.06,0.12,1278797.0,1868160.0,0.68,Normal,Upper Range,15.7,30.0,32.0,Finance,Insurance,Hold,True
2026-08-03,Long Term Entry Top 8,5,AVGO,Broadcom Inc.,,0.52,,-0.06,5,Neutral,9,Hoch,29.5,392.2300109863281,0.05,0.05,0.06,-0.01,0.07,17238778.0,20222474.0,0.85,Normal,Transition Zone,11.575,29.5,31.0,AI / Tech,AI Compute,Review,False
2026-08-03,Long Term Entry Top 8,6,BX,Blackstone Inc.,,0.4,,0.09,7,Gut,10,Hoch,29.0,134.67999267578125,-0.19,0.09,0.11,0.11,0.03,4674074.0,4910319.0,0.95,Normal,Transition Zone,18.5,29.0,36.0,Finance,Asset Management,Review,True
2026-08-03,Long Term Entry Top 8,7,NU,Nu Holdings Ltd.,,0.42,,0.02,7,Gut,10,Hoch,28.0,14.4399995803833,-0.17,0.03,0.06,0.09,-0.04,30448801.0,104904165.0,0.29,Normal,Transition Zone,16.5,28.0,32.0,Finance,Fintech,Review,True
2026-08-03,Long Term Entry Top 8,8,NTDOY,"Nintendo Co., Ltd.",,0.13,,-0.0,3,Riskant,9,Hoch,27.5,12.100000381469728,-0.74,0.11,0.09,0.09,-0.19,240322.0,5200086.0,0.05,Normal,Weak Zone,4.5,27.5,30.0,Consumer & Retail,Gaming & Entertainment,Review,False
2026-08-03,Early Play,1,VEEV,Veeva Systems Inc.,,0.36,,0.21,5,Neutral,5,Mittel,30.0,206.25,-0.28,0.07,0.07,0.15,0.01,2608328.0,1577071.0,1.65,Normal,Transition Zone,12.5,21.5,30.0,Healthcare,AI in Healthcare,Review,False
2026-08-03,Early Play,2,FSLR,"First Solar, Inc.",,0.39,,0.1,5,Neutral,6,Mittel,28.0,232.72999572753903,-0.22,-0.0,0.02,-0.05,-0.01,5054094.0,2028290.0,2.49,Normal,Transition Zone,7.5,10.0,28.0,Energy,Renewables,Review,False
2026-08-03,Early Play,3,SONY,Sony Group Corporation,,0.3,,0.15,4,Neutral,5,Mittel,28.0,22.6299991607666,-0.4,0.07,0.06,0.06,-0.03,5718477.0,5345539.0,1.07,Normal,Weak Zone,8.0,21.5,28.0,Consumer & Retail,Gaming & Entertainment,Review,False
2026-08-03,Early Play,4,TPG,TPG Inc.,,0.31,,0.04,1,Riskant,2,Niedrig,28.0,46.31999969482422,-0.39,0.09,0.09,0.1,-0.05,4509534.0,1903222.0,2.37,Normal,Weak Zone,1.5,8.0,28.0,Finance,Asset Management,Review,False
2026-08-03,Early Play,5,ARES,Ares Management Corporation,,0.47,,0.17,7,Gut,5,Mittel,28.0,138.57000732421875,-0.05,0.14,0.15,0.12,0.05,3119245.0,2131042.0,1.46,Normal,Transition Zone,17.5,21.0,28.0,Finance,Asset Management,Review,False
2026-08-03,Early Play,6,MELI,"MercadoLibre, Inc.",,0.38,,0.05,3,Riskant,3,Niedrig,26.0,1898.7900390625,-0.23,0.05,0.05,0.1,0.0,418698.0,350925.0,1.19,Normal,Transition Zone,8.5,14.5,26.0,Consumer & Retail,E-Commerce,Review,False
2026-08-03,Early Play,7,KKR,KKR & Co. Inc.,,0.35,,0.03,3,Riskant,5,Mittel,25.0,106.55999755859376,-0.3,0.11,0.12,0.11,-0.0,4182795.0,3765220.0,1.11,Normal,Weak Zone,3.5,15.0,25.0,Finance,Asset Management,Review,False
2026-08-03,Early Play,8,PCG,Pacific Gas & Electric Co.,,0.68,,0.08,8,Sehr gut,5,Mittel,24.0,17.43000030517578,0.36,0.04,0.01,0.03,0.05,32365494.0,20202130.0,1.6,Normal,Watchlist Zone,20.54,18.0,24.0,Energy,Grid Infrastructure,Hold,False
2026-08-04,Ranking Attraktiv,1,WFC,Wells Fargo & Company,,0.65,,0.11,9,Sehr gut,7,Mittel,9.0,88.38999938964844,0.3,0.01,0.03,0.05,0.05,8801072.0,16580889.0,0.53,Normal,Watchlist Zone,20.95,25.0,23.0,Finance,Banks,Attraktiv,False
2026-08-04,Ranking Attraktiv,2,GS,"Goldman Sachs Group, Inc. (The)",,0.78,,0.15,8,Sehr gut,10,Hoch,8.0,1052.97998046875,0.56,0.01,0.02,0.0,0.15,1546041.0,2016477.0,0.77,Normal,Hold Zone,18.84,31.0,26.0,Finance,Banks,Attraktiv,True
2026-08-04,Ranking Attraktiv,3,NBIS,Nebius Group N.V.,,0.7,,0.28,7,Gut,4,Niedrig,7.0,225.7400054931641,0.4,0.16,0.04,0.01,0.59,20834984.0,22376404.0,0.93,Normal,Watchlist Zone,20.1,22.5,13.0,AI / Tech,Cloud Infrastructure,Attraktiv,False
2026-08-04,Ranking Attraktiv,4,DT,"Dynatrace, Inc.",,0.65,,0.18,7,Gut,2,Niedrig,7.0,45.709999084472656,0.31,0.01,0.04,0.07,0.11,4673430.0,4015946.0,1.16,Normal,Watchlist Zone,18.965,17.5,16.0,AI / Tech,Cloud Infrastructure,Attraktiv,False
2026-08-04,Ranking Attraktiv,5,MSFT,Microsoft Corporation,,0.71,,0.2,7,Gut,8,Hoch,7.0,492.80999755859375,0.43,0.27,0.29,0.23,0.14,49565875.0,38886464.0,1.27,Normal,Hold Zone,18.145,31.5,21.0,AI / Tech,Cloud Infrastructure,Attraktiv,True
2026-08-04,Ranking Attraktiv,6,MUFG,"Mitsubishi UFJ Financial Group,",,0.85,,0.23,7,Gut,9,Hoch,7.0,21.82999992370605,0.7,0.03,0.04,0.05,0.21,4700585.0,3638679.0,1.29,Normal,Hold Zone,18.55,28.0,33.0,Finance,Banks,Attraktiv,True
2026-08-04,Ranking Attraktiv,7,ALL,Allstate Corporation (The),,0.84,,0.21,7,Gut,5,Mittel,7.0,262.5599975585937,0.68,0.04,0.05,0.11,0.23,1071437.0,1542967.0,0.69,Normal,Hold Zone,17.52,19.0,22.0,Finance,Insurance,Attraktiv,False
2026-08-04,Ranking Attraktiv,8,AFL,AFLAC Incorporated,,0.85,,0.1,6,Gut,10,Hoch,6.0,125.1500015258789,0.71,0.03,0.03,0.04,0.11,1876097.0,1912845.0,0.98,Normal,Upper Range,12.065,30.0,33.0,Finance,Insurance,Attraktiv,True
2026-08-04,Ranking Attraktiv,9,SHEL,Shell PLC,,0.84,,0.01,6,Gut,6,Mittel,6.0,89.83999633789062,0.68,0.1,0.09,0.07,0.12,8972303.0,6933678.0,1.29,Normal,Hold Zone,15.02,17.0,24.0,Energy,Oil & Gas,Attraktiv,False
2026-08-04,Ranking Attraktiv,10,MDB,"MongoDB, Inc.",,0.74,,0.43,5,Neutral,2,Niedrig,5.0,380.0400085449219,0.47,0.05,0.06,0.13,0.14,2023510.0,1354310.0,1.49,Normal,Hold Zone,9.205,15.5,9.0,AI / Tech,Cloud Infrastructure,Attraktiv,False
2026-08-04,Ranking Attraktiv,11,HIG,"The Hartford Insurance Group, I",,0.85,,0.06,5,Neutral,6,Mittel,5.0,142.0500030517578,0.71,0.02,0.02,0.05,0.06,1245179.0,1685854.0,0.74,Normal,Upper Range,9.565,17.0,18.0,Finance,Insurance,Attraktiv,False
2026-08-04,Ranking Attraktiv,12,ATRO,Astronics Corporation,,0.8,,0.28,5,Neutral,4,Niedrig,5.0,75.58000183105469,0.61,0.08,0.06,0.04,0.32,469722.0,502151.0,0.94,Normal,Hold Zone,15.415,17.0,13.0,Industrials,Aerospace,Attraktiv,False
2026-08-04,Short Term Top 8,1,NVDA,NVIDIA Corporation,,0.66,,0.08,9,Sehr gut,10,Hoch,23.995,211.94000244140625,0.33,0.08,0.04,0.03,0.1,130429698.0,129503105.0,1.01,Normal,Watchlist Zone,23.995,37.5,33.0,AI / Tech,AI Compute,Hold,True
2026-08-04,Short Term Top 8,2,ZBH,"Zimmer Biomet Holdings, Inc.",,0.6,,0.16,9,Sehr gut,5,Mittel,22.8,95.80999755859376,0.2,0.07,0.09,0.08,0.06,3547104.0,2337185.0,1.52,Normal,Watchlist Zone,22.8,22.0,27.0,Healthcare,Medtech,Review,False
2026-08-04,Short Term Top 8,3,LMT,Lockheed Martin Corporation,,0.65,,0.17,9,Sehr gut,5,Mittel,21.935,589.3300170898438,0.29,0.1,0.12,0.11,0.09,1180421.0,1231406.0,0.96,Normal,Watchlist Zone,21.935,22.0,23.0,Industrials,Defense,Hold,False
2026-08-04,Short Term Top 8,4,PLTR,Palantir Technologies Inc.,,0.56,,0.2,8,Sehr gut,8,Hoch,21.165,162.66000366210938,0.11,0.21,0.23,0.24,0.07,172005673.0,42031149.0,4.09,Normal,Watchlist Zone,21.165,32.5,30.0,AI / Tech,AI Software & Platforms,Review,True
2026-08-04,Short Term Top 8,5,WFC,Wells Fargo & Company,,0.65,,0.11,9,Sehr gut,7,Mittel,20.95,88.38999938964844,0.3,0.01,0.03,0.05,0.05,8801072.0,16580889.0,0.53,Normal,Watchlist Zone,20.95,25.0,23.0,Finance,Banks,Attraktiv,False
2026-08-04,Short Term Top 8,6,NBIS,Nebius Group N.V.,,0.7,,0.28,7,Gut,4,Niedrig,20.1,225.7400054931641,0.4,0.16,0.04,0.01,0.59,20834984.0,22376404.0,0.93,Normal,Watchlist Zone,20.1,22.5,13.0,AI / Tech,Cloud Infrastructure,Attraktiv,False
2026-08-04,Short Term Top 8,7,HRL,Hormel Foods Corporation,,0.7,,0.23,7,Gut,2,Niedrig,20.1,25.34000015258789,0.4,0.04,0.04,0.04,0.11,2736604.0,3590965.0,0.76,Normal,Watchlist Zone,20.1,18.5,16.0,Consumer & Retail,Food & Beverages,Review,False
2026-08-04,Short Term Top 8,8,BX,Blackstone Inc.,,0.45,,0.13,8,Sehr gut,10,Hoch,20.0,137.1999969482422,-0.1,0.15,0.17,0.13,0.07,5709074.0,5048479.0,1.13,Normal,Transition Zone,20.0,33.0,34.0,Finance,Asset Management,Review,True
2026-08-04,Long Term Entry Top 8,1,NVDA,NVIDIA Corporation,,0.66,,0.08,9,Sehr gut,10,Hoch,37.5,211.94000244140625,0.33,0.08,0.04,0.03,0.1,130429698.0,129503105.0,1.01,Normal,Watchlist Zone,23.995,37.5,33.0,AI / Tech,AI Compute,Hold,True
2026-08-04,Long Term Entry Top 8,2,TER,"Teradyne, Inc.",,0.78,,0.13,7,Gut,9,Hoch,34.5,403.55999755859375,0.56,0.18,0.15,0.06,0.38,4061520.0,3756896.0,1.08,Normal,Hold Zone,19.34,34.5,31.0,AI / Tech,Robotics & Automation,Hold,True
2026-08-04,Long Term Entry Top 8,3,BX,Blackstone Inc.,,0.45,,0.13,8,Sehr gut,10,Hoch,33.0,137.1999969482422,-0.1,0.15,0.17,0.13,0.07,5709074.0,5048479.0,1.13,Normal,Transition Zone,20.0,33.0,34.0,Finance,Asset Management,Review,True
2026-08-04,Long Term Entry Top 8,4,PLTR,Palantir Technologies Inc.,,0.56,,0.2,8,Sehr gut,8,Hoch,32.5,162.66000366210938,0.11,0.21,0.23,0.24,0.07,172005673.0,42031149.0,4.09,Normal,Watchlist Zone,21.165,32.5,30.0,AI / Tech,AI Software & Platforms,Review,True
2026-08-04,Long Term Entry Top 8,5,INCY,Incyte Corporation,,0.79,,0.24,8,Sehr gut,10,Hoch,32.0,120.5999984741211,0.57,0.02,0.03,0.1,0.19,1965220.0,1927316.0,1.02,Normal,Hold Zone,18.855,32.0,30.0,Healthcare,Biotech,Hold,True
2026-08-04,Long Term Entry Top 8,6,MSFT,Microsoft Corporation,,0.71,,0.2,7,Gut,8,Hoch,31.5,492.80999755859375,0.43,0.27,0.29,0.23,0.14,49565875.0,38886464.0,1.27,Normal,Hold Zone,18.145,31.5,21.0,AI / Tech,AI Software & Platforms,Review,True
2026-08-04,Long Term Entry Top 8,7,AVGO,Broadcom Inc.,,0.65,,-0.02,6,Gut,9,Hoch,31.5,418.1600036621094,0.29,0.13,0.08,0.06,0.14,28050687.0,20424404.0,1.37,Normal,Watchlist Zone,15.435,31.5,28.0,AI / Tech,AI Compute,Review,False
2026-08-04,Long Term Entry Top 8,8,GS,"Goldman Sachs Group, Inc. (The)",,0.78,,0.15,8,Sehr gut,10,Hoch,31.0,1052.97998046875,0.56,0.01,0.02,0.0,0.15,1546041.0,2016477.0,0.77,Normal,Hold Zone,18.84,31.0,26.0,Finance,Banks,Attraktiv,True
2026-08-04,Early Play,1,BX,Blackstone Inc.,,0.45,,0.13,8,Sehr gut,10,Hoch,34.0,137.1999969482422,-0.1,0.15,0.17,0.13,0.07,5709074.0,5048479.0,1.13,Normal,Transition Zone,20.0,33.0,34.0,Finance,Asset Management,Review,True
2026-08-04,Early Play,2,BAM,Brookfield Asset Management Inc,,0.51,,0.08,6,Gut,6,Mittel,34.0,51.93999862670898,0.01,0.12,0.14,0.1,0.07,4156568.0,2277748.0,1.82,Normal,Transition Zone,17.015,23.0,34.0,Finance,Asset Management,Hold,False
2026-08-04,Early Play,3,IDXX,"IDEXX Laboratories, Inc.",,0.28,,0.04,1,Riskant,4,Niedrig,32.0,588.0900268554688,-0.45,0.03,0.06,0.05,-0.05,1534110.0,655206.0,2.34,Normal,Weak Zone,0.5,12.0,32.0,Healthcare,Medtech,Review,False
2026-08-04,Early Play,4,FSLR,"First Solar, Inc.",,0.46,,0.11,7,Gut,6,Mittel,32.0,243.6300048828125,-0.07,0.07,0.09,-0.01,0.04,4224868.0,2144378.0,1.97,Normal,Transition Zone,17.5,19.0,32.0,Energy,Renewables,Review,False
2026-08-04,Early Play,5,SMCI,"Super Micro Computer, Inc.",,0.31,,0.14,4,Neutral,6,Mittel,29.0,31.690000534057617,-0.39,0.21,0.12,-0.02,-0.03,52445555.0,43687243.0,1.2,Normal,Weak Zone,7.0,22.5,29.0,AI / Tech,AI Compute,Review,False
2026-08-04,Early Play,6,RMD,ResMed Inc.,,0.39,,0.08,5,Neutral,6,Mittel,29.0,223.13999938964844,-0.23,0.02,0.08,0.12,-0.03,1725538.0,1300417.0,1.33,Normal,Transition Zone,11.5,18.0,29.0,Healthcare,Medtech,Review,False
2026-08-04,Early Play,7,SHOP,Shopify Inc.,,0.33,,0.15,2,Riskant,3,Niedrig,27.0,123.3000030517578,-0.34,0.01,0.03,0.06,-0.07,20781169.0,8731673.0,2.38,Normal,Weak Zone,3.0,14.5,27.0,Consumer & Retail,E-Commerce,Review,False
2026-08-04,Early Play,8,ZBH,"Zimmer Biomet Holdings, Inc.",,0.6,,0.16,9,Sehr gut,5,Mittel,27.0,95.80999755859376,0.2,0.07,0.09,0.08,0.06,3547104.0,2337185.0,1.52,Normal,Watchlist Zone,22.8,22.0,27.0,Healthcare,Medtech,Review,False
2026-08-04,High Conviction Early Play,1,BX,Blackstone Inc.,,0.45,,0.13,8,Sehr gut,10,Hoch,34.0,137.1999969482422,-0.1,0.15,0.17,0.13,0.07,5709074.0,5048479.0,1.13,Normal,Transition Zone,20.0,33.0,34.0,Finance,Asset Management,Review,True
2026-08-05,Ranking Attraktiv,1,MSFT,Microsoft Corporation,,0.69,,0.18,9,Sehr gut,8,Hoch,9.0,487.4599914550781,0.38,0.27,0.27,0.21,0.13,30476807.0,39159370.0,0.78,Normal,Watchlist Zone,23.07,32.5,18.0,AI / Tech,Cloud Infrastructure,Attraktiv,True
2026-08-05,Ranking Attraktiv,2,WFC,Wells Fargo & Company,,0.68,,0.12,9,Sehr gut,7,Mittel,9.0,89.16999816894531,0.37,0.04,0.03,0.06,0.06,9504972.0,16939859.0,0.56,Normal,Watchlist Zone,22.055,26.0,26.0,Finance,Banks,Attraktiv,False
2026-08-05,Ranking Attraktiv,3,AIG,"American International Group, I",,0.62,,0.04,8,Sehr gut,5,Mittel,8.0,80.12000274658203,0.23,0.01,0.01,0.04,0.04,1569131.0,3182912.0,0.49,Normal,Watchlist Zone,17.345,19.0,16.0,Finance,Insurance,Attraktiv,False
2026-08-05,Ranking Attraktiv,4,INCY,Incyte Corporation,,0.77,,0.2,8,Sehr gut,10,Hoch,8.0,119.8000030517578,0.54,0.02,0.01,0.08,0.18,1767944.0,1927422.0,0.92,Normal,Hold Zone,18.81,31.0,27.0,Healthcare,Biotech,Attraktiv,True
2026-08-05,Ranking Attraktiv,5,CPA,"Copa Holdings, S.A.",,0.83,,0.25,8,Sehr gut,8,Hoch,8.0,150.77999877929688,0.65,0.02,0.01,0.05,0.18,383529.0,287686.0,1.33,Normal,Hold Zone,18.975,25.0,17.0,Industrials,Aerospace,Attraktiv,True
2026-08-05,Ranking Attraktiv,6,PFE,"Pfizer, Inc.",,0.66,,0.01,7,Gut,4,Niedrig,7.0,25.809999465942383,0.31,0.09,0.08,0.04,0.03,35093894.0,39287735.0,0.89,Normal,Watchlist Zone,17.965,17.0,18.0,Healthcare,Pharma,Attraktiv,False
2026-08-05,Ranking Attraktiv,7,NBIS,Nebius Group N.V.,,0.67,,0.12,7,Gut,4,Niedrig,7.0,218.9900054931641,0.34,0.01,0.01,-0.02,0.54,15143776.0,22263394.0,0.68,Normal,Watchlist Zone,17.009999999999998,19.5,14.0,AI / Tech,Cloud Infrastructure,Attraktiv,False
2026-08-05,Ranking Attraktiv,8,ANET,"Arista Networks, Inc.",,0.83,,0.34,7,Gut,8,Hoch,7.0,197.3099975585937,0.65,0.09,0.07,0.17,0.35,20191254.0,8112563.0,2.49,Normal,Hold Zone,13.475,29.5,25.0,AI / Tech,AI Networking,Attraktiv,True
2026-08-05,Ranking Attraktiv,9,BMY,Bristol-Myers Squibb Company,,0.83,,0.14,7,Gut,6,Mittel,7.0,63.630001068115234,0.67,0.11,0.1,0.09,0.16,14100047.0,13167512.0,1.07,Normal,Hold Zone,18.505,21.0,25.0,Healthcare,Pharma,Attraktiv,False
2026-08-05,Ranking Attraktiv,10,8306.T,MITSUBISHI UFJ FINANCIAL GROUP ,,0.85,,0.26,6,Gut,9,Hoch,6.0,3541.0,0.71,0.03,0.03,0.05,0.26,41588500.0,46214225.0,0.9,Normal,Upper Range,12.065,28.0,23.0,Finance,Banks,Attraktiv,True
2026-08-05,Ranking Attraktiv,11,REGN,"Regeneron Pharmaceuticals, Inc.",,0.82,,0.07,6,Gut,5,Mittel,6.0,768.5800170898438,0.64,0.16,0.15,0.18,0.08,505252.0,774688.0,0.65,Normal,Hold Zone,15.96,17.0,20.0,Healthcare,Biotech,Attraktiv,False
2026-08-05,Ranking Attraktiv,12,HUBB,Hubbell Inc,,0.69,,0.03,6,Gut,3,Niedrig,6.0,513.5800170898438,0.39,0.07,0.06,0.05,0.07,651368.0,616616.0,1.06,Normal,Watchlist Zone,16.585,12.0,16.0,Energy,Power Equipment,Attraktiv,False
2026-08-05,Short Term Top 8,1,MSFT,Microsoft Corporation,,0.69,,0.18,9,Sehr gut,8,Hoch,23.07,487.4599914550781,0.38,0.27,0.27,0.21,0.13,30476807.0,39159370.0,0.78,Normal,Watchlist Zone,23.07,32.5,18.0,AI / Tech,AI Software & Platforms,Review,True
2026-08-05,Short Term Top 8,2,ZBH,"Zimmer Biomet Holdings, Inc.",,0.68,,0.19,9,Sehr gut,5,Mittel,23.04,98.16000366210938,0.36,0.12,0.1,0.1,0.08,4656336.0,2489232.0,1.87,Normal,Watchlist Zone,23.04,22.0,27.0,Healthcare,Medtech,Review,False
2026-08-05,Short Term Top 8,3,LMT,Lockheed Martin Corporation,,0.6,,0.13,9,Sehr gut,5,Mittel,22.8,577.5999755859375,0.2,0.09,0.11,0.09,0.07,953747.0,1232747.0,0.77,Normal,Watchlist Zone,22.8,22.0,22.0,Industrials,Defense,Hold,False
2026-08-05,Short Term Top 8,4,WFC,Wells Fargo & Company,,0.68,,0.12,9,Sehr gut,7,Mittel,22.055,89.16999816894531,0.37,0.04,0.03,0.06,0.06,9504972.0,16939859.0,0.56,Normal,Watchlist Zone,22.055,26.0,26.0,Finance,Banks,Attraktiv,False
2026-08-05,Short Term Top 8,5,J,Jacobs Solutions Inc.,,0.64,,0.15,8,Sehr gut,4,Niedrig,20.405,144.6699981689453,0.27,0.12,0.15,0.14,0.09,1545193.0,929730.0,1.66,Normal,Watchlist Zone,20.405,19.0,23.0,Industrials,Infrastructure & Construction,Hold,False
2026-08-05,Short Term Top 8,6,AXP,American Express Company,,0.63,,0.09,8,Sehr gut,5,Mittel,20.405,348.989990234375,0.27,0.04,0.01,0.04,0.03,1485347.0,3051087.0,0.49,Normal,Watchlist Zone,20.405,21.0,19.0,Finance,Fintech,Hold,False
2026-08-05,Short Term Top 8,7,HRL,Hormel Foods Corporation,,0.68,,0.23,7,Gut,2,Niedrig,20.055,25.229999542236328,0.37,0.04,0.05,0.03,0.11,1625757.0,3492793.0,0.47,Normal,Watchlist Zone,20.055,18.5,16.0,Consumer & Retail,Food & Beverages,Hold,False
2026-08-05,Short Term Top 8,8,HMC,"Honda Motor Company, Ltd.",,0.63,,0.24,7,Gut,1,Niedrig,19.89,30.600000381469727,0.26,0.1,0.11,0.1,0.09,1662591.0,1129365.0,1.47,Normal,Watchlist Zone,19.89,12.0,17.0,Mobility & Transport Tech,Electric Vehicles,Review,False
2026-08-05,Long Term Entry Top 8,1,NVDA,NVIDIA Corporation,,0.76,,0.06,7,Gut,10,Hoch,35.5,219.22000122070312,0.53,0.07,0.08,0.07,0.13,156378175.0,130175674.0,1.2,Normal,Hold Zone,19.295,35.5,35.0,AI / Tech,AI Compute,Hold,True
2026-08-05,Long Term Entry Top 8,2,TER,"Teradyne, Inc.",,0.74,,0.02,6,Gut,9,Hoch,33.5,389.3900146484375,0.49,0.11,0.07,0.02,0.33,3178991.0,3760265.0,0.85,Normal,Hold Zone,15.735,33.5,28.0,AI / Tech,Robotics & Automation,Hold,True
2026-08-05,Long Term Entry Top 8,3,MSFT,Microsoft Corporation,,0.69,,0.18,9,Sehr gut,8,Hoch,32.5,487.4599914550781,0.38,0.27,0.27,0.21,0.13,30476807.0,39159370.0,0.78,Normal,Watchlist Zone,23.07,32.5,18.0,AI / Tech,Cloud Infrastructure,Attraktiv,True
2026-08-05,Long Term Entry Top 8,4,AVGO,Broadcom Inc.,,0.65,,-0.02,6,Gut,9,Hoch,31.5,418.2799987792969,0.29,0.08,0.04,0.06,0.14,15710613.0,19704406.0,0.8,Normal,Watchlist Zone,15.435,31.5,26.0,AI / Tech,AI Compute,Review,False
2026-08-05,Long Term Entry Top 8,5,PLTR,Palantir Technologies Inc.,,0.51,,0.18,7,Gut,8,Hoch,31.5,158.42999267578125,0.03,0.2,0.23,0.21,0.04,61261948.0,43216307.0,1.42,Normal,Transition Zone,18.545,31.5,26.0,AI / Tech,AI Software & Platforms,Review,True
2026-08-05,Long Term Entry Top 8,6,INCY,Incyte Corporation,,0.77,,0.2,8,Sehr gut,10,Hoch,31.0,119.8000030517578,0.54,0.02,0.01,0.08,0.18,1767944.0,1927422.0,0.92,Normal,Hold Zone,18.81,31.0,27.0,Healthcare,Biotech,Attraktiv,True
2026-08-05,Long Term Entry Top 8,7,AFL,AFLAC Incorporated,,0.87,,0.11,7,Gut,10,Hoch,30.0,125.55999755859376,0.73,0.03,0.03,0.05,0.11,2045735.0,1965797.0,1.04,Normal,Upper Range,13.595,30.0,33.0,Finance,Insurance,Hold,True
2026-08-05,Long Term Entry Top 8,8,ANET,"Arista Networks, Inc.",,0.83,,0.34,7,Gut,8,Hoch,29.5,197.3099975585937,0.65,0.09,0.07,0.17,0.35,20191254.0,8112563.0,2.49,Normal,Hold Zone,13.475,29.5,25.0,AI / Tech,AI Networking,Attraktiv,True
2026-08-05,Early Play,1,NVDA,NVIDIA Corporation,,0.76,,0.06,7,Gut,10,Hoch,35.0,219.22000122070312,0.53,0.07,0.08,0.07,0.13,156378175.0,130175674.0,1.2,Normal,Hold Zone,19.295,35.5,35.0,AI / Tech,AI Compute,Hold,True
2026-08-05,Early Play,2,BAM,Brookfield Asset Management Inc,,0.54,,0.09,6,Gut,6,Mittel,34.0,52.630001068115234,0.08,0.16,0.14,0.11,0.08,4090859.0,2361403.0,1.73,Normal,Transition Zone,16.119999999999997,23.0,34.0,Finance,Asset Management,Hold,False
2026-08-05,Early Play,3,RMD,ResMed Inc.,,0.39,,0.07,5,Neutral,6,Mittel,30.0,224.02999877929688,-0.21,0.09,0.07,0.12,-0.03,1450724.0,1285711.0,1.13,Normal,Transition Zone,12.5,18.0,30.0,Healthcare,Medtech,Review,False
2026-08-05,Early Play,4,FSLR,"First Solar, Inc.",,0.42,,0.09,6,Gut,6,Mittel,30.0,236.8000030517578,-0.16,0.06,0.04,-0.03,0.01,3200946.0,2220062.0,1.44,Normal,Transition Zone,16.0,16.0,30.0,Energy,Renewables,Review,False
2026-08-05,Early Play,5,ZBH,"Zimmer Biomet Holdings, Inc.",,0.68,,0.19,9,Sehr gut,5,Mittel,27.0,98.16000366210938,0.36,0.12,0.1,0.1,0.08,4656336.0,2489232.0,1.87,Normal,Watchlist Zone,23.04,22.0,27.0,Healthcare,Medtech,Review,False
2026-08-05,Early Play,6,ARES,Ares Management Corporation,,0.49,,0.14,7,Gut,5,Mittel,26.0,139.77000427246094,-0.02,0.18,0.15,0.12,0.06,2448977.0,2282609.0,1.07,Normal,Transition Zone,17.5,21.0,26.0,Finance,Asset Management,Review,False
2026-08-05,Early Play,7,PLTR,Palantir Technologies Inc.,,0.51,,0.18,7,Gut,8,Hoch,26.0,158.42999267578125,0.03,0.2,0.23,0.21,0.04,61261948.0,43216307.0,1.42,Normal,Transition Zone,18.545,27.0,26.0,Industrials,Defense,Hold,True
2026-08-05,Early Play,8,MELI,"MercadoLibre, Inc.",,0.41,,0.04,4,Neutral,3,Niedrig,24.0,1922.5699462890625,-0.19,0.06,0.06,0.1,0.02,540954.0,373448.0,1.45,Normal,Transition Zone,12.0,15.5,24.0,Consumer & Retail,E-Commerce,Review,False
2026-08-05,High Conviction Early Play,1,NVDA,NVIDIA Corporation,,0.76,,0.06,7,Gut,10,Hoch,35.0,219.22000122070312,0.53,0.07,0.08,0.07,0.13,156378175.0,130175674.0,1.2,Normal,Hold Zone,19.295,35.5,35.0,AI / Tech,AI Compute,Hold,True
2026-08-05,High Conviction Early Play,2,PLTR,Palantir Technologies Inc.,,0.51,,0.18,7,Gut,8,Hoch,26.0,158.42999267578125,0.03,0.2,0.23,0.21,0.04,61261948.0,43216307.0,1.42,Normal,Transition Zone,18.545,31.5,26.0,AI / Tech,AI Software & Platforms,Review,True
2026-08-06,Ranking Attraktiv,1,XOM,ExxonMobil Holdings Corporation,,0.69,,0.05,8,Sehr gut,6,Mittel,8.0,152.52000427246094,0.38,0.11,0.1,0.04,0.1,2996217.0,13737636.0,0.22,Normal,Watchlist Zone,19.57,20.0,24.0,Energy,Oil & Gas,Attraktiv,False
2026-08-06,Ranking Attraktiv,2,CVX,Chevron Corporation,,0.65,,0.04,8,Sehr gut,6,Mittel,8.0,188.40499877929688,0.29,0.08,0.07,0.03,0.08,1858962.0,7236553.0,0.26,Normal,Watchlist Zone,19.435,20.0,24.0,Energy,Oil & Gas,Attraktiv,False
2026-08-06,Ranking Attraktiv,3,MSFT,Microsoft Corporation,,0.73,,0.18,7,Gut,8,Hoch,7.0,495.9400024414063,0.46,0.29,0.29,0.22,0.15,11949732.0,38342547.0,0.31,Normal,Hold Zone,18.19,31.5,18.0,AI / Tech,Cloud Infrastructure,Attraktiv,True
2026-08-06,Ranking Attraktiv,4,ANET,"Arista Networks, Inc.",,0.78,,0.36,7,Gut,8,Hoch,7.0,192.8000030517578,0.56,0.04,0.03,0.13,0.31,3024278.0,7767834.0,0.39,Normal,Hold Zone,12.34,30.5,18.0,AI / Tech,AI Networking,Attraktiv,True
2026-08-06,Ranking Attraktiv,5,FSLY,"Fastly, Inc.",,0.59,,0.19,7,Gut,1,Niedrig,7.0,23.13999938964844,0.18,0.14,0.18,0.19,0.36,5886645.0,5628047.0,1.05,Normal,Watchlist Zone,18.77,15.5,15.0,AI / Tech,Cloud Infrastructure,Attraktiv,False
2026-08-06,Ranking Attraktiv,6,EOG,"EOG Resources, Inc.",,0.73,,0.05,7,Gut,10,Hoch,7.0,135.8000030517578,0.45,0.02,0.02,-0.01,0.1,1270650.0,2907258.0,0.44,Normal,Hold Zone,14.175,25.0,26.0,Energy,Oil & Gas,Attraktiv,True
2026-08-06,Ranking Attraktiv,7,MPC,Marathon Petroleum Corporation,,0.84,,0.24,7,Gut,6,Mittel,7.0,300.010009765625,0.69,0.06,0.06,0.08,0.34,540722.0,2033371.0,0.27,Normal,Hold Zone,18.535,18.0,24.0,Energy,Oil & Gas,Attraktiv,False
2026-08-06,Ranking Attraktiv,8,COP,ConocoPhillips,,0.63,,0.02,6,Gut,3,Niedrig,6.0,116.12000274658205,0.27,0.07,0.06,0.02,0.08,2122446.0,6049812.0,0.35,Normal,Watchlist Zone,16.405,12.0,15.0,Energy,Oil & Gas,Attraktiv,False
2026-08-06,Ranking Attraktiv,9,SHEL,Shell PLC,,0.82,,0.07,6,Gut,6,Mittel,6.0,89.30000305175781,0.64,0.1,0.09,0.06,0.11,4419592.0,6916047.0,0.64,Normal,Hold Zone,16.96,17.0,24.0,Energy,Oil & Gas,Attraktiv,False
2026-08-06,Ranking Attraktiv,10,HUBB,Hubbell Inc,,0.69,,0.04,6,Gut,3,Niedrig,6.0,512.5900268554688,0.37,0.06,0.04,0.05,0.07,109053.0,604433.0,0.18,Normal,Watchlist Zone,16.555,12.0,18.0,Energy,Power Equipment,Attraktiv,False
2026-08-06,Ranking Attraktiv,11,PRU,"Prudential Financial, Inc.",,0.79,,0.22,6,Gut,4,Niedrig,6.0,119.83000183105467,0.57,0.04,0.04,0.07,0.15,577991.0,1912215.0,0.3,Normal,Hold Zone,16.855,18.0,20.0,Finance,Insurance,Attraktiv,False
2026-08-06,Ranking Attraktiv,12,REGN,"Regeneron Pharmaceuticals, Inc.",,0.8,,0.08,6,Gut,5,Mittel,6.0,762.7849731445312,0.6,0.14,0.15,0.17,0.07,126784.0,748759.0,0.17,Normal,Hold Zone,15.9,20.0,20.0,Healthcare,Biotech,Attraktiv,False
2026-08-06,Short Term Top 8,1,LMT,Lockheed Martin Corporation,,0.61,,0.14,9,Sehr gut,5,Mittel,22.83,580.3499755859375,0.22,0.12,0.11,0.09,0.07,201276.0,1193349.0,0.17,Normal,Watchlist Zone,22.83,22.0,22.0,Industrials,Defense,Hold,False
2026-08-06,Short Term Top 8,2,PAYX,"Paychex, Inc.",,0.67,,0.29,9,Sehr gut,7,Mittel,22.01,118.7300033569336,0.34,0.13,0.12,0.13,0.18,757248.0,3113347.0,0.24,Normal,Watchlist Zone,22.01,26.0,16.0,Finance,Fintech,Hold,False
2026-08-06,Short Term Top 8,3,HMC,"Honda Motor Company, Ltd.",,0.65,,0.28,9,Sehr gut,5,Mittel,21.95,30.82999992370605,0.3,0.12,0.1,0.11,0.09,360743.0,1105362.0,0.33,Normal,Watchlist Zone,21.95,22.0,14.0,Mobility & Transport Tech,Electric Vehicles,Review,False
2026-08-06,Short Term Top 8,4,ZBH,"Zimmer Biomet Holdings, Inc.",,0.65,,0.17,8,Sehr gut,4,Niedrig,21.45,97.27999877929688,0.3,0.09,0.07,0.09,0.07,431497.0,2461525.0,0.18,Normal,Watchlist Zone,21.45,19.0,20.0,Healthcare,Medtech,Review,False
2026-08-06,Short Term Top 8,5,AVGO,Broadcom Inc.,,0.67,,0.03,8,Sehr gut,9,Hoch,20.51,423.5950012207031,0.34,0.06,0.06,0.07,0.16,4635057.0,18586273.0,0.25,Normal,Watchlist Zone,20.51,34.5,27.0,AI / Tech,AI Compute,Hold,True
2026-08-06,Short Term Top 8,6,J,Jacobs Solutions Inc.,,0.61,,0.17,8,Sehr gut,4,Niedrig,20.315,142.8000030517578,0.21,0.13,0.13,0.12,0.07,139479.0,878474.0,0.16,Normal,Watchlist Zone,20.315,19.0,20.0,Industrials,Infrastructure & Construction,Hold,False
2026-08-06,Short Term Top 8,7,FSLR,"First Solar, Inc.",,0.51,,0.16,8,Sehr gut,6,Mittel,20.015,249.5599975585937,0.01,0.09,0.1,0.02,0.06,1086134.0,2194497.0,0.49,Normal,Transition Zone,20.015,21.0,29.0,Energy,Renewables,Review,False
2026-08-06,Short Term Top 8,8,XOM,ExxonMobil Holdings Corporation,,0.69,,0.05,8,Sehr gut,6,Mittel,19.57,152.52000427246094,0.38,0.11,0.1,0.04,0.1,2996217.0,13737636.0,0.22,Normal,Watchlist Zone,19.57,20.0,24.0,Energy,Oil & Gas,Attraktiv,False
2026-08-06,Long Term Entry Top 8,1,NVDA,NVIDIA Corporation,,0.75,,0.03,7,Gut,10,Hoch,35.5,218.07000732421875,0.5,0.08,0.03,0.06,0.13,50214355.0,126143378.0,0.4,Normal,Hold Zone,16.25,35.5,29.0,AI / Tech,AI Compute,Hold,True
2026-08-06,Long Term Entry Top 8,2,TER,"Teradyne, Inc.",,0.76,,0.11,7,Gut,9,Hoch,34.5,393.7799987792969,0.51,0.09,0.1,0.03,0.34,805776.0,3615309.0,0.22,Normal,Hold Zone,19.265,34.5,30.0,AI / Tech,Robotics & Automation,Hold,True
2026-08-06,Long Term Entry Top 8,3,AVGO,Broadcom Inc.,,0.67,,0.03,8,Sehr gut,9,Hoch,34.5,423.5950012207031,0.34,0.06,0.06,0.07,0.16,4635057.0,18586273.0,0.25,Normal,Watchlist Zone,20.51,34.5,27.0,AI / Tech,AI Compute,Hold,True
2026-08-06,Long Term Entry Top 8,4,MSFT,Microsoft Corporation,,0.73,,0.18,7,Gut,8,Hoch,31.5,496.1700134277344,0.46,0.29,0.29,0.22,0.15,12027996.0,38346460.0,0.31,Normal,Hold Zone,18.19,31.5,18.0,Healthcare,AI in Healthcare,Hold,True
2026-08-06,Long Term Entry Top 8,5,PLTR,Palantir Technologies Inc.,,0.49,,0.14,6,Gut,8,Hoch,31.5,156.39999389648438,-0.01,0.21,0.23,0.19,0.03,19195602.0,42514350.0,0.45,Normal,Transition Zone,17.0,31.5,23.0,AI / Tech,AI Software & Platforms,Review,True
2026-08-06,Long Term Entry Top 8,6,ANET,"Arista Networks, Inc.",,0.78,,0.36,7,Gut,8,Hoch,30.5,192.8000030517578,0.56,0.04,0.03,0.13,0.31,3024278.0,7767834.0,0.39,Normal,Hold Zone,12.34,30.5,18.0,AI / Tech,AI Networking,Attraktiv,True
2026-08-06,Long Term Entry Top 8,7,NTDOY,"Nintendo Co., Ltd.",,0.17,,0.08,4,Neutral,9,Hoch,30.5,12.729999542236328,-0.65,0.16,0.16,0.14,-0.14,607211.0,5171631.0,0.12,Normal,Weak Zone,8.0,30.5,33.0,Consumer & Retail,Gaming & Entertainment,Review,True
2026-08-06,Long Term Entry Top 8,8,AFL,AFLAC Incorporated,,0.87,,0.11,7,Gut,10,Hoch,30.0,125.58499908447266,0.73,0.03,0.03,0.04,0.11,406983.0,1899144.0,0.21,Normal,Upper Range,13.595,30.0,32.0,Finance,Insurance,Hold,True
2026-08-06,Early Play,1,SDGR,"Schrodinger, Inc.",,0.58,,0.35,6,Gut,0,Niedrig,10.0,17.90999984741211,0.15,0.07,0.09,0.15,0.18,1129611.0,939251.0,1.2,Normal,Watchlist Zone,12.225,14.5,10.0,Healthcare,AI in Healthcare,Hold,False
2026-08-07,Ranking Attraktiv,1,ESTC,Elastic N.V.,,0.61,,0.44,9,Sehr gut,5,Mittel,9.0,75.11000061035156,0.22,0.25,0.2,0.21,0.17,2538483.0,1764329.0,1.44,Normal,Watchlist Zone,16.83,23.5,7.0,AI / Tech,Cybersecurity,Attraktiv,False
2026-08-07,Ranking Attraktiv,2,INCY,Incyte Corporation,,0.78,,0.22,8,Sehr gut,10,Hoch,8.0,120.55999755859376,0.56,0.03,0.06,0.08,0.18,1540363.0,1975478.0,0.78,Normal,Hold Zone,19.84,33.0,32.0,Healthcare,Biotech,Attraktiv,True
2026-08-07,Ranking Attraktiv,3,AFL,AFLAC Incorporated,,0.82,,0.11,8,Sehr gut,10,Hoch,8.0,124.61000061035156,0.64,0.02,0.01,0.03,0.1,1902053.0,2025923.0,0.94,Normal,Hold Zone,18.96,29.0,27.0,Finance,Insurance,Attraktiv,True
2026-08-07,Ranking Attraktiv,4,ANET,"Arista Networks, Inc.",,0.74,,0.33,7,Gut,8,Hoch,7.0,188.6699981689453,0.48,0.01,0.04,0.11,0.28,6028973.0,8028304.0,0.75,Normal,Hold Zone,12.22,31.5,17.0,AI / Tech,AI Networking,Attraktiv,True
2026-08-07,Ranking Attraktiv,5,FSLY,"Fastly, Inc.",,0.58,,0.12,7,Gut,2,Niedrig,7.0,22.959999084472656,0.16,0.17,0.15,0.17,0.34,7205607.0,6109575.0,1.18,Normal,Watchlist Zone,18.74,17.5,22.0,AI / Tech,Cloud Infrastructure,Attraktiv,False
2026-08-07,Ranking Attraktiv,6,MSFT,Microsoft Corporation,,0.75,,0.21,7,Gut,8,Hoch,7.0,499.989990234375,0.5,0.3,0.28,0.23,0.16,24137816.0,39547551.0,0.61,Normal,Hold Zone,18.25,31.5,18.0,AI / Tech,Cloud Infrastructure,Attraktiv,True
2026-08-07,Ranking Attraktiv,7,GILD,"Gilead Sciences, Inc.",,0.55,,0.02,6,Gut,3,Niedrig,6.0,133.2100067138672,0.09,0.03,0.01,0.03,0.02,7783619.0,6884116.0,1.13,Normal,Transition Zone,13.135,14.0,18.0,Healthcare,Biotech,Attraktiv,False
2026-08-07,Ranking Attraktiv,8,PRU,"Prudential Financial, Inc.",,0.83,,0.22,6,Gut,4,Niedrig,6.0,121.27999877929688,0.65,0.05,0.04,0.08,0.16,1131758.0,1991873.0,0.57,Normal,Hold Zone,16.975,16.0,20.0,Finance,Insurance,Attraktiv,False
2026-08-07,Ranking Attraktiv,9,HWM,Howmet Aerospace Inc.,,0.8,,0.04,6,Gut,8,Hoch,6.0,281.8800048828125,0.6,0.04,0.04,0.04,0.18,1867333.0,2099722.0,0.89,Normal,Hold Zone,15.9,27.0,29.0,Industrials,Aerospace,Attraktiv,True
2026-08-07,Ranking Attraktiv,10,VRTX,Vertex Pharmaceuticals Incorpor,,0.78,,0.15,6,Gut,5,Mittel,6.0,496.0700073242188,0.56,0.02,0.03,0.05,0.09,986813.0,1317326.0,0.75,Normal,Hold Zone,14.84,20.0,19.0,Healthcare,Biotech,Attraktiv,False
2026-08-07,Ranking Attraktiv,11,UAL,"United Airlines Holdings, Inc.",,0.83,,0.3,6,Gut,3,Niedrig,6.0,129.55999755859375,0.66,0.03,0.07,0.07,0.22,2168759.0,4215233.0,0.51,Normal,Hold Zone,13.99,14.0,10.0,Industrials,Aerospace,Attraktiv,False
2026-08-07,Ranking Attraktiv,12,MDB,"MongoDB, Inc.",,0.81,,0.33,5,Neutral,2,Niedrig,5.0,398.7999877929688,0.63,0.17,0.18,0.17,0.19,1686051.0,1430543.0,1.18,Normal,Hold Zone,9.445,14.5,6.0,AI / Tech,Cloud Infrastructure,Attraktiv,False
2026-08-07,Short Term Top 8,1,LMT,Lockheed Martin Corporation,,0.64,,0.17,9,Sehr gut,5,Mittel,22.92,587.9500122070312,0.28,0.12,0.13,0.1,0.08,578717.0,1216031.0,0.48,Normal,Watchlist Zone,22.92,22.0,22.0,Industrials,Defense,Hold,False
2026-08-07,Short Term Top 8,2,XOM,ExxonMobil Holdings Corporation,,0.7,,0.07,8,Sehr gut,6,Mittel,21.585,153.0399932861328,0.39,0.1,0.06,0.04,0.1,9931964.0,14192538.0,0.7,Normal,Watchlist Zone,21.585,20.0,24.0,Energy,Oil & Gas,Hold,False
2026-08-07,Short Term Top 8,3,BAM,Brookfield Asset Management Inc,,0.55,,0.07,8,Sehr gut,9,Hoch,21.165,52.4900016784668,0.11,0.12,0.13,0.11,0.08,1697507.0,2437120.0,0.7,Normal,Watchlist Zone,21.165,30.0,35.0,Finance,Asset Management,Hold,True
2026-08-07,Short Term Top 8,4,J,Jacobs Solutions Inc.,,0.64,,0.23,8,Sehr gut,4,Niedrig,20.435,145.07000732421875,0.29,0.15,0.15,0.13,0.09,485867.0,880138.0,0.55,Normal,Watchlist Zone,20.435,19.0,18.0,Industrials,Infrastructure & Construction,Hold,False
2026-08-07,Short Term Top 8,5,ZBH,"Zimmer Biomet Holdings, Inc.",,0.62,,0.18,8,Sehr gut,4,Niedrig,20.375,96.5500030517578,0.25,0.06,0.03,0.07,0.07,1750606.0,2600235.0,0.67,Normal,Watchlist Zone,20.375,19.0,20.0,Healthcare,Medtech,Review,False
2026-08-07,Short Term Top 8,6,FSLR,"First Solar, Inc.",,0.51,,0.14,8,Sehr gut,6,Mittel,20.03,250.0500030517578,0.02,0.1,0.13,0.03,0.07,5127121.0,2513171.0,2.04,Normal,Transition Zone,20.03,21.0,36.0,Energy,Renewables,Review,False
2026-08-07,Short Term Top 8,7,BX,Blackstone Inc.,,0.45,,0.12,8,Sehr gut,10,Hoch,20.0,137.1300048828125,-0.1,0.13,0.14,0.12,0.07,3367700.0,5095940.0,0.66,Normal,Transition Zone,20.0,33.0,35.0,Finance,Asset Management,Review,True
2026-08-07,Short Term Top 8,8,INCY,Incyte Corporation,,0.78,,0.22,8,Sehr gut,10,Hoch,19.84,120.55999755859376,0.56,0.03,0.06,0.08,0.18,1540363.0,1975478.0,0.78,Normal,Hold Zone,19.84,33.0,32.0,Healthcare,Biotech,Attraktiv,True
2026-08-07,Long Term Entry Top 8,1,NVDA,NVIDIA Corporation,,0.83,,0.04,7,Gut,10,Hoch,33.5,223.9600067138672,0.66,0.06,0.1,0.09,0.16,104730601.0,127176775.0,0.82,Normal,Hold Zone,17.490000000000002,33.5,33.0,AI / Tech,AI Compute,Hold,True
2026-08-07,Long Term Entry Top 8,2,INCY,Incyte Corporation,,0.78,,0.22,8,Sehr gut,10,Hoch,33.0,120.55999755859376,0.56,0.03,0.06,0.08,0.18,1540363.0,1975478.0,0.78,Normal,Hold Zone,19.84,33.0,32.0,Healthcare,Biotech,Attraktiv,True
2026-08-07,Long Term Entry Top 8,3,BX,Blackstone Inc.,,0.45,,0.12,8,Sehr gut,10,Hoch,33.0,137.1300048828125,-0.1,0.13,0.14,0.12,0.07,3367700.0,5095940.0,0.66,Normal,Transition Zone,20.0,33.0,35.0,Finance,Asset Management,Review,True
2026-08-07,Long Term Entry Top 8,4,TER,"Teradyne, Inc.",,0.72,,0.05,6,Gut,9,Hoch,32.5,379.30999755859375,0.43,0.05,0.11,-0.01,0.28,3551320.0,3805541.0,0.93,Normal,Hold Zone,14.645,32.5,31.0,AI / Tech,Robotics & Automation,Hold,True
2026-08-07,Long Term Entry Top 8,5,AVGO,Broadcom Inc.,,0.69,,-0.0,7,Gut,9,Hoch,32.5,427.760009765625,0.38,0.07,0.11,0.08,0.17,12344165.0,18941983.0,0.65,Normal,Watchlist Zone,18.07,32.5,25.0,AI / Tech,AI Compute,Hold,False
2026-08-07,Long Term Entry Top 8,6,MSFT,Microsoft Corporation,,0.75,,0.21,7,Gut,8,Hoch,31.5,499.989990234375,0.5,0.3,0.28,0.23,0.16,24137816.0,39547551.0,0.61,Normal,Hold Zone,18.25,31.5,18.0,AI / Tech,Cloud Infrastructure,Attraktiv,True
2026-08-07,Long Term Entry Top 8,7,ANET,"Arista Networks, Inc.",,0.74,,0.33,7,Gut,8,Hoch,31.5,188.6699981689453,0.48,0.01,0.04,0.11,0.28,6028973.0,8028304.0,0.75,Normal,Hold Zone,12.22,31.5,17.0,AI / Tech,AI Networking,Attraktiv,True
2026-08-07,Long Term Entry Top 8,8,PLTR,Palantir Technologies Inc.,,0.65,,0.25,8,Sehr gut,8,Hoch,30.5,172.00999450683594,0.3,0.36,0.32,0.3,0.13,76171329.0,45902686.0,1.66,Normal,Watchlist Zone,19.45,30.5,15.0,AI / Tech,AI Software & Platforms,Review,True
2026-08-07,Early Play,1,FSLR,"First Solar, Inc.",,0.51,,0.14,8,Sehr gut,6,Mittel,36.0,250.0500030517578,0.02,0.1,0.13,0.03,0.07,5127121.0,2513171.0,2.04,Normal,Transition Zone,20.03,21.0,36.0,Energy,Renewables,Review,False
2026-08-07,Early Play,2,LYFT,"Lyft, Inc.",,0.38,,0.22,6,Gut,7,Mittel,34.0,17.459999084472656,-0.24,0.12,0.11,0.17,0.07,21587742.0,12266667.0,1.76,Normal,Transition Zone,14.0,21.0,34.0,Industrials,Logistics & Transport,Review,False
2026-08-07,Early Play,3,RMD,ResMed Inc.,,0.28,,0.03,3,Riskant,6,Mittel,33.0,211.94000244140625,-0.43,0.04,0.07,0.06,-0.08,3424166.0,1420508.0,2.41,Normal,Weak Zone,4.5,17.0,33.0,Healthcare,Medtech,Review,False
2026-08-07,Early Play,4,TPG,TPG Inc.,,0.39,,0.11,5,Neutral,4,Niedrig,28.0,48.9900016784668,-0.22,0.15,0.15,0.15,0.01,4116220.0,2423521.0,1.7,Normal,Transition Zone,12.5,14.0,28.0,Finance,Asset Management,Review,False
2026-08-07,Early Play,5,FSLY,"Fastly, Inc.",,0.58,,0.12,7,Gut,2,Niedrig,22.0,22.959999084472656,0.16,0.17,0.15,0.17,0.34,7205607.0,6109575.0,1.18,Normal,Watchlist Zone,18.74,17.5,22.0,AI / Tech,Cloud Infrastructure,Attraktiv,False
2026-08-07,Early Play,6,NNDM,Nano Dimension Ltd.,,0.39,,0.03,2,Riskant,2,Niedrig,21.0,1.6299999952316284,-0.22,0.09,0.1,0.09,-0.03,3378799.0,2832860.0,1.19,Normal,Transition Zone,7.0,12.5,21.0,AI / Tech,Robotics & Automation,Review,False
2026-08-07,Early Play,7,LDOS,"Leidos Holdings, Inc.",,0.37,,0.06,4,Neutral,3,Niedrig,18.0,137.57000732421875,-0.26,0.29,0.29,0.2,-0.13,1924543.0,1580692.0,1.22,Normal,Transition Zone,11.0,10.0,18.0,Industrials,Defense,Review,False
2026-08-07,Early Play,8,AIG,"American International Group, I",,0.53,,0.04,7,Gut,5,Mittel,17.0,78.77999877929688,0.06,-0.0,-0.01,0.02,0.03,3622988.0,3318774.0,1.09,Normal,Transition Zone,14.59,18.0,17.0,Finance,Insurance,Hold,False
2026-08-08,Ranking Attraktiv,1,ESTC,Elastic N.V.,,0.61,,0.44,9,Sehr gut,5,Mittel,9.0,75.11000061035156,0.22,0.25,0.2,0.21,0.17,2538500.0,1764330.0,1.44,Normal,Watchlist Zone,16.83,23.5,7.0,AI / Tech,Cybersecurity,Attraktiv,False
2026-08-08,Ranking Attraktiv,2,XOM,ExxonMobil Holdings Corporation,,0.7,,0.07,8,Sehr gut,6,Mittel,8.0,153.0399932861328,0.39,0.1,0.06,0.04,0.1,18450600.0,14618470.0,1.26,Normal,Watchlist Zone,21.585,20.0,27.0,Energy,Oil & Gas,Attraktiv,False
2026-08-08,Ranking Attraktiv,3,CVX,Chevron Corporation,,0.62,,0.04,8,Sehr gut,6,Mittel,8.0,186.5599975585937,0.24,0.06,0.02,0.02,0.07,7095400.0,7558030.0,0.94,Normal,Watchlist Zone,18.36,19.0,22.0,Energy,Oil & Gas,Attraktiv,False
2026-08-08,Ranking Attraktiv,4,COP,ConocoPhillips,,0.66,,0.04,8,Sehr gut,7,Mittel,8.0,117.61000061035156,0.33,0.08,0.04,0.04,0.09,7865200.0,6420710.0,1.22,Normal,Watchlist Zone,19.495,22.0,29.0,Energy,Oil & Gas,Attraktiv,False
2026-08-08,Ranking Attraktiv,5,INCY,Incyte Corporation,,0.78,,0.22,8,Sehr gut,10,Hoch,8.0,120.55999755859376,0.56,0.03,0.06,0.08,0.18,1540400.0,1975480.0,0.78,Normal,Hold Zone,19.84,33.0,32.0,Healthcare,Biotech,Attraktiv,True
2026-08-08,Ranking Attraktiv,6,MSFT,Microsoft Corporation,,0.75,,0.21,7,Gut,8,Hoch,7.0,499.989990234375,0.5,0.3,0.28,0.23,0.16,28818000.0,39781560.0,0.72,Normal,Hold Zone,18.25,31.5,18.0,AI / Tech,Cloud Infrastructure,Attraktiv,True
2026-08-08,Ranking Attraktiv,7,FSLY,"Fastly, Inc.",,0.58,,0.12,7,Gut,2,Niedrig,7.0,22.959999084472656,0.16,0.17,0.15,0.17,0.34,7217300.0,6110160.0,1.18,Normal,Watchlist Zone,18.74,17.5,22.0,AI / Tech,Cloud Infrastructure,Attraktiv,False
2026-08-08,Ranking Attraktiv,8,ANET,"Arista Networks, Inc.",,0.74,,0.33,7,Gut,8,Hoch,7.0,188.6699981689453,0.48,0.01,0.04,0.11,0.28,7202500.0,8086980.0,0.89,Normal,Hold Zone,12.22,31.5,18.0,AI / Tech,AI Networking,Attraktiv,True
2026-08-08,Ranking Attraktiv,9,PRU,"Prudential Financial, Inc.",,0.83,,0.22,7,Gut,5,Mittel,7.0,121.27999877929688,0.65,0.05,0.04,0.08,0.16,2079900.0,2039280.0,1.02,Normal,Hold Zone,18.475,19.0,23.0,Finance,Insurance,Attraktiv,False
2026-08-08,Ranking Attraktiv,10,AFL,AFLAC Incorporated,,0.82,,0.11,7,Gut,6,Mittel,7.0,124.61000061035156,0.64,0.02,0.01,0.03,0.1,2452900.0,2053465.0,1.19,Normal,Hold Zone,16.46,19.0,21.0,Finance,Insurance,Attraktiv,False
2026-08-08,Ranking Attraktiv,11,HWM,Howmet Aerospace Inc.,,0.8,,0.04,6,Gut,8,Hoch,6.0,281.8800048828125,0.6,0.04,0.04,0.04,0.18,2000300.0,2106370.0,0.95,Normal,Hold Zone,15.9,27.0,29.0,Industrials,Aerospace,Attraktiv,True
2026-08-08,Ranking Attraktiv,12,UAL,"United Airlines Holdings, Inc.",,0.83,,0.3,6,Gut,3,Niedrig,6.0,129.55999755859375,0.66,0.03,0.07,0.07,0.22,2169700.0,4215280.0,0.51,Normal,Hold Zone,13.99,14.0,10.0,Industrials,Aerospace,Attraktiv,False
2026-08-08,Short Term Top 8,1,LMT,Lockheed Martin Corporation,,0.64,,0.17,9,Sehr gut,5,Mittel,22.92,587.9500122070312,0.28,0.12,0.13,0.1,0.08,749100.0,1224550.0,0.61,Normal,Watchlist Zone,22.92,22.0,22.0,Industrials,Defense,Hold,False
2026-08-08,Short Term Top 8,2,XOM,ExxonMobil Holdings Corporation,,0.7,,0.07,8,Sehr gut,6,Mittel,21.585,153.0399932861328,0.39,0.1,0.06,0.04,0.1,18450600.0,14618470.0,1.26,Normal,Watchlist Zone,21.585,20.0,27.0,Energy,Oil & Gas,Attraktiv,False
2026-08-08,Short Term Top 8,3,BAM,Brookfield Asset Management Inc,,0.55,,0.07,8,Sehr gut,9,Hoch,21.165,52.4900016784668,0.11,0.12,0.13,0.11,0.08,2473500.0,2475920.0,1.0,Normal,Watchlist Zone,21.165,30.0,36.0,Finance,Asset Management,Hold,True
2026-08-08,Short Term Top 8,4,J,Jacobs Solutions Inc.,,0.64,,0.23,8,Sehr gut,4,Niedrig,20.435,145.07000732421875,0.29,0.15,0.15,0.13,0.09,665800.0,889135.0,0.75,Normal,Watchlist Zone,20.435,19.0,18.0,Industrials,Infrastructure & Construction,Hold,False
2026-08-08,Short Term Top 8,5,ZBH,"Zimmer Biomet Holdings, Inc.",,0.62,,0.18,8,Sehr gut,4,Niedrig,20.375,96.5500030517578,0.25,0.06,0.03,0.07,0.07,2186700.0,2622040.0,0.83,Normal,Watchlist Zone,20.375,19.0,21.0,Healthcare,Medtech,Review,False
2026-08-08,Short Term Top 8,6,FSLR,"First Solar, Inc.",,0.51,,0.14,8,Sehr gut,6,Mittel,20.03,250.0500030517578,0.02,0.1,0.13,0.03,0.07,5214300.0,2517530.0,2.07,Normal,Transition Zone,20.03,21.0,36.0,Energy,Renewables,Review,False
2026-08-08,Short Term Top 8,7,BX,Blackstone Inc.,,0.45,,0.12,8,Sehr gut,10,Hoch,20.0,137.1300048828125,-0.1,0.13,0.14,0.12,0.07,4069700.0,5131040.0,0.79,Normal,Transition Zone,20.0,33.0,35.0,Finance,Asset Management,Review,True
2026-08-08,Short Term Top 8,8,INCY,Incyte Corporation,,0.78,,0.22,8,Sehr gut,10,Hoch,19.84,120.55999755859376,0.56,0.03,0.06,0.08,0.18,1540400.0,1975480.0,0.78,Normal,Hold Zone,19.84,33.0,32.0,Healthcare,Biotech,Attraktiv,True
2026-08-08,Long Term Entry Top 8,1,NVDA,NVIDIA Corporation,,0.83,,0.04,7,Gut,10,Hoch,33.5,223.9600067138672,0.66,0.06,0.1,0.09,0.16,105473700.0,127213930.0,0.83,Normal,Hold Zone,17.490000000000002,33.5,33.0,AI / Tech,AI Compute,Hold,True
2026-08-08,Long Term Entry Top 8,2,INCY,Incyte Corporation,,0.78,,0.22,8,Sehr gut,10,Hoch,33.0,120.55999755859376,0.56,0.03,0.06,0.08,0.18,1540400.0,1975480.0,0.78,Normal,Hold Zone,19.84,33.0,32.0,Healthcare,Biotech,Attraktiv,True
2026-08-08,Long Term Entry Top 8,3,BX,Blackstone Inc.,,0.45,,0.12,8,Sehr gut,10,Hoch,33.0,137.1300048828125,-0.1,0.13,0.14,0.12,0.07,4069700.0,5131040.0,0.79,Normal,Transition Zone,20.0,33.0,35.0,Finance,Asset Management,Review,True
2026-08-08,Long Term Entry Top 8,4,TER,"Teradyne, Inc.",,0.72,,0.05,6,Gut,9,Hoch,32.5,379.30999755859375,0.43,0.05,0.11,-0.01,0.28,3737100.0,3814830.0,0.98,Normal,Hold Zone,14.645,32.5,31.0,AI / Tech,Semiconductor Equipment,Hold,True
2026-08-08,Long Term Entry Top 8,5,AVGO,Broadcom Inc.,,0.69,,-0.0,7,Gut,9,Hoch,32.5,427.760009765625,0.38,0.07,0.11,0.08,0.17,14680000.0,19058775.0,0.77,Normal,Watchlist Zone,18.07,32.5,25.0,AI / Tech,AI Compute,Hold,False
2026-08-08,Long Term Entry Top 8,6,MSFT,Microsoft Corporation,,0.75,,0.21,7,Gut,8,Hoch,31.5,499.989990234375,0.5,0.3,0.28,0.23,0.16,28818000.0,39781560.0,0.72,Normal,Hold Zone,18.25,31.5,18.0,AI / Tech,Cloud Infrastructure,Attraktiv,True
2026-08-08,Long Term Entry Top 8,7,ANET,"Arista Networks, Inc.",,0.74,,0.33,7,Gut,8,Hoch,31.5,188.6699981689453,0.48,0.01,0.04,0.11,0.28,7202500.0,8086980.0,0.89,Normal,Hold Zone,12.22,31.5,18.0,AI / Tech,AI Networking,Attraktiv,True
2026-08-08,Long Term Entry Top 8,8,PLTR,Palantir Technologies Inc.,,0.65,,0.25,8,Sehr gut,8,Hoch,30.5,172.00999450683594,0.3,0.36,0.32,0.3,0.13,77382900.0,45963265.0,1.68,Normal,Watchlist Zone,19.45,30.5,15.0,AI / Tech,AI Software & Platforms,Review,True
2026-08-08,Early Play,1,LYFT,"Lyft, Inc.",,0.38,,0.22,7,Gut,9,Hoch,38.0,17.459999084472656,-0.24,0.12,0.11,0.17,0.07,23940800.0,12384320.0,1.93,Normal,Transition Zone,16.5,26.0,38.0,Industrials,Logistics & Transport,Review,True
2026-08-08,Early Play,2,FSLR,"First Solar, Inc.",,0.51,,0.14,8,Sehr gut,6,Mittel,36.0,250.0500030517578,0.02,0.1,0.13,0.03,0.07,5214300.0,2517530.0,2.07,Normal,Transition Zone,20.03,21.0,36.0,Energy,Renewables,Review,False
2026-08-08,Early Play,3,RMD,ResMed Inc.,,0.28,,0.03,3,Riskant,5,Mittel,31.0,211.94000244140625,-0.43,0.04,0.07,0.06,-0.08,3810300.0,1439815.0,2.65,Normal,Weak Zone,4.5,15.0,31.0,Healthcare,Medtech,Review,False
2026-08-08,Early Play,4,COP,ConocoPhillips,,0.66,,0.04,8,Sehr gut,7,Mittel,29.0,117.61000061035156,0.33,0.08,0.04,0.04,0.09,7865200.0,6420710.0,1.22,Normal,Watchlist Zone,19.495,22.0,29.0,Energy,Oil & Gas,Attraktiv,False
2026-08-08,Early Play,5,TPG,TPG Inc.,,0.39,,0.11,5,Neutral,4,Niedrig,28.0,48.9900016784668,-0.22,0.15,0.15,0.15,0.01,4221100.0,2428765.0,1.74,Normal,Transition Zone,12.5,14.0,28.0,Finance,Asset Management,Review,False
2026-08-08,Early Play,6,XOM,ExxonMobil Holdings Corporation,,0.7,,0.07,8,Sehr gut,6,Mittel,27.0,153.0399932861328,0.39,0.1,0.06,0.04,0.1,18450600.0,14618470.0,1.26,Normal,Watchlist Zone,21.585,20.0,27.0,Energy,Oil & Gas,Attraktiv,False
2026-08-08,Early Play,7,FSLY,"Fastly, Inc.",,0.58,,0.12,7,Gut,2,Niedrig,22.0,22.959999084472656,0.16,0.17,0.15,0.17,0.34,7217300.0,6110160.0,1.18,Normal,Watchlist Zone,18.74,17.5,22.0,AI / Tech,Cloud Infrastructure,Attraktiv,False
2026-08-08,Early Play,8,NNDM,Nano Dimension Ltd.,,0.39,,0.03,2,Riskant,1,Niedrig,19.0,1.6299999952316284,-0.22,0.09,0.1,0.09,-0.03,3390100.0,2833425.0,1.2,Normal,Transition Zone,7.0,10.5,19.0,AI / Tech,Robotics & Automation,Review,False
2026-08-08,High Conviction Early Play,1,LYFT,"Lyft, Inc.",,0.38,,0.22,7,Gut,9,Hoch,38.0,17.459999084472656,-0.24,0.12,0.11,0.17,0.07,23940800.0,12384320.0,1.93,Normal,Transition Zone,16.5,26.0,38.0,Industrials,Logistics & Transport,Review,True
2026-08-09,Ranking Attraktiv,1,ESTC,Elastic N.V.,,0.61,,0.44,9,Sehr gut,5,Mittel,9.0,75.11000061035156,0.22,0.25,0.2,0.21,0.17,2538500.0,1764330.0,1.44,Normal,Watchlist Zone,16.83,23.5,7.0,AI / Tech,Cybersecurity,Attraktiv,False
2026-08-09,Ranking Attraktiv,2,XOM,ExxonMobil Holdings Corporation,,0.7,,0.07,8,Sehr gut,6,Mittel,8.0,153.0399932861328,0.39,0.1,0.06,0.04,0.1,18450600.0,14618470.0,1.26,Normal,Watchlist Zone,21.585,20.0,27.0,Energy,Oil & Gas,Attraktiv,False
2026-08-09,Ranking Attraktiv,3,CVX,Chevron Corporation,,0.62,,0.04,8,Sehr gut,6,Mittel,8.0,186.5599975585937,0.24,0.06,0.02,0.02,0.07,7095400.0,7558030.0,0.94,Normal,Watchlist Zone,18.36,19.0,22.0,Energy,Oil & Gas,Attraktiv,False
2026-08-09,Ranking Attraktiv,4,COP,ConocoPhillips,,0.66,,0.04,8,Sehr gut,7,Mittel,8.0,117.61000061035156,0.33,0.08,0.04,0.04,0.09,7865200.0,6420710.0,1.22,Normal,Watchlist Zone,19.495,22.0,29.0,Energy,Oil & Gas,Attraktiv,False
2026-08-09,Ranking Attraktiv,5,INCY,Incyte Corporation,,0.78,,0.22,8,Sehr gut,10,Hoch,8.0,120.55999755859376,0.56,0.03,0.06,0.08,0.18,1540400.0,1975480.0,0.78,Normal,Hold Zone,19.84,33.0,32.0,Healthcare,Biotech,Attraktiv,True
2026-08-09,Ranking Attraktiv,6,MSFT,Microsoft Corporation,,0.75,,0.21,7,Gut,8,Hoch,7.0,499.989990234375,0.5,0.3,0.28,0.23,0.16,28818000.0,39781560.0,0.72,Normal,Hold Zone,18.25,31.5,18.0,AI / Tech,Cloud Infrastructure,Attraktiv,True
2026-08-09,Ranking Attraktiv,7,FSLY,"Fastly, Inc.",,0.58,,0.12,7,Gut,2,Niedrig,7.0,22.959999084472656,0.16,0.17,0.15,0.17,0.34,7217300.0,6110160.0,1.18,Normal,Watchlist Zone,18.74,17.5,22.0,AI / Tech,Cloud Infrastructure,Attraktiv,False
2026-08-09,Ranking Attraktiv,8,ANET,"Arista Networks, Inc.",,0.74,,0.33,7,Gut,8,Hoch,7.0,188.6699981689453,0.48,0.01,0.04,0.11,0.28,7202500.0,8086980.0,0.89,Normal,Hold Zone,12.22,31.5,18.0,AI / Tech,AI Networking,Attraktiv,True
2026-08-09,Ranking Attraktiv,9,PRU,"Prudential Financial, Inc.",,0.83,,0.22,7,Gut,5,Mittel,7.0,121.27999877929688,0.65,0.05,0.04,0.08,0.16,2079900.0,2039280.0,1.02,Normal,Hold Zone,18.475,19.0,23.0,Finance,Insurance,Attraktiv,False
2026-08-09,Ranking Attraktiv,10,AFL,AFLAC Incorporated,,0.82,,0.11,7,Gut,6,Mittel,7.0,124.61000061035156,0.64,0.02,0.01,0.03,0.1,2452900.0,2053465.0,1.19,Normal,Hold Zone,16.46,19.0,21.0,Finance,Insurance,Attraktiv,False
2026-08-09,Ranking Attraktiv,11,HWM,Howmet Aerospace Inc.,,0.8,,0.04,6,Gut,8,Hoch,6.0,281.8800048828125,0.6,0.04,0.04,0.04,0.18,2000300.0,2106370.0,0.95,Normal,Hold Zone,15.9,27.0,29.0,Industrials,Aerospace,Attraktiv,True
2026-08-09,Ranking Attraktiv,12,UAL,"United Airlines Holdings, Inc.",,0.83,,0.3,6,Gut,3,Niedrig,6.0,129.55999755859375,0.66,0.03,0.07,0.07,0.22,2169700.0,4215280.0,0.51,Normal,Hold Zone,13.99,14.0,10.0,Industrials,Aerospace,Attraktiv,False
2026-08-09,Short Term Top 8,1,LMT,Lockheed Martin Corporation,,0.64,,0.17,9,Sehr gut,5,Mittel,22.92,587.9500122070312,0.28,0.12,0.13,0.1,0.08,749100.0,1224550.0,0.61,Normal,Watchlist Zone,22.92,22.0,22.0,Industrials,Defense,Hold,False
2026-08-09,Short Term Top 8,2,XOM,ExxonMobil Holdings Corporation,,0.7,,0.07,8,Sehr gut,6,Mittel,21.585,153.0399932861328,0.39,0.1,0.06,0.04,0.1,18450600.0,14618470.0,1.26,Normal,Watchlist Zone,21.585,20.0,27.0,Energy,Oil & Gas,Attraktiv,False
2026-08-09,Short Term Top 8,3,BAM,Brookfield Asset Management Inc,,0.55,,0.07,8,Sehr gut,9,Hoch,21.165,52.4900016784668,0.11,0.12,0.13,0.11,0.08,2473500.0,2475920.0,1.0,Normal,Watchlist Zone,21.165,30.0,36.0,Finance,Asset Management,Hold,True
2026-08-09,Short Term Top 8,4,J,Jacobs Solutions Inc.,,0.64,,0.23,8,Sehr gut,4,Niedrig,20.435,145.07000732421875,0.29,0.15,0.15,0.13,0.09,665800.0,889135.0,0.75,Normal,Watchlist Zone,20.435,19.0,18.0,Industrials,Infrastructure & Construction,Hold,False
2026-08-09,Short Term Top 8,5,ZBH,"Zimmer Biomet Holdings, Inc.",,0.62,,0.18,8,Sehr gut,4,Niedrig,20.375,96.5500030517578,0.25,0.06,0.03,0.07,0.07,2186700.0,2622040.0,0.83,Normal,Watchlist Zone,20.375,19.0,21.0,Healthcare,Medtech,Review,False
2026-08-09,Short Term Top 8,6,FSLR,"First Solar, Inc.",,0.51,,0.14,8,Sehr gut,6,Mittel,20.03,250.0500030517578,0.02,0.1,0.13,0.03,0.07,5214300.0,2517530.0,2.07,Normal,Transition Zone,20.03,21.0,36.0,Energy,Renewables,Review,False
2026-08-09,Short Term Top 8,7,BX,Blackstone Inc.,,0.45,,0.12,8,Sehr gut,10,Hoch,20.0,137.1300048828125,-0.1,0.13,0.14,0.12,0.07,4069700.0,5131040.0,0.79,Normal,Transition Zone,20.0,33.0,35.0,Finance,Asset Management,Review,True
2026-08-09,Short Term Top 8,8,INCY,Incyte Corporation,,0.78,,0.22,8,Sehr gut,10,Hoch,19.84,120.55999755859376,0.56,0.03,0.06,0.08,0.18,1540400.0,1975480.0,0.78,Normal,Hold Zone,19.84,33.0,32.0,Healthcare,Biotech,Attraktiv,True
2026-08-09,Long Term Entry Top 8,1,NVDA,NVIDIA Corporation,,0.83,,0.04,7,Gut,10,Hoch,33.5,223.9600067138672,0.66,0.06,0.1,0.09,0.16,105473700.0,127213930.0,0.83,Normal,Hold Zone,17.490000000000002,33.5,33.0,AI / Tech,AI Compute,Hold,True
2026-08-09,Long Term Entry Top 8,2,INCY,Incyte Corporation,,0.78,,0.22,8,Sehr gut,10,Hoch,33.0,120.55999755859376,0.56,0.03,0.06,0.08,0.18,1540400.0,1975480.0,0.78,Normal,Hold Zone,19.84,33.0,32.0,Healthcare,Biotech,Attraktiv,True
2026-08-09,Long Term Entry Top 8,3,BX,Blackstone Inc.,,0.45,,0.12,8,Sehr gut,10,Hoch,33.0,137.1300048828125,-0.1,0.13,0.14,0.12,0.07,4069700.0,5131040.0,0.79,Normal,Transition Zone,20.0,33.0,35.0,Finance,Asset Management,Review,True
2026-08-09,Long Term Entry Top 8,4,TER,"Teradyne, Inc.",,0.72,,0.05,6,Gut,9,Hoch,32.5,379.30999755859375,0.43,0.05,0.11,-0.01,0.28,3737100.0,3814830.0,0.98,Normal,Hold Zone,14.645,32.5,31.0,AI / Tech,Robotics & Automation,Hold,True
2026-08-09,Long Term Entry Top 8,5,AVGO,Broadcom Inc.,,0.69,,-0.0,7,Gut,9,Hoch,32.5,427.760009765625,0.38,0.07,0.11,0.08,0.17,14680000.0,19058775.0,0.77,Normal,Watchlist Zone,18.07,32.5,25.0,AI / Tech,AI Compute,Hold,False
2026-08-09,Long Term Entry Top 8,6,ANET,"Arista Networks, Inc.",,0.74,,0.33,7,Gut,8,Hoch,31.5,188.6699981689453,0.48,0.01,0.04,0.11,0.28,7202500.0,8086980.0,0.89,Normal,Hold Zone,12.22,31.5,18.0,AI / Tech,AI Networking,Attraktiv,True
2026-08-09,Long Term Entry Top 8,7,MSFT,Microsoft Corporation,,0.75,,0.21,7,Gut,8,Hoch,31.5,499.989990234375,0.5,0.3,0.28,0.23,0.16,28818000.0,39781560.0,0.72,Normal,Hold Zone,18.25,31.5,18.0,AI / Tech,AI Software & Platforms,Review,True
2026-08-09,Long Term Entry Top 8,8,PLTR,Palantir Technologies Inc.,,0.65,,0.25,8,Sehr gut,8,Hoch,30.5,172.00999450683594,0.3,0.36,0.32,0.3,0.13,77382900.0,45963265.0,1.68,Normal,Watchlist Zone,19.45,30.5,15.0,AI / Tech,AI Software & Platforms,Review,True
2026-08-09,Early Play,1,LYFT,"Lyft, Inc.",,0.38,,0.22,7,Gut,9,Hoch,38.0,17.459999084472656,-0.24,0.12,0.11,0.17,0.07,23940800.0,12384320.0,1.93,Normal,Transition Zone,16.5,26.0,38.0,Industrials,Logistics & Transport,Review,True
2026-08-09,Early Play,2,FSLR,"First Solar, Inc.",,0.51,,0.14,8,Sehr gut,6,Mittel,36.0,250.0500030517578,0.02,0.1,0.13,0.03,0.07,5214300.0,2517530.0,2.07,Normal,Transition Zone,20.03,21.0,36.0,Energy,Renewables,Review,False
2026-08-09,Early Play,3,RMD,ResMed Inc.,,0.28,,0.03,3,Riskant,5,Mittel,31.0,211.94000244140625,-0.43,0.04,0.07,0.06,-0.08,3810300.0,1439815.0,2.65,Normal,Weak Zone,4.5,15.0,31.0,Healthcare,Medtech,Review,False
2026-08-09,Early Play,4,COP,ConocoPhillips,,0.66,,0.04,8,Sehr gut,7,Mittel,29.0,117.61000061035156,0.33,0.08,0.04,0.04,0.09,7865200.0,6420710.0,1.22,Normal,Watchlist Zone,19.495,22.0,29.0,Energy,Oil & Gas,Attraktiv,False
2026-08-09,Early Play,5,TPG,TPG Inc.,,0.39,,0.11,5,Neutral,4,Niedrig,28.0,48.9900016784668,-0.22,0.15,0.15,0.15,0.01,4221100.0,2428765.0,1.74,Normal,Transition Zone,12.5,14.0,28.0,Finance,Asset Management,Review,False
2026-08-09,Early Play,6,XOM,ExxonMobil Holdings Corporation,,0.7,,0.07,8,Sehr gut,6,Mittel,27.0,153.0399932861328,0.39,0.1,0.06,0.04,0.1,18450600.0,14618470.0,1.26,Normal,Watchlist Zone,21.585,20.0,27.0,Energy,Oil & Gas,Attraktiv,False
2026-08-09,Early Play,7,FSLY,"Fastly, Inc.",,0.58,,0.12,7,Gut,2,Niedrig,22.0,22.959999084472656,0.16,0.17,0.15,0.17,0.34,7217300.0,6110160.0,1.18,Normal,Watchlist Zone,18.74,17.5,22.0,AI / Tech,Cloud Infrastructure,Attraktiv,False
2026-08-09,Early Play,8,NNDM,Nano Dimension Ltd.,,0.39,,0.03,2,Riskant,1,Niedrig,19.0,1.6299999952316284,-0.22,0.09,0.1,0.09,-0.03,3390100.0,2833425.0,1.2,Normal,Transition Zone,7.0,10.5,19.0,AI / Tech,Robotics & Automation,Review,False
2026-08-09,High Conviction Early Play,1,LYFT,"Lyft, Inc.",,0.38,,0.22,7,Gut,9,Hoch,38.0,17.459999084472656,-0.24,0.12,0.11,0.17,0.07,23940800.0,12384320.0,1.93,Normal,Transition Zone,16.5,26.0,38.0,Industrials,Logistics & Transport,Review,True
2026-08-10,Ranking Attraktiv,1,INCY,Incyte Corporation,,0.8,,0.21,8,Sehr gut,10,Hoch,8.0,121.5500030517578,0.59,0.06,0.06,0.09,0.19,1351934.0,1969027.0,0.69,Normal,Hold Zone,20.885,33.0,32.0,Healthcare,Biotech,Attraktiv,True
2026-08-10,Ranking Attraktiv,2,ANET,"Arista Networks, Inc.",,0.77,,0.4,7,Gut,8,Hoch,7.0,191.5200042724609,0.53,0.06,0.05,0.12,0.3,4457437.0,7852377.0,0.57,Normal,Hold Zone,13.295,30.5,20.0,AI / Tech,AI Networking,Attraktiv,True
2026-08-10,Ranking Attraktiv,3,ABBV,AbbVie Inc.,,0.75,,0.23,7,Gut,5,Mittel,7.0,247.97000122070312,0.5,0.01,0.02,0.03,0.12,4205927.0,5701871.0,0.74,Normal,Hold Zone,16.25,19.0,16.0,Healthcare,Pharma,Attraktiv,False
2026-08-10,Ranking Attraktiv,4,MSFT,Microsoft Corporation,,0.78,,0.23,7,Gut,8,Hoch,7.0,506.05999755859375,0.56,0.29,0.31,0.24,0.17,31137345.0,39892682.0,0.78,Normal,Hold Zone,18.34,31.5,18.0,AI / Tech,Cloud Infrastructure,Attraktiv,True
2026-08-10,Ranking Attraktiv,5,PRU,"Prudential Financial, Inc.",,0.85,,0.22,7,Gut,5,Mittel,7.0,122.11000061035156,0.7,0.05,0.06,0.08,0.17,891077.0,1993424.0,0.45,Normal,Hold Zone,18.55,19.0,22.0,Finance,Insurance,Attraktiv,False
2026-08-10,Ranking Attraktiv,6,TRV,"The Travelers Companies, Inc.",,0.85,,0.27,7,Gut,5,Mittel,7.0,375.6199951171875,0.69,0.1,0.12,0.11,0.24,1142549.0,2184107.0,0.52,Normal,Hold Zone,17.535,19.0,14.0,Finance,Insurance,Attraktiv,False
2026-08-10,Ranking Attraktiv,7,XOM,ExxonMobil Holdings Corporation,,0.79,,0.07,6,Gut,6,Mittel,6.0,159.7899932861328,0.58,0.11,0.1,0.09,0.15,12663458.0,14315428.0,0.88,Normal,Hold Zone,16.869999999999997,19.0,25.0,Energy,Oil & Gas,Attraktiv,False
2026-08-10,Ranking Attraktiv,8,UAL,"United Airlines Holdings, Inc.",,0.72,,0.28,6,Gut,3,Niedrig,6.0,123.76000213623048,0.45,0.02,0.03,0.02,0.16,2842747.0,4141697.0,0.69,Normal,Hold Zone,14.675,15.0,7.0,Industrials,Aerospace,Attraktiv,False
2026-08-10,Ranking Attraktiv,9,EOG,"EOG Resources, Inc.",,0.85,,0.07,6,Gut,10,Hoch,6.0,142.22000122070312,0.71,0.03,0.04,0.04,0.15,3185876.0,3093784.0,1.03,Normal,Upper Range,13.065,26.0,33.0,Energy,Oil & Gas,Attraktiv,True
2026-08-10,Ranking Attraktiv,10,CVX,Chevron Corporation,,0.74,,0.06,6,Gut,6,Mittel,6.0,194.9100036621093,0.48,0.07,0.07,0.06,0.12,6085674.0,7478059.0,0.81,Normal,Hold Zone,16.72,19.0,25.0,Energy,Oil & Gas,Attraktiv,False
2026-08-10,Ranking Attraktiv,11,SHEL,Shell PLC,,0.85,,0.06,6,Gut,6,Mittel,6.0,89.94999694824219,0.69,0.07,0.07,0.07,0.11,4601568.0,7080676.0,0.65,Normal,Hold Zone,17.035,17.0,24.0,Energy,Oil & Gas,Attraktiv,False
2026-08-10,Ranking Attraktiv,12,COP,ConocoPhillips,,0.77,,0.06,6,Gut,7,Mittel,6.0,123.02999877929688,0.54,0.09,0.1,0.08,0.14,4712967.0,6357573.0,0.74,Normal,Hold Zone,16.810000000000002,21.0,26.0,Energy,Oil & Gas,Attraktiv,False
2026-08-10,Short Term Top 8,1,LMT,Lockheed Martin Corporation,,0.69,,0.19,9,Sehr gut,5,Mittel,22.085,603.1599731445312,0.39,0.16,0.17,0.13,0.11,1180848.0,1247862.0,0.95,Normal,Watchlist Zone,22.085,22.0,21.0,Industrials,Defense,Hold,False
2026-08-10,Short Term Top 8,2,BX,Blackstone Inc.,,0.51,,0.18,9,Sehr gut,10,Hoch,21.515,141.66000366210938,0.01,0.17,0.15,0.16,0.1,4414115.0,5189236.0,0.85,Normal,Transition Zone,21.515,32.0,36.0,Finance,Asset Management,Hold,True
2026-08-10,Short Term Top 8,3,ZBH,"Zimmer Biomet Holdings, Inc.",,0.67,,0.23,8,Sehr gut,4,Niedrig,21.51,97.77999877929688,0.34,0.04,0.07,0.08,0.08,1985792.0,2585090.0,0.77,Normal,Watchlist Zone,21.51,19.0,20.0,Healthcare,Medtech,Hold,False
2026-08-10,Short Term Top 8,4,SYK,Stryker Corporation,,0.58,,0.23,8,Sehr gut,5,Mittel,21.24,345.8099975585937,0.16,0.04,0.11,0.08,0.02,1647841.0,2436932.0,0.68,Normal,Watchlist Zone,21.24,22.0,27.0,Healthcare,Medtech,Hold,False
2026-08-10,Short Term Top 8,5,BAM,Brookfield Asset Management Inc,,0.57,,0.09,8,Sehr gut,9,Hoch,21.21,52.84000015258789,0.14,0.13,0.11,0.11,0.09,2071056.0,2502808.0,0.83,Normal,Watchlist Zone,21.21,31.0,36.0,Finance,Asset Management,Hold,True
2026-08-10,Short Term Top 8,6,INCY,Incyte Corporation,,0.8,,0.21,8,Sehr gut,10,Hoch,20.885,121.5500030517578,0.59,0.06,0.06,0.09,0.19,1351934.0,1969027.0,0.69,Normal,Hold Zone,20.885,33.0,32.0,Healthcare,Biotech,Attraktiv,True
2026-08-10,Short Term Top 8,7,FLR,Fluor Corporation,,0.7,,0.2,8,Sehr gut,3,Niedrig,20.585,52.25,0.39,0.05,0.02,0.03,0.11,4565457.0,2672358.0,1.71,Normal,Watchlist Zone,20.585,16.0,20.0,Industrials,Infrastructure & Construction,Hold,False
2026-08-10,Short Term Top 8,8,J,Jacobs Solutions Inc.,,0.68,,0.26,8,Sehr gut,4,Niedrig,20.54,147.3300018310547,0.36,0.16,0.14,0.14,0.11,591774.0,885274.0,0.67,Normal,Watchlist Zone,20.54,19.0,10.0,Industrials,Infrastructure & Construction,Hold,False
2026-08-10,Long Term Entry Top 8,1,INCY,Incyte Corporation,,0.8,,0.21,8,Sehr gut,10,Hoch,33.0,121.5500030517578,0.59,0.06,0.06,0.09,0.19,1351934.0,1969027.0,0.69,Normal,Hold Zone,20.885,33.0,32.0,Healthcare,Biotech,Attraktiv,True
2026-08-10,Long Term Entry Top 8,2,NVDA,NVIDIA Corporation,,0.74,,-0.01,5,Neutral,10,Hoch,32.5,217.5500030517578,0.48,0.07,0.03,0.06,0.12,108135773.0,126550169.0,0.85,Normal,Hold Zone,11.22,32.5,28.0,AI / Tech,AI Compute,Review,False
2026-08-10,Long Term Entry Top 8,3,BX,Blackstone Inc.,,0.51,,0.18,9,Sehr gut,10,Hoch,32.0,141.66000366210938,0.01,0.17,0.15,0.16,0.1,4414115.0,5189236.0,0.85,Normal,Transition Zone,21.515,32.0,36.0,Finance,Asset Management,Hold,True
2026-08-10,Long Term Entry Top 8,4,MSFT,Microsoft Corporation,,0.78,,0.23,7,Gut,8,Hoch,31.5,506.05999755859375,0.56,0.29,0.31,0.24,0.17,31137345.0,39892682.0,0.78,Normal,Hold Zone,18.34,31.5,18.0,AI / Tech,Cloud Infrastructure,Attraktiv,True
2026-08-10,Long Term Entry Top 8,5,AVGO,Broadcom Inc.,,0.67,,-0.01,6,Gut,9,Hoch,31.5,422.3999938964844,0.33,0.1,0.09,0.07,0.15,13766512.0,18682376.0,0.74,Normal,Watchlist Zone,15.495,31.5,25.0,AI / Tech,AI Compute,Review,False
2026-08-10,Long Term Entry Top 8,6,BAM,Brookfield Asset Management Inc,,0.57,,0.09,8,Sehr gut,9,Hoch,31.0,52.84000015258789,0.14,0.13,0.11,0.11,0.09,2071056.0,2502808.0,0.83,Normal,Watchlist Zone,21.21,31.0,36.0,Finance,Asset Management,Hold,True
2026-08-10,Long Term Entry Top 8,7,PLTR,Palantir Technologies Inc.,,0.68,,0.28,8,Sehr gut,8,Hoch,30.5,175.22999572753906,0.36,0.35,0.31,0.32,0.15,55252372.0,46736559.0,1.18,Normal,Watchlist Zone,19.54,30.5,13.0,AI / Tech,AI Software & Platforms,Review,True
2026-08-10,Long Term Entry Top 8,8,ANET,"Arista Networks, Inc.",,0.77,,0.4,7,Gut,8,Hoch,30.5,191.5200042724609,0.53,0.06,0.05,0.12,0.3,4457437.0,7852377.0,0.57,Normal,Hold Zone,13.295,30.5,20.0,AI / Tech,AI Networking,Attraktiv,True
2026-08-10,Early Play,1,LYFT,"Lyft, Inc.",,0.37,,0.24,7,Gut,9,Hoch,34.0,17.260000228881836,-0.27,0.1,0.11,0.15,0.06,13797204.0,12651905.0,1.09,Normal,Transition Zone,16.5,27.0,34.0,Industrials,Logistics & Transport,Review,True
2026-08-10,Early Play,2,KKR,KKR & Co. Inc.,,0.31,,0.05,3,Riskant,6,Mittel,32.0,103.83000183105467,-0.38,0.07,0.07,0.07,-0.02,6039965.0,4380878.0,1.38,Normal,Weak Zone,4.5,17.0,32.0,Finance,Asset Management,Review,False
2026-08-10,Early Play,3,FSLR,"First Solar, Inc.",,0.44,,0.03,6,Gut,6,Mittel,25.0,239.3300018310547,-0.13,0.08,0.09,-0.01,0.02,2904007.0,2571705.0,1.13,Normal,Transition Zone,14.0,15.0,25.0,Energy,Renewables,Review,False
2026-08-10,Early Play,4,FLR,Fluor Corporation,,0.7,,0.2,8,Sehr gut,3,Niedrig,20.0,52.25,0.39,0.05,0.02,0.03,0.11,4565457.0,2672358.0,1.71,Normal,Watchlist Zone,20.585,16.0,20.0,Industrials,Infrastructure & Construction,Hold,False
2026-08-10,Early Play,5,AFL,AFLAC Incorporated,,0.72,,0.06,6,Gut,6,Mittel,18.0,121.94000244140624,0.43,-0.01,-0.0,0.01,0.08,3425444.0,2143732.0,1.6,Normal,Hold Zone,14.645,20.0,18.0,Finance,Insurance,Attraktiv,False
2026-08-10,Early Play,6,KTOS,Kratos Defense & Security Solut,,0.21,,0.1,1,Riskant,3,Niedrig,16.0,62.41999816894531,-0.57,0.33,0.24,0.19,-0.16,4538749.0,4149497.0,1.09,Normal,Weak Zone,2.5,10.0,16.0,Industrials,Aerospace,Review,False
2026-08-10,Early Play,7,SE,Sea Limited,,0.31,,0.35,2,Riskant,3,Niedrig,16.0,114.8000030517578,-0.38,0.04,0.05,0.15,0.05,5753259.0,4362283.0,1.32,Normal,Weak Zone,-1.0,15.5,16.0,Consumer & Retail,E-Commerce,Review,False
2026-08-10,High Conviction Early Play,1,LYFT,"Lyft, Inc.",,0.37,,0.24,7,Gut,9,Hoch,34.0,17.260000228881836,-0.27,0.1,0.11,0.15,0.06,13797204.0,12651905.0,1.09,Normal,Transition Zone,16.5,27.0,34.0,Industrials,Logistics & Transport,Review,True
2026-08-11,Ranking Attraktiv,1,BX,Blackstone Inc.,,0.57,,0.21,10,Sehr gut,10,Hoch,10.0,147.1699981689453,0.14,0.19,0.17,0.19,0.15,6536846.0,5361772.0,1.22,Normal,Watchlist Zone,24.21,32.0,38.0,Finance,Asset Management,Attraktiv,True
2026-08-11,Ranking Attraktiv,2,WFC,Wells Fargo & Company,,0.63,,0.17,9,Sehr gut,7,Mittel,9.0,87.44999694824219,0.27,0.03,0.01,0.03,0.04,6037665.0,14850368.0,0.41,Normal,Watchlist Zone,20.905,25.0,23.0,Finance,Banks,Attraktiv,False
2026-08-11,Ranking Attraktiv,3,INCY,Incyte Corporation,,0.78,,0.22,8,Sehr gut,10,Hoch,8.0,121.06999969482422,0.57,0.05,0.05,0.08,0.18,1020856.0,1955068.0,0.52,Normal,Hold Zone,20.855,33.0,32.0,Healthcare,Biotech,Attraktiv,True
2026-08-11,Ranking Attraktiv,4,ANET,"Arista Networks, Inc.",,0.83,,0.39,7,Gut,8,Hoch,7.0,197.8500061035156,0.66,0.08,0.15,0.15,0.34,5207498.0,7783570.0,0.67,Normal,Hold Zone,13.49,28.5,18.0,AI / Tech,AI Networking,Attraktiv,True
2026-08-11,Ranking Attraktiv,5,MSFT,Microsoft Corporation,,0.77,,0.24,7,Gut,8,Hoch,7.0,503.80999755859375,0.54,0.31,0.27,0.23,0.17,22984523.0,39653561.0,0.58,Normal,Hold Zone,18.31,31.5,18.0,AI / Tech,Cloud Infrastructure,Attraktiv,True
2026-08-11,Ranking Attraktiv,6,ABBV,AbbVie Inc.,,0.78,,0.21,7,Gut,5,Mittel,7.0,250.08999633789065,0.55,0.03,0.02,0.04,0.13,3105400.0,5595005.0,0.56,Normal,Hold Zone,16.325,20.0,19.0,Healthcare,Pharma,Attraktiv,False
2026-08-11,Ranking Attraktiv,7,BLK,"BlackRock, Inc.",,0.82,,0.06,7,Gut,9,Hoch,7.0,1148.8399658203125,0.64,0.12,0.05,0.1,0.1,298184.0,767209.0,0.39,Normal,Hold Zone,19.46,27.0,30.0,Finance,Asset Management,Attraktiv,True
2026-08-11,Ranking Attraktiv,8,GILD,"Gilead Sciences, Inc.",,0.6,,0.01,7,Gut,3,Niedrig,7.0,135.77000427246094,0.2,0.04,0.03,0.05,0.04,5413066.0,6997998.0,0.77,Normal,Watchlist Zone,16.8,15.0,15.0,Healthcare,Biotech,Attraktiv,False
2026-08-11,Ranking Attraktiv,9,BMY,Bristol-Myers Squibb Company,,0.83,,0.14,7,Gut,6,Mittel,7.0,63.61000061035156,0.67,0.12,0.08,0.08,0.15,6889808.0,12589980.0,0.55,Normal,Hold Zone,18.505,21.0,24.0,Healthcare,Pharma,Attraktiv,False
2026-08-11,Ranking Attraktiv,10,TRV,"The Travelers Companies, Inc.",,0.85,,0.26,7,Gut,5,Mittel,7.0,375.6099853515625,0.69,0.12,0.14,0.11,0.24,644924.0,2148081.0,0.3,Normal,Hold Zone,17.535,19.0,14.0,Finance,Insurance,Attraktiv,False
2026-08-11,Ranking Attraktiv,11,ALL,Allstate Corporation (The),,0.84,,0.22,7,Gut,6,Mittel,7.0,262.2300109863281,0.67,0.05,0.09,0.08,0.22,2859169.0,1755553.0,1.63,Normal,Hold Zone,18.505,21.0,29.0,Finance,Insurance,Attraktiv,False
2026-08-11,Ranking Attraktiv,12,BAM,Brookfield Asset Management Inc,,0.7,,0.15,7,Gut,9,Hoch,7.0,55.36000061035156,0.41,0.16,0.13,0.16,0.14,3455946.0,2575052.0,1.34,Normal,Hold Zone,18.115,29.0,31.0,Finance,Asset Management,Attraktiv,True
2026-08-11,Short Term Top 8,1,BX,Blackstone Inc.,,0.57,,0.21,10,Sehr gut,10,Hoch,24.21,147.1699981689453,0.14,0.19,0.17,0.19,0.15,6536846.0,5361772.0,1.22,Normal,Watchlist Zone,24.21,32.0,38.0,Finance,Asset Management,Attraktiv,True
2026-08-11,Short Term Top 8,2,LMT,Lockheed Martin Corporation,,0.67,,0.15,9,Sehr gut,5,Mittel,22.01,597.77001953125,0.34,0.16,0.16,0.11,0.1,745212.0,1250471.0,0.6,Normal,Watchlist Zone,22.01,22.0,22.0,Industrials,Defense,Hold,False
2026-08-11,Short Term Top 8,3,MDT,Medtronic plc.,,0.58,,0.19,9,Sehr gut,5,Mittel,21.74,90.68000030517578,0.16,0.14,0.13,0.11,0.02,5462052.0,7022948.0,0.78,Normal,Watchlist Zone,21.74,22.0,27.0,Healthcare,Medtech,Hold,False
2026-08-11,Short Term Top 8,4,ZBH,"Zimmer Biomet Holdings, Inc.",,0.65,,0.17,8,Sehr gut,4,Niedrig,21.45,97.2300033569336,0.3,0.07,0.08,0.07,0.07,2088990.0,2593464.0,0.81,Normal,Watchlist Zone,21.45,19.0,21.0,Healthcare,Medtech,Hold,False
2026-08-11,Short Term Top 8,5,SYK,Stryker Corporation,,0.6,,0.19,8,Sehr gut,5,Mittel,21.315,348.1499938964844,0.21,0.12,0.1,0.08,0.02,1625868.0,2316198.0,0.7,Normal,Watchlist Zone,21.315,22.0,22.0,Healthcare,Medtech,Hold,False
2026-08-11,Short Term Top 8,6,WFC,Wells Fargo & Company,,0.63,,0.17,9,Sehr gut,7,Mittel,20.905,87.44999694824219,0.27,0.03,0.01,0.03,0.04,6037665.0,14850368.0,0.41,Normal,Watchlist Zone,20.905,25.0,23.0,Finance,Banks,Attraktiv,False
2026-08-11,Short Term Top 8,7,INCY,Incyte Corporation,,0.78,,0.22,8,Sehr gut,10,Hoch,20.855,121.06999969482422,0.57,0.05,0.05,0.08,0.18,1020856.0,1955068.0,0.52,Normal,Hold Zone,20.855,33.0,32.0,Healthcare,Biotech,Attraktiv,True
2026-08-11,Short Term Top 8,8,PLTR,Palantir Technologies Inc.,,0.68,,0.29,8,Sehr gut,8,Hoch,19.54,174.94000244140625,0.36,0.31,0.31,0.31,0.15,41866512.0,46449066.0,0.9,Normal,Watchlist Zone,19.54,26.0,11.0,Industrials,Defense,Hold,False
2026-08-11,Long Term Entry Top 8,1,INCY,Incyte Corporation,,0.78,,0.22,8,Sehr gut,10,Hoch,33.0,121.06999969482422,0.57,0.05,0.05,0.08,0.18,1020856.0,1955068.0,0.52,Normal,Hold Zone,20.855,33.0,32.0,Healthcare,Biotech,Attraktiv,True
2026-08-11,Long Term Entry Top 8,2,TER,"Teradyne, Inc.",,0.72,,0.06,6,Gut,9,Hoch,32.5,379.55999755859375,0.43,0.07,0.11,-0.01,0.27,1750274.0,3760434.0,0.47,Normal,Hold Zone,16.645,32.5,30.0,AI / Tech,Semiconductor Equipment,Hold,True
2026-08-11,Long Term Entry Top 8,3,BX,Blackstone Inc.,,0.57,,0.21,10,Sehr gut,10,Hoch,32.0,147.1699981689453,0.14,0.19,0.17,0.19,0.15,6536846.0,5361772.0,1.22,Normal,Watchlist Zone,24.21,32.0,38.0,Finance,Asset Management,Attraktiv,True
2026-08-11,Long Term Entry Top 8,4,AVGO,Broadcom Inc.,,0.64,,-0.01,6,Gut,9,Hoch,31.5,416.0799865722656,0.27,0.07,0.06,0.06,0.13,12814188.0,18322444.0,0.7,Normal,Watchlist Zone,15.405,31.5,25.0,AI / Tech,AI Compute,Review,False
2026-08-11,Long Term Entry Top 8,5,MSFT,Microsoft Corporation,,0.77,,0.24,7,Gut,8,Hoch,31.5,503.80999755859375,0.54,0.31,0.27,0.23,0.17,22984523.0,39653561.0,0.58,Normal,Hold Zone,18.31,31.5,18.0,AI / Tech,AI Software & Platforms,Review,True
2026-08-11,Long Term Entry Top 8,6,NVDA,NVIDIA Corporation,,0.74,,-0.01,5,Neutral,10,Hoch,31.5,217.5,0.48,0.03,0.02,0.05,0.12,95707655.0,125511898.0,0.76,Normal,Hold Zone,10.22,31.5,24.0,AI / Tech,Robotics & Automation,Review,False
2026-08-11,Long Term Entry Top 8,7,PLTR,Palantir Technologies Inc.,,0.68,,0.29,8,Sehr gut,8,Hoch,30.5,174.94000244140625,0.36,0.31,0.31,0.31,0.15,41866512.0,46449066.0,0.9,Normal,Watchlist Zone,19.54,30.5,11.0,AI / Tech,AI Software & Platforms,Review,False
2026-08-11,Long Term Entry Top 8,8,BAM,Brookfield Asset Management Inc,,0.7,,0.15,7,Gut,9,Hoch,29.0,55.36000061035156,0.41,0.16,0.13,0.16,0.14,3455946.0,2575052.0,1.34,Normal,Hold Zone,18.115,29.0,31.0,Finance,Asset Management,Attraktiv,True
2026-08-11,Early Play,1,BX,Blackstone Inc.,,0.57,,0.21,10,Sehr gut,10,Hoch,38.0,147.1699981689453,0.14,0.19,0.17,0.19,0.15,6536846.0,5361772.0,1.22,Normal,Watchlist Zone,24.21,32.0,38.0,Finance,Asset Management,Attraktiv,True
2026-08-11,Early Play,2,BAM,Brookfield Asset Management Inc,,0.7,,0.15,7,Gut,9,Hoch,31.0,55.36000061035156,0.41,0.16,0.13,0.16,0.14,3455946.0,2575052.0,1.34,Normal,Hold Zone,18.115,29.0,31.0,Finance,Asset Management,Attraktiv,True
2026-08-11,Early Play,3,KKR,KKR & Co. Inc.,,0.42,,0.12,7,Gut,6,Mittel,30.0,110.97000122070312,-0.17,0.14,0.1,0.14,0.05,8309737.0,4691502.0,1.77,Normal,Transition Zone,17.5,20.0,30.0,Finance,Asset Management,Review,False
2026-08-11,Early Play,4,MELI,"MercadoLibre, Inc.",,0.42,,0.23,5,Neutral,3,Niedrig,26.0,1940.0,-0.16,0.04,0.05,0.11,0.03,792919.0,432311.0,1.83,Normal,Transition Zone,14.5,16.5,26.0,Consumer & Retail,E-Commerce,Review,False
2026-08-11,Early Play,5,BRK-B,Berkshire Hathaway Inc. New,,0.71,,0.06,5,Neutral,6,Mittel,25.0,516.3800048828125,0.42,0.05,0.06,0.04,0.05,4632899.0,4360400.0,1.06,Normal,Hold Zone,15.13,21.0,25.0,Finance,Insurance,Attraktiv,False
2026-08-11,Early Play,6,TPG,TPG Inc.,,0.44,,0.15,6,Gut,4,Niedrig,22.0,50.59999847412109,-0.12,0.17,0.14,0.17,0.04,2814733.0,2537917.0,1.11,Normal,Transition Zone,16.0,14.0,22.0,Finance,Asset Management,Review,False
2026-08-11,Early Play,7,EL,"Estee Lauder Companies, Inc. (T",,0.4,,0.04,3,Riskant,1,Niedrig,20.0,87.77999877929688,-0.2,0.09,0.07,0.05,-0.04,3109228.0,2197776.0,1.41,Normal,Transition Zone,10.5,10.5,20.0,Consumer & Retail,Luxury & Brands,Review,False
2026-08-11,Early Play,8,ACGL,Arch Capital Group Ltd.,,0.64,,0.04,6,Gut,4,Niedrig,12.0,98.26000213623048,0.28,-0.03,-0.0,0.01,0.03,2510536.0,1896147.0,1.32,Normal,Watchlist Zone,14.42,15.0,12.0,Finance,Insurance,Attraktiv,False
2026-08-11,High Conviction Early Play,1,BX,Blackstone Inc.,,0.57,,0.21,10,Sehr gut,10,Hoch,38.0,147.1699981689453,0.14,0.19,0.17,0.19,0.15,6536846.0,5361772.0,1.22,Normal,Watchlist Zone,24.21,32.0,38.0,Finance,Asset Management,Attraktiv,True
2026-08-11,High Conviction Early Play,2,BAM,Brookfield Asset Management Inc,,0.7,,0.15,7,Gut,9,Hoch,31.0,55.36000061035156,0.41,0.16,0.13,0.16,0.14,3455946.0,2575052.0,1.34,Normal,Hold Zone,18.115,29.0,31.0,Finance,Asset Management,Attraktiv,True
2026-08-12,Ranking Attraktiv,1,BX,Blackstone Inc.,,0.56,,0.24,10,Sehr gut,10,Hoch,10.0,146.41000366210938,0.12,0.16,0.15,0.18,0.14,4176858.0,5338528.0,0.78,Normal,Watchlist Zone,24.18,32.0,35.0,Finance,Asset Management,Attraktiv,True
2026-08-12,Ranking Attraktiv,2,BAM,Brookfield Asset Management Inc,,0.66,,0.13,9,Sehr gut,9,Hoch,9.0,54.5,0.32,0.15,0.11,0.14,0.12,2356191.0,2520065.0,0.93,Normal,Watchlist Zone,22.98,31.0,29.0,Finance,Asset Management,Attraktiv,True
2026-08-12,Ranking Attraktiv,3,WFC,Wells Fargo & Company,,0.7,,0.22,9,Sehr gut,7,Mittel,9.0,88.93000030517578,0.39,0.02,0.02,0.05,0.06,6874312.0,14008656.0,0.49,Normal,Watchlist Zone,21.085,24.0,20.0,Finance,Banks,Attraktiv,False
2026-08-12,Ranking Attraktiv,4,INCY,Incyte Corporation,,0.77,,0.22,8,Sehr gut,10,Hoch,8.0,120.7699966430664,0.54,0.05,0.04,0.07,0.18,1009288.0,1930244.0,0.52,Normal,Hold Zone,20.81,33.0,32.0,Healthcare,Biotech,Attraktiv,True
2026-08-12,Ranking Attraktiv,5,C,"Citigroup, Inc.",,0.84,,0.11,8,Sehr gut,9,Hoch,8.0,137.5800018310547,0.67,0.03,0.05,0.01,0.15,4754363.0,10345873.0,0.46,Normal,Hold Zone,20.005,29.0,30.0,Finance,Banks,Attraktiv,True
2026-08-12,Ranking Attraktiv,6,APAM,Artisan Partners Asset Manageme,,0.77,,0.15,7,Gut,6,Mittel,7.0,41.77999877929688,0.54,0.09,0.06,0.11,0.09,812055.0,930758.0,0.87,Normal,Hold Zone,17.31,23.0,25.0,Finance,Asset Management,Attraktiv,False
2026-08-12,Ranking Attraktiv,7,ABBV,AbbVie Inc.,,0.76,,0.21,7,Gut,5,Mittel,7.0,248.759994506836,0.52,0.02,0.02,0.03,0.12,2891601.0,5584315.0,0.52,Normal,Hold Zone,16.28,19.0,16.0,Healthcare,Pharma,Attraktiv,False
2026-08-12,Ranking Attraktiv,8,BMY,Bristol-Myers Squibb Company,,0.84,,0.14,7,Gut,6,Mittel,7.0,63.70000076293945,0.67,0.08,0.05,0.08,0.15,6018095.0,12390465.0,0.49,Normal,Hold Zone,18.505,21.0,24.0,Healthcare,Pharma,Attraktiv,False
2026-08-12,Ranking Attraktiv,9,MSFT,Microsoft Corporation,,0.71,,0.22,7,Gut,8,Hoch,7.0,492.4299926757813,0.42,0.24,0.23,0.2,0.14,27275247.0,39207902.0,0.7,Normal,Hold Zone,18.13,31.5,20.0,Consumer & Retail,Gaming & Entertainment,Attraktiv,True
2026-08-12,Ranking Attraktiv,10,XOM,ExxonMobil Holdings Corporation,,0.79,,0.06,6,Gut,6,Mittel,6.0,159.75,0.57,0.11,0.09,0.08,0.14,7697293.0,14265610.0,0.54,Normal,Hold Zone,16.855,19.0,24.0,Energy,Oil & Gas,Attraktiv,False
2026-08-12,Ranking Attraktiv,11,GE,GE Aerospace,,0.81,,0.24,6,Gut,6,Mittel,6.0,365.3299865722656,0.63,0.01,0.06,0.03,0.15,2176315.0,3658276.0,0.59,Normal,Hold Zone,15.945,17.0,21.0,Energy,Power Equipment,Attraktiv,False
2026-08-12,Ranking Attraktiv,12,HUBB,Hubbell Inc,,0.69,,0.06,6,Gut,3,Niedrig,6.0,512.9000244140625,0.38,0.07,0.06,0.04,0.06,395861.0,629689.0,0.63,Normal,Watchlist Zone,18.57,12.0,18.0,Energy,Power Equipment,Attraktiv,False
2026-08-12,Short Term Top 8,1,BX,Blackstone Inc.,,0.56,,0.24,10,Sehr gut,10,Hoch,24.18,146.41000366210938,0.12,0.16,0.15,0.18,0.14,4176858.0,5338528.0,0.78,Normal,Watchlist Zone,24.18,32.0,35.0,Finance,Asset Management,Attraktiv,True
2026-08-12,Short Term Top 8,2,BAM,Brookfield Asset Management Inc,,0.66,,0.13,9,Sehr gut,9,Hoch,22.98,54.5,0.32,0.15,0.11,0.14,0.12,2356191.0,2520065.0,0.93,Normal,Watchlist Zone,22.98,31.0,29.0,Finance,Asset Management,Attraktiv,True
2026-08-12,Short Term Top 8,3,MDT,Medtronic plc.,,0.58,,0.2,9,Sehr gut,5,Mittel,22.74,90.76000213623048,0.16,0.13,0.09,0.1,0.02,5286039.0,6994497.0,0.76,Normal,Watchlist Zone,22.74,22.0,27.0,Healthcare,Medtech,Hold,False
2026-08-12,Short Term Top 8,4,LMT,Lockheed Martin Corporation,,0.7,,0.17,9,Sehr gut,5,Mittel,22.1,606.719970703125,0.4,0.18,0.18,0.13,0.11,820987.0,1259674.0,0.65,Normal,Watchlist Zone,22.1,22.0,17.0,Industrials,Defense,Hold,False
2026-08-12,Short Term Top 8,5,HMC,"Honda Motor Company, Ltd.",,0.69,,0.28,9,Sehr gut,5,Mittel,22.07,31.309999465942383,0.38,0.12,0.09,0.11,0.11,964668.0,1219648.0,0.79,Normal,Watchlist Zone,22.07,22.0,14.0,Mobility & Transport Tech,Electric Vehicles,Review,False
2026-08-12,Short Term Top 8,6,ZBH,"Zimmer Biomet Holdings, Inc.",,0.67,,0.19,8,Sehr gut,4,Niedrig,21.51,97.88999938964844,0.34,0.09,0.04,0.08,0.08,2015025.0,2601361.0,0.77,Normal,Watchlist Zone,21.51,19.0,20.0,Healthcare,Medtech,Hold,False
2026-08-12,Short Term Top 8,7,SYK,Stryker Corporation,,0.59,,0.15,8,Sehr gut,5,Mittel,21.285,347.2099914550781,0.19,0.1,0.05,0.08,0.02,1667555.0,2263513.0,0.74,Normal,Watchlist Zone,21.285,22.0,27.0,Healthcare,Medtech,Hold,False
2026-08-12,Short Term Top 8,8,WFC,Wells Fargo & Company,,0.7,,0.22,9,Sehr gut,7,Mittel,21.085,88.93000030517578,0.39,0.02,0.02,0.05,0.06,6874312.0,14008656.0,0.49,Normal,Watchlist Zone,21.085,24.0,20.0,Finance,Banks,Attraktiv,False
2026-08-12,Long Term Entry Top 8,1,TER,"Teradyne, Inc.",,0.78,,0.11,7,Gut,9,Hoch,34.5,402.739990234375,0.55,0.18,0.25,0.05,0.35,2407408.0,3724695.0,0.65,Normal,Hold Zone,19.325,34.5,27.0,AI / Tech,Robotics & Automation,Hold,True
2026-08-12,Long Term Entry Top 8,2,TSM,Taiwan Semiconductor Manufactur,,0.81,,0.08,7,Gut,10,Hoch,33.5,429.1499938964844,0.61,0.02,0.05,0.01,0.19,8375025.0,14247681.0,0.59,Normal,Hold Zone,18.415,33.5,29.0,AI / Tech,AI Compute,Hold,True
2026-08-12,Long Term Entry Top 8,3,INCY,Incyte Corporation,,0.77,,0.22,8,Sehr gut,10,Hoch,33.0,120.7699966430664,0.54,0.05,0.04,0.07,0.18,1009288.0,1930244.0,0.52,Normal,Hold Zone,20.81,33.0,32.0,Healthcare,Biotech,Attraktiv,True
2026-08-12,Long Term Entry Top 8,4,AVGO,Broadcom Inc.,,0.64,,-0.0,7,Gut,9,Hoch,32.5,416.0499877929688,0.27,0.06,0.11,0.06,0.13,14256945.0,18222512.0,0.78,Normal,Watchlist Zone,17.905,32.5,25.0,AI / Tech,AI Compute,Hold,False
2026-08-12,Long Term Entry Top 8,5,BX,Blackstone Inc.,,0.56,,0.24,10,Sehr gut,10,Hoch,32.0,146.41000366210938,0.12,0.16,0.15,0.18,0.14,4176858.0,5338528.0,0.78,Normal,Watchlist Zone,24.18,32.0,35.0,Finance,Asset Management,Attraktiv,True
2026-08-12,Long Term Entry Top 8,6,MSFT,Microsoft Corporation,,0.71,,0.22,7,Gut,8,Hoch,31.5,492.4299926757813,0.42,0.24,0.23,0.2,0.14,27275247.0,39207902.0,0.7,Normal,Hold Zone,18.13,31.5,20.0,AI / Tech,Cloud Infrastructure,Attraktiv,True
2026-08-12,Long Term Entry Top 8,7,BAM,Brookfield Asset Management Inc,,0.66,,0.13,9,Sehr gut,9,Hoch,31.0,54.5,0.32,0.15,0.11,0.14,0.12,2356191.0,2520065.0,0.93,Normal,Watchlist Zone,22.98,31.0,29.0,Finance,Asset Management,Attraktiv,True
2026-08-12,Long Term Entry Top 8,8,NVDA,NVIDIA Corporation,,0.83,,-0.01,5,Neutral,10,Hoch,30.5,224.08999633789065,0.66,0.05,0.08,0.09,0.15,106431963.0,124871908.0,0.85,Normal,Hold Zone,12.49,30.5,28.0,AI / Tech,Robotics & Automation,Review,False
2026-08-12,Early Play,1,TRMB,Trimble Inc.,,0.23,,0.03,3,Riskant,6,Mittel,31.0,56.34999847412109,-0.54,0.09,0.05,0.05,-0.15,4449930.0,2640416.0,1.69,Normal,Weak Zone,4.5,21.5,31.0,AI / Tech,Robotics & Automation,Review,False
2026-08-12,Early Play,2,ALL,Allstate Corporation (The),,0.77,,0.19,7,Gut,6,Mittel,27.0,255.83999633789065,0.53,0.07,0.06,0.05,0.19,2143079.0,1706354.0,1.26,Normal,Hold Zone,18.295,23.0,27.0,Finance,Insurance,Hold,False
2026-08-12,Early Play,3,TPG,TPG Inc.,,0.45,,0.16,6,Gut,4,Niedrig,26.0,50.880001068115234,-0.1,0.18,0.14,0.18,0.05,4278555.0,2611108.0,1.64,Normal,Transition Zone,16.0,17.0,26.0,Finance,Asset Management,Review,False
2026-08-12,Early Play,4,KKR,KKR & Co. Inc.,,0.42,,0.14,7,Gut,6,Mittel,26.0,110.9000015258789,-0.17,0.1,0.08,0.14,0.04,4921174.0,4641594.0,1.06,Normal,Transition Zone,17.5,20.0,26.0,Finance,Asset Management,Review,False
2026-08-12,Early Play,5,SMCI,"Super Micro Computer, Inc.",,0.46,,0.18,7,Gut,6,Mittel,24.0,37.61000061035156,-0.08,0.4,0.52,0.21,0.18,164567403.0,56106545.0,2.93,Normal,Transition Zone,17.5,26.5,24.0,AI / Tech,AI Compute,Review,False
2026-08-12,Early Play,6,EL,"Estee Lauder Companies, Inc. (T",,0.4,,0.07,2,Riskant,1,Niedrig,20.0,87.68000030517578,-0.21,0.07,0.06,0.04,-0.04,2989316.0,2266566.0,1.32,Normal,Transition Zone,9.0,10.5,20.0,Consumer & Retail,Luxury & Brands,Review,False
2026-08-12,Early Play,7,AWK,"American Water Works Company, I",,0.64,,0.07,7,Gut,5,Mittel,20.0,134.9199981689453,0.28,0.05,0.01,0.04,0.04,2527745.0,2382422.0,1.06,Normal,Watchlist Zone,18.92,16.0,20.0,Energy,Grid Infrastructure,Hold,False
2026-08-12,Early Play,8,FCEL,"FuelCell Energy, Inc.",,0.52,,0.09,4,Neutral,0,Niedrig,17.0,21.670000076293945,0.05,0.07,0.26,-0.0,0.73,12538030.0,8947496.0,1.4,Normal,Transition Zone,14.075,6.0,17.0,Energy,Energy Storage & Batteries,Review,False
2026-08-13,Ranking Attraktiv,1,BX,Blackstone Inc.,,0.6,,0.23,10,Sehr gut,10,Hoch,10.0,149.32000732421875,0.2,0.17,0.19,0.2,0.16,4225406.0,5361425.0,0.79,Normal,Watchlist Zone,24.3,32.0,27.0,Finance,Asset Management,Attraktiv,True
2026-08-13,Ranking Attraktiv,2,WFC,Wells Fargo & Company,,0.66,,0.21,9,Sehr gut,7,Mittel,9.0,88.11000061035156,0.32,0.01,0.01,0.04,0.05,8309491.0,13922205.0,0.6,Normal,Watchlist Zone,20.98,24.0,20.0,Finance,Banks,Attraktiv,False
2026-08-13,Ranking Attraktiv,3,INCY,Incyte Corporation,,0.77,,0.23,8,Sehr gut,10,Hoch,8.0,120.5199966430664,0.53,0.03,0.03,0.06,0.17,829420.0,1905771.0,0.44,Normal,Hold Zone,18.795,33.0,32.0,Healthcare,Biotech,Attraktiv,True
2026-08-13,Ranking Attraktiv,4,TPG,TPG Inc.,,0.58,,0.27,8,Sehr gut,4,Niedrig,8.0,55.209999084472656,0.17,0.3,0.28,0.27,0.13,5778292.0,2871770.0,2.01,Normal,Watchlist Zone,18.255000000000003,16.0,14.0,Finance,Asset Management,Attraktiv,False
2026-08-13,Ranking Attraktiv,5,C,"Citigroup, Inc.",,0.85,,0.12,7,Gut,9,Hoch,7.0,138.72999572753906,0.71,0.06,0.08,0.02,0.16,6246500.0,10035325.0,0.62,Normal,Upper Range,15.565,28.0,30.0,Finance,Banks,Attraktiv,True
2026-08-13,Ranking Attraktiv,6,ARES,Ares Management Corporation,,0.61,,0.17,7,Gut,4,Niedrig,7.0,149.4499969482422,0.22,0.19,0.19,0.18,0.13,2827519.0,2407151.0,1.17,Normal,Watchlist Zone,18.83,17.0,18.0,Finance,Asset Management,Attraktiv,False
2026-08-13,Ranking Attraktiv,7,GILD,"Gilead Sciences, Inc.",,0.65,,0.05,7,Gut,3,Niedrig,7.0,138.13999938964844,0.3,0.01,0.03,0.06,0.05,4490172.0,6891014.0,0.65,Normal,Watchlist Zone,15.95,14.0,15.0,Healthcare,Biotech,Attraktiv,False
2026-08-13,Ranking Attraktiv,8,EOG,"EOG Resources, Inc.",,0.84,,0.05,7,Gut,10,Hoch,7.0,141.41000366210938,0.68,0.03,0.01,0.03,0.14,2670649.0,3075662.0,0.87,Normal,Hold Zone,15.52,25.0,30.0,Energy,Oil & Gas,Attraktiv,True
2026-08-13,Ranking Attraktiv,9,MSFT,Microsoft Corporation,,0.73,,0.22,7,Gut,8,Hoch,7.0,496.8800048828125,0.47,0.24,0.26,0.21,0.15,22600346.0,38571862.0,0.59,Normal,Hold Zone,18.205,31.5,18.0,AI / Tech,Cloud Infrastructure,Attraktiv,True
2026-08-13,Ranking Attraktiv,10,BAM,Brookfield Asset Management Inc,,0.74,,0.14,7,Gut,9,Hoch,7.0,55.86000061035156,0.48,0.13,0.16,0.17,0.15,1430746.0,2520042.0,0.57,Normal,Hold Zone,18.22,29.0,28.0,Finance,Asset Management,Attraktiv,True
2026-08-13,Ranking Attraktiv,11,VRTX,Vertex Pharmaceuticals Incorpor,,0.83,,0.14,6,Gut,5,Mittel,6.0,516.4400024414062,0.65,0.08,0.06,0.08,0.13,846322.0,1363226.0,0.62,Normal,Hold Zone,16.975,19.0,22.0,Healthcare,Biotech,Attraktiv,False
2026-08-13,Ranking Attraktiv,12,COP,ConocoPhillips,,0.8,,0.05,6,Gut,7,Mittel,6.0,124.5199966430664,0.6,0.1,0.09,0.09,0.15,4690542.0,6452872.0,0.73,Normal,Hold Zone,14.9,21.0,26.0,Energy,Oil & Gas,Attraktiv,False
2026-08-13,Short Term Top 8,1,BX,Blackstone Inc.,,0.6,,0.23,10,Sehr gut,10,Hoch,24.3,149.32000732421875,0.2,0.17,0.19,0.2,0.16,4225406.0,5361425.0,0.79,Normal,Watchlist Zone,24.3,32.0,27.0,Finance,Asset Management,Attraktiv,True
2026-08-13,Short Term Top 8,2,MDT,Medtronic plc.,,0.58,,0.19,9,Sehr gut,5,Mittel,22.725,90.58000183105467,0.15,0.08,0.09,0.09,0.02,4966390.0,6805184.0,0.73,Normal,Watchlist Zone,22.725,22.0,27.0,Healthcare,Medtech,Hold,False
2026-08-13,Short Term Top 8,3,LMT,Lockheed Martin Corporation,,0.66,,0.16,9,Sehr gut,5,Mittel,21.98,598.010009765625,0.32,0.16,0.18,0.11,0.1,571201.0,1261120.0,0.45,Normal,Watchlist Zone,21.98,22.0,19.0,Industrials,Defense,Hold,False
2026-08-13,Short Term Top 8,4,J,Jacobs Solutions Inc.,,0.62,,0.28,8,Sehr gut,4,Niedrig,21.375,143.91000366210938,0.25,0.09,0.09,0.1,0.08,1094435.0,890067.0,1.23,Normal,Watchlist Zone,21.375,19.0,15.0,Industrials,Infrastructure & Construction,Hold,False
2026-08-13,Short Term Top 8,5,WFC,Wells Fargo & Company,,0.66,,0.21,9,Sehr gut,7,Mittel,20.98,88.11000061035156,0.32,0.01,0.01,0.04,0.05,8309491.0,13922205.0,0.6,Normal,Watchlist Zone,20.98,24.0,20.0,Finance,Banks,Attraktiv,False
2026-08-13,Short Term Top 8,6,FLR,Fluor Corporation,,0.7,,0.2,8,Sehr gut,3,Niedrig,20.6,52.33000183105469,0.4,0.05,0.02,0.03,0.11,1540384.0,2738034.0,0.56,Normal,Watchlist Zone,20.6,16.0,15.0,Industrials,Infrastructure & Construction,Hold,False
2026-08-13,Short Term Top 8,7,HMC,"Honda Motor Company, Ltd.",,0.68,,0.22,7,Gut,3,Niedrig,20.055,31.200000762939453,0.37,0.08,0.11,0.1,0.11,506245.0,1195207.0,0.42,Normal,Watchlist Zone,20.055,16.0,18.0,Mobility & Transport Tech,Electric Vehicles,Review,False
2026-08-13,Short Term Top 8,8,OUST,"Ouster, Inc.",,0.61,,0.29,7,Gut,2,Niedrig,19.815,45.130001068115234,0.21,0.28,0.22,0.06,0.55,2364897.0,3169135.0,0.75,Normal,Watchlist Zone,19.815,14.0,2.0,Mobility & Transport Tech,Autonomous Driving,Review,False
2026-08-13,Long Term Entry Top 8,1,MU,"Micron Technology, Inc.",,0.73,,0.22,8,Sehr gut,10,Hoch,36.5,949.8300170898438,0.47,0.11,0.12,-0.01,0.73,36294784.0,43730704.0,0.83,Normal,Hold Zone,19.705,36.5,33.0,AI / Tech,AI Compute,Hold,True
2026-08-13,Long Term Entry Top 8,2,LRCX,Lam Research Corporation,,0.71,,0.13,7,Gut,9,Hoch,34.5,337.010009765625,0.41,0.05,0.08,-0.0,0.36,8885690.0,10920974.0,0.81,Normal,Hold Zone,19.115,34.5,31.0,AI / Tech,Semiconductor Equipment,Hold,True
2026-08-13,Long Term Entry Top 8,3,TSM,Taiwan Semiconductor Manufactur,,0.81,,0.03,7,Gut,10,Hoch,33.5,430.489990234375,0.62,0.05,0.08,0.01,0.19,8152737.0,13468712.0,0.61,Normal,Hold Zone,17.43,33.5,29.0,AI / Tech,AI Compute,Hold,True
2026-08-13,Long Term Entry Top 8,4,INCY,Incyte Corporation,,0.77,,0.23,8,Sehr gut,10,Hoch,33.0,120.5199966430664,0.53,0.03,0.03,0.06,0.17,829420.0,1905771.0,0.44,Normal,Hold Zone,18.795,33.0,32.0,Healthcare,Biotech,Attraktiv,True
2026-08-13,Long Term Entry Top 8,5,ASML,ASML Holding N.V. - New York Re,,0.88,,0.17,6,Gut,9,Hoch,32.5,1847.9000244140625,0.77,0.04,0.06,0.04,0.3,1234668.0,1656878.0,0.75,Normal,Upper Range,14.155,32.5,30.0,AI / Tech,Semiconductor Equipment,Hold,True
2026-08-13,Long Term Entry Top 8,6,TER,"Teradyne, Inc.",,0.8,,0.15,7,Gut,8,Hoch,32.5,410.5199890136719,0.59,0.27,0.27,0.07,0.37,1878044.0,3664887.0,0.51,Normal,Hold Zone,19.385,32.5,22.0,AI / Tech,Semiconductor Equipment,Hold,True
2026-08-13,Long Term Entry Top 8,7,BX,Blackstone Inc.,,0.6,,0.23,10,Sehr gut,10,Hoch,32.0,149.32000732421875,0.2,0.17,0.19,0.2,0.16,4225406.0,5361425.0,0.79,Normal,Watchlist Zone,24.3,32.0,27.0,Finance,Asset Management,Attraktiv,True
2026-08-13,Long Term Entry Top 8,8,MSFT,Microsoft Corporation,,0.73,,0.22,7,Gut,8,Hoch,31.5,496.8800048828125,0.47,0.24,0.26,0.21,0.15,22600346.0,38571862.0,0.59,Normal,Hold Zone,18.205,31.5,18.0,AI / Tech,Cloud Infrastructure,Attraktiv,True
2026-08-13,Early Play,1,DSGX,The Descartes Systems Group Inc,,0.32,,0.12,3,Riskant,6,Mittel,30.0,77.23999786376953,-0.37,0.06,0.08,0.05,0.01,554600.0,481615.0,1.15,Normal,Weak Zone,6.5,18.0,30.0,Industrials,Logistics & Transport,Review,False
2026-08-13,Early Play,2,KKR,KKR & Co. Inc.,,0.48,,0.16,7,Gut,6,Mittel,28.0,115.3000030517578,-0.04,0.19,0.14,0.18,0.08,5927621.0,5053371.0,1.17,Normal,Transition Zone,17.5,22.0,28.0,Finance,Asset Management,Review,False
2026-08-13,Early Play,3,ERIE,Erie Indemnity Company,,0.33,,0.19,2,Riskant,3,Niedrig,26.0,255.8300018310547,-0.35,0.04,0.07,0.09,-0.0,352528.0,299266.0,1.18,Normal,Weak Zone,5.0,11.0,26.0,Finance,Insurance,Review,False
2026-08-13,Early Play,4,CPB,The Campbell's Company,,0.31,,0.18,3,Riskant,4,Niedrig,26.0,23.280000686645508,-0.37,0.03,0.05,0.05,-0.03,5655905.0,5338550.0,1.06,Normal,Weak Zone,5.5,17.5,26.0,Consumer & Retail,Food & Beverages,Review,False
2026-08-13,Early Play,5,BRK-B,Berkshire Hathaway Inc. New,,0.58,,0.05,6,Gut,4,Niedrig,26.0,506.9299926757813,0.16,0.03,0.03,0.02,0.03,4701644.0,4363247.0,1.08,Normal,Watchlist Zone,14.24,17.0,26.0,Finance,Insurance,Hold,False
2026-08-13,Early Play,6,CRM,"Salesforce, Inc.",,0.45,,0.2,7,Gut,6,Mittel,25.0,201.3699951171875,-0.09,0.17,0.18,0.17,-0.0,14920647.0,12598297.0,1.18,Normal,Transition Zone,17.5,26.5,25.0,AI / Tech,AI Software & Platforms,Review,False
2026-08-13,Early Play,7,AWK,"American Water Works Company, I",,0.7,,0.1,5,Neutral,5,Mittel,25.0,136.4600067138672,0.4,0.04,0.04,0.05,0.06,2883919.0,2328791.0,1.24,Normal,Hold Zone,15.1,17.0,25.0,Energy,Grid Infrastructure,Hold,False
2026-08-13,Early Play,8,PCG,Pacific Gas & Electric Co.,,0.68,,0.05,8,Sehr gut,5,Mittel,19.0,17.459999084472656,0.35,-0.0,-0.0,0.02,0.05,36134875.0,25434614.0,1.42,Normal,Watchlist Zone,17.525,16.0,19.0,Energy,Grid Infrastructure,Hold,False
2026-08-14,Ranking Attraktiv,1,BAM,Brookfield Asset Management Inc,,0.66,,0.11,9,Sehr gut,9,Hoch,9.0,54.310001373291016,0.32,0.1,0.12,0.13,0.12,1848584.0,2614244.0,0.71,Normal,Watchlist Zone,22.98,31.0,28.0,Finance,Asset Management,Attraktiv,True
2026-08-14,Ranking Attraktiv,2,WFC,Wells Fargo & Company,,0.69,,0.22,9,Sehr gut,7,Mittel,9.0,88.81999969482422,0.38,0.02,0.03,0.04,0.06,8786772.0,13203109.0,0.67,Normal,Watchlist Zone,21.07,25.0,23.0,Finance,Banks,Attraktiv,False
2026-08-14,Ranking Attraktiv,3,INCY,Incyte Corporation,,0.76,,0.26,8,Sehr gut,10,Hoch,8.0,120.16000366210938,0.52,0.02,0.04,0.06,0.17,701472.0,1829219.0,0.38,Normal,Hold Zone,19.78,32.0,21.0,Healthcare,Biotech,Attraktiv,True
2026-08-14,Ranking Attraktiv,4,ANET,"Arista Networks, Inc.",,0.84,,0.4,7,Gut,8,Hoch,7.0,198.82000732421875,0.68,0.18,0.17,0.14,0.34,4701838.0,7764542.0,0.61,Normal,Hold Zone,13.52,28.5,18.0,AI / Tech,AI Networking,Attraktiv,True
2026-08-14,Ranking Attraktiv,5,MSFT,Microsoft Corporation,,0.73,,0.18,7,Gut,8,Hoch,7.0,495.3999938964844,0.45,0.26,0.23,0.2,0.15,14356176.0,37659114.0,0.38,Normal,Hold Zone,18.175,31.5,20.0,AI / Tech,Cloud Infrastructure,Attraktiv,True
2026-08-14,Ranking Attraktiv,6,MS,Morgan Stanley,,0.85,,0.14,7,Gut,10,Hoch,7.0,217.3600006103516,0.71,0.01,0.04,0.01,0.17,3405774.0,5063269.0,0.67,Normal,Upper Range,14.565,29.0,29.0,Finance,Banks,Attraktiv,True
2026-08-14,Ranking Attraktiv,7,ARES,Ares Management Corporation,,0.55,,0.13,7,Gut,4,Niedrig,7.0,144.02000427246094,0.11,0.15,0.15,0.14,0.09,2018117.0,2357301.0,0.86,Normal,Watchlist Zone,18.665,18.0,24.0,Finance,Asset Management,Attraktiv,False
2026-08-14,Ranking Attraktiv,8,GILD,"Gilead Sciences, Inc.",,0.65,,0.07,7,Gut,3,Niedrig,7.0,138.36000061035156,0.3,0.03,0.04,0.06,0.05,3296047.0,6730977.0,0.49,Normal,Watchlist Zone,18.95,15.0,18.0,Healthcare,Biotech,Attraktiv,False
2026-08-14,Ranking Attraktiv,9,BMY,Bristol-Myers Squibb Company,,0.84,,0.13,7,Gut,6,Mittel,7.0,63.83000183105469,0.68,0.05,0.06,0.08,0.15,7528229.0,12246341.0,0.61,Normal,Hold Zone,18.52,21.0,24.0,Healthcare,Pharma,Attraktiv,False
2026-08-14,Ranking Attraktiv,10,DIS,Walt Disney Company (The),,0.58,,0.05,7,Gut,3,Niedrig,7.0,106.8499984741211,0.16,0.09,0.11,0.08,0.03,8113296.0,11560395.0,0.7,Normal,Watchlist Zone,17.740000000000002,19.5,23.0,Consumer & Retail,Gaming & Entertainment,Attraktiv,False
2026-08-14,Ranking Attraktiv,11,APAM,Artisan Partners Asset Manageme,,0.82,,0.16,7,Gut,6,Mittel,7.0,42.18000030517578,0.64,0.08,0.1,0.11,0.1,504297.0,897240.0,0.56,Normal,Hold Zone,17.46,21.0,24.0,Finance,Asset Management,Attraktiv,False
2026-08-14,Ranking Attraktiv,12,VRTX,Vertex Pharmaceuticals Incorpor,,0.77,,0.16,6,Gut,5,Mittel,6.0,505.75,0.53,0.04,0.05,0.05,0.11,1130475.0,1338114.0,0.84,Normal,Hold Zone,16.795,21.0,23.0,Healthcare,Biotech,Attraktiv,False
2026-08-14,Short Term Top 8,1,LRCX,Lam Research Corporation,,0.69,,0.17,9,Sehr gut,9,Hoch,23.07,332.3599853515625,0.38,0.06,0.08,-0.02,0.33,7260342.0,10644472.0,0.68,Normal,Watchlist Zone,23.07,34.5,30.0,AI / Tech,Semiconductor Equipment,Hold,True
2026-08-14,Short Term Top 8,2,BAM,Brookfield Asset Management Inc,,0.66,,0.11,9,Sehr gut,9,Hoch,22.98,54.310001373291016,0.32,0.1,0.12,0.13,0.12,1848584.0,2614244.0,0.71,Normal,Watchlist Zone,22.98,31.0,28.0,Finance,Asset Management,Attraktiv,True
2026-08-14,Short Term Top 8,3,MDT,Medtronic plc.,,0.6,,0.21,9,Sehr gut,5,Mittel,22.8,91.2699966430664,0.2,0.1,0.1,0.1,0.03,7168954.0,6778733.0,1.06,Normal,Watchlist Zone,22.8,22.0,23.0,Healthcare,Medtech,Hold,False
2026-08-14,Short Term Top 8,4,LMT,Lockheed Martin Corporation,,0.7,,0.19,9,Sehr gut,5,Mittel,22.1,608.6799926757812,0.4,0.2,0.19,0.12,0.12,593573.0,1238434.0,0.48,Normal,Watchlist Zone,22.1,22.0,16.0,Industrials,Defense,Hold,False
2026-08-14,Short Term Top 8,5,BX,Blackstone Inc.,,0.53,,0.23,9,Sehr gut,10,Hoch,21.605,143.92999267578125,0.07,0.15,0.18,0.15,0.12,3169104.0,5279775.0,0.6,Normal,Transition Zone,21.605,33.0,32.0,Finance,Asset Management,Hold,True
2026-08-14,Short Term Top 8,6,NU,Nu Holdings Ltd.,,0.52,,0.25,9,Sehr gut,10,Hoch,21.56,15.229999542236328,0.04,0.12,0.09,0.13,0.01,156272681.0,78976814.0,1.98,Normal,Transition Zone,21.56,33.0,32.0,Finance,Fintech,Hold,True
2026-08-14,Short Term Top 8,7,WFC,Wells Fargo & Company,,0.69,,0.22,9,Sehr gut,7,Mittel,21.07,88.81999969482422,0.38,0.02,0.03,0.04,0.06,8786772.0,13203109.0,0.67,Normal,Watchlist Zone,21.07,25.0,23.0,Finance,Banks,Attraktiv,False
2026-08-14,Short Term Top 8,8,AFRM,"Affirm Holdings, Inc.",,0.63,,0.19,8,Sehr gut,5,Mittel,20.375,78.3499984741211,0.25,0.03,0.04,0.04,0.18,1937042.0,3101592.0,0.62,Normal,Watchlist Zone,20.375,22.0,22.0,Finance,Fintech,Hold,False
2026-08-14,Long Term Entry Top 8,1,MU,"Micron Technology, Inc.",,0.75,,0.34,8,Sehr gut,10,Hoch,37.5,971.6599731445312,0.5,0.14,0.12,0.01,0.76,27609119.0,41964341.0,0.66,Normal,Hold Zone,15.75,37.5,24.0,AI / Tech,AI Compute,Hold,True
2026-08-14,Long Term Entry Top 8,2,TSM,Taiwan Semiconductor Manufactur,,0.8,,0.06,7,Gut,10,Hoch,35.5,426.3500061035156,0.59,0.07,0.06,0.0,0.18,6289097.0,12735905.0,0.49,Normal,Hold Zone,19.385,35.5,32.0,AI / Tech,AI Compute,Hold,True
2026-08-14,Long Term Entry Top 8,3,LRCX,Lam Research Corporation,,0.69,,0.17,9,Sehr gut,9,Hoch,34.5,332.3599853515625,0.38,0.06,0.08,-0.02,0.33,7260342.0,10644472.0,0.68,Normal,Watchlist Zone,23.07,34.5,30.0,AI / Tech,Semiconductor Equipment,Hold,True
2026-08-14,Long Term Entry Top 8,4,NU,Nu Holdings Ltd.,,0.52,,0.25,9,Sehr gut,10,Hoch,33.0,15.229999542236328,0.04,0.12,0.09,0.13,0.01,156272681.0,78976814.0,1.98,Normal,Transition Zone,21.56,33.0,32.0,Finance,Fintech,Hold,True
2026-08-14,Long Term Entry Top 8,5,BX,Blackstone Inc.,,0.53,,0.23,9,Sehr gut,10,Hoch,33.0,143.92999267578125,0.07,0.15,0.18,0.15,0.12,3169104.0,5279775.0,0.6,Normal,Transition Zone,21.605,33.0,32.0,Finance,Asset Management,Hold,True
2026-08-14,Long Term Entry Top 8,6,NVDA,NVIDIA Corporation,,0.85,,0.0,6,Gut,10,Hoch,32.5,225.1600036621093,0.69,0.11,0.11,0.09,0.16,75161211.0,120327511.0,0.62,Normal,Hold Zone,15.035,32.5,27.0,AI / Tech,Robotics & Automation,Hold,False
2026-08-14,Long Term Entry Top 8,7,ASML,ASML Holding N.V. - New York Re,,0.88,,0.23,6,Gut,9,Hoch,32.5,1844.0799560546875,0.76,0.06,0.06,0.04,0.29,864471.0,1589794.0,0.54,Normal,Upper Range,14.14,32.5,30.0,AI / Tech,Semiconductor Equipment,Hold,True
2026-08-14,Long Term Entry Top 8,8,INCY,Incyte Corporation,,0.76,,0.26,8,Sehr gut,10,Hoch,32.0,120.16000366210938,0.52,0.02,0.04,0.06,0.17,701472.0,1829219.0,0.38,Normal,Hold Zone,19.78,32.0,21.0,Healthcare,Biotech,Attraktiv,True
2026-08-14,Early Play,1,NU,Nu Holdings Ltd.,,0.52,,0.25,9,Sehr gut,10,Hoch,32.0,15.229999542236328,0.04,0.12,0.09,0.13,0.01,156272681.0,78976814.0,1.98,Normal,Transition Zone,21.56,33.0,32.0,Finance,Fintech,Hold,True
2026-08-14,Early Play,2,SYK,Stryker Corporation,,0.52,,0.11,7,Gut,5,Mittel,28.0,339.2099914550781,0.05,0.06,0.06,0.05,-0.0,2490070.0,2271724.0,1.1,Normal,Transition Zone,18.575,21.0,28.0,Healthcare,Medtech,Hold,False
2026-08-14,Early Play,3,TRMB,Trimble Inc.,,0.27,,0.04,2,Riskant,3,Niedrig,26.0,57.59999847412109,-0.47,0.09,0.08,0.08,-0.13,4002841.0,2824032.0,1.42,Normal,Weak Zone,3.0,14.5,26.0,AI / Tech,Robotics & Automation,Review,False
2026-08-14,Early Play,4,KKR,KKR & Co. Inc.,,0.46,,0.18,7,Gut,6,Mittel,23.0,114.01000213623048,-0.08,0.13,0.18,0.16,0.07,5145212.0,4853841.0,1.06,Normal,Transition Zone,17.5,22.0,23.0,Finance,Asset Management,Review,False
2026-08-14,Early Play,5,MDT,Medtronic plc.,,0.6,,0.21,9,Sehr gut,5,Mittel,23.0,91.2699966430664,0.2,0.1,0.1,0.1,0.03,7168954.0,6778733.0,1.06,Normal,Watchlist Zone,22.8,22.0,23.0,Healthcare,Medtech,Hold,False
2026-08-14,Early Play,6,FCEL,"FuelCell Energy, Inc.",,0.55,,0.05,4,Neutral,0,Niedrig,17.0,22.3700008392334,0.09,0.21,0.13,0.03,0.77,10521517.0,8673816.0,1.21,Normal,Transition Zone,12.135,5.0,17.0,Energy,Energy Storage & Batteries,Review,False
2026-08-14,Early Play,7,INDI,"indie Semiconductor, Inc.",,0.64,,0.12,7,Gut,2,Niedrig,13.0,4.710000038146973,0.28,0.23,0.25,0.2,0.22,12338478.0,6371219.0,1.94,Normal,Watchlist Zone,18.92,13.0,13.0,Mobility & Transport Tech,Autonomous Driving,Review,False
2026-08-14,High Conviction Early Play,1,NU,Nu Holdings Ltd.,,0.52,,0.25,9,Sehr gut,10,Hoch,32.0,15.229999542236328,0.04,0.12,0.09,0.13,0.01,156272681.0,78976814.0,1.98,Normal,Transition Zone,21.56,33.0,32.0,Finance,Fintech,Hold,True
2026-08-15,Ranking Attraktiv,1,WFC,Wells Fargo & Company,,0.69,,0.21,9,Sehr gut,7,Mittel,9.0,88.81999969482422,0.38,0.01,0.02,0.04,0.06,8788100.0,13461045.0,0.65,Normal,Watchlist Zone,21.07,24.0,20.0,Finance,Banks,Attraktiv,False
2026-08-15,Ranking Attraktiv,2,BAM,Brookfield Asset Management Inc,,0.66,,0.15,9,Sehr gut,9,Hoch,9.0,54.310001373291016,0.32,0.11,0.1,0.13,0.12,2859200.0,2671105.0,1.07,Normal,Watchlist Zone,22.98,31.0,29.0,Finance,Asset Management,Attraktiv,True
2026-08-15,Ranking Attraktiv,3,INCY,Incyte Corporation,,0.76,,0.21,8,Sehr gut,10,Hoch,8.0,120.16000366210938,0.52,0.05,0.04,0.07,0.17,785800.0,1854785.0,0.42,Normal,Hold Zone,20.78,33.0,32.0,Healthcare,Biotech,Attraktiv,True
2026-08-15,Ranking Attraktiv,4,MSFT,Microsoft Corporation,,0.73,,0.18,7,Gut,8,Hoch,7.0,495.3999938964844,0.45,0.26,0.23,0.2,0.15,16205200.0,37751565.0,0.43,Normal,Hold Zone,18.175,31.5,20.0,AI / Tech,Cloud Infrastructure,Attraktiv,True
2026-08-15,Ranking Attraktiv,5,ANET,"Arista Networks, Inc.",,0.84,,0.4,7,Gut,8,Hoch,7.0,198.82000732421875,0.68,0.18,0.17,0.14,0.34,4704900.0,7764695.0,0.61,Normal,Hold Zone,13.52,28.5,18.0,AI / Tech,AI Networking,Attraktiv,True
2026-08-15,Ranking Attraktiv,6,ARES,Ares Management Corporation,,0.55,,0.18,7,Gut,4,Niedrig,7.0,144.02000427246094,0.11,0.15,0.19,0.14,0.09,2018200.0,2429165.0,0.83,Normal,Watchlist Zone,18.665,18.0,21.0,Finance,Asset Management,Attraktiv,False
2026-08-15,Ranking Attraktiv,7,BMY,Bristol-Myers Squibb Company,,0.84,,0.13,7,Gut,6,Mittel,7.0,63.83000183105469,0.68,0.05,0.06,0.08,0.15,7528400.0,12246350.0,0.61,Normal,Hold Zone,18.52,21.0,24.0,Healthcare,Pharma,Attraktiv,False
2026-08-15,Ranking Attraktiv,8,GILD,"Gilead Sciences, Inc.",,0.65,,0.07,7,Gut,3,Niedrig,7.0,138.36000061035156,0.3,0.03,0.04,0.06,0.05,3406900.0,6736520.0,0.51,Normal,Watchlist Zone,18.95,15.0,18.0,Healthcare,Biotech,Attraktiv,False
2026-08-15,Ranking Attraktiv,9,APAM,Artisan Partners Asset Manageme,,0.82,,0.16,7,Gut,6,Mittel,7.0,42.18000030517578,0.64,0.1,0.1,0.11,0.1,654000.0,899285.0,0.73,Normal,Hold Zone,17.46,21.0,24.0,Finance,Asset Management,Attraktiv,False
2026-08-15,Ranking Attraktiv,10,COP,ConocoPhillips,,0.84,,0.04,6,Gut,7,Mittel,6.0,126.77999877929688,0.69,0.11,0.1,0.11,0.17,5626200.0,6569830.0,0.86,Normal,Hold Zone,14.035,19.0,27.0,Energy,Oil & Gas,Attraktiv,False
2026-08-15,Ranking Attraktiv,11,CVX,Chevron Corporation,,0.82,,0.06,6,Gut,6,Mittel,6.0,200.0,0.63,0.07,0.05,0.09,0.14,7907500.0,7878685.0,1.0,Normal,Hold Zone,16.945,17.0,25.0,Energy,Oil & Gas,Attraktiv,False
2026-08-15,Ranking Attraktiv,12,HUBB,Hubbell Inc,,0.68,,0.07,6,Gut,3,Niedrig,6.0,511.3900146484375,0.36,0.05,0.05,0.03,0.06,309001.0,610314.0,0.51,Normal,Watchlist Zone,18.54,12.0,18.0,Energy,Power Equipment,Attraktiv,False
2026-08-15,Short Term Top 8,1,LRCX,Lam Research Corporation,,0.69,,0.17,9,Sehr gut,9,Hoch,23.07,332.3599853515625,0.38,0.06,0.08,-0.02,0.33,7420500.0,10652480.0,0.7,Normal,Watchlist Zone,23.07,34.5,30.0,AI / Tech,Semiconductor Equipment,Hold,True
2026-08-15,Short Term Top 8,2,BAM,Brookfield Asset Management Inc,,0.66,,0.15,9,Sehr gut,9,Hoch,22.98,54.310001373291016,0.32,0.11,0.1,0.13,0.12,2859200.0,2671105.0,1.07,Normal,Watchlist Zone,22.98,31.0,29.0,Finance,Asset Management,Attraktiv,True
2026-08-15,Short Term Top 8,3,MDT,Medtronic plc.,,0.6,,0.21,9,Sehr gut,5,Mittel,22.8,91.2699966430664,0.2,0.1,0.1,0.1,0.03,8245200.0,6832545.0,1.21,Normal,Watchlist Zone,22.8,22.0,25.0,Healthcare,Medtech,Hold,False
2026-08-15,Short Term Top 8,4,LMT,Lockheed Martin Corporation,,0.7,,0.19,9,Sehr gut,5,Mittel,22.1,608.6799926757812,0.4,0.2,0.19,0.12,0.12,862100.0,1251860.0,0.69,Normal,Watchlist Zone,22.1,22.0,16.0,Industrials,Defense,Hold,False
2026-08-15,Short Term Top 8,5,BX,Blackstone Inc.,,0.53,,0.23,9,Sehr gut,10,Hoch,21.605,143.92999267578125,0.07,0.15,0.18,0.15,0.12,3803400.0,5311490.0,0.72,Normal,Transition Zone,21.605,33.0,32.0,Finance,Asset Management,Hold,True
2026-08-15,Short Term Top 8,6,NU,Nu Holdings Ltd.,,0.52,,0.25,9,Sehr gut,10,Hoch,21.56,15.229999542236328,0.04,0.12,0.09,0.13,0.01,156331600.0,78979760.0,1.98,Normal,Transition Zone,21.56,33.0,32.0,Finance,Fintech,Hold,True
2026-08-15,Short Term Top 8,7,WFC,Wells Fargo & Company,,0.69,,0.21,9,Sehr gut,7,Mittel,21.07,88.81999969482422,0.38,0.01,0.02,0.04,0.06,8788100.0,13461045.0,0.65,Normal,Watchlist Zone,21.07,24.0,20.0,Finance,Banks,Attraktiv,False
2026-08-15,Short Term Top 8,8,INCY,Incyte Corporation,,0.76,,0.21,8,Sehr gut,10,Hoch,20.78,120.16000366210938,0.52,0.05,0.04,0.07,0.17,785800.0,1854785.0,0.42,Normal,Hold Zone,20.78,33.0,32.0,Healthcare,Biotech,Attraktiv,True
2026-08-15,Long Term Entry Top 8,1,MU,"Micron Technology, Inc.",,0.75,,0.34,8,Sehr gut,10,Hoch,37.5,971.6599731445312,0.5,0.14,0.12,0.01,0.76,27772200.0,41972495.0,0.66,Normal,Hold Zone,15.75,37.5,24.0,AI / Tech,AI Compute,Hold,True
2026-08-15,Long Term Entry Top 8,2,TSM,Taiwan Semiconductor Manufactur,,0.8,,0.06,7,Gut,10,Hoch,35.5,426.3500061035156,0.59,0.07,0.06,0.0,0.18,6307000.0,12736800.0,0.5,Normal,Hold Zone,19.385,35.5,32.0,AI / Tech,AI Compute,Hold,True
2026-08-15,Long Term Entry Top 8,3,LRCX,Lam Research Corporation,,0.69,,0.17,9,Sehr gut,9,Hoch,34.5,332.3599853515625,0.38,0.06,0.08,-0.02,0.33,7420500.0,10652480.0,0.7,Normal,Watchlist Zone,23.07,34.5,30.0,AI / Tech,Semiconductor Equipment,Hold,True
2026-08-15,Long Term Entry Top 8,4,INCY,Incyte Corporation,,0.76,,0.21,8,Sehr gut,10,Hoch,33.0,120.16000366210938,0.52,0.05,0.04,0.07,0.17,785800.0,1854785.0,0.42,Normal,Hold Zone,20.78,33.0,32.0,Healthcare,Biotech,Attraktiv,True
2026-08-15,Long Term Entry Top 8,5,BX,Blackstone Inc.,,0.53,,0.23,9,Sehr gut,10,Hoch,33.0,143.92999267578125,0.07,0.15,0.18,0.15,0.12,3803400.0,5311490.0,0.72,Normal,Transition Zone,21.605,33.0,32.0,Finance,Asset Management,Hold,True
2026-08-15,Long Term Entry Top 8,6,NU,Nu Holdings Ltd.,,0.52,,0.25,9,Sehr gut,10,Hoch,33.0,15.229999542236328,0.04,0.12,0.09,0.13,0.01,156331600.0,78979760.0,1.98,Normal,Transition Zone,21.56,33.0,32.0,Finance,Fintech,Hold,True
2026-08-15,Long Term Entry Top 8,7,ASML,ASML Holding N.V. - New York Re,,0.88,,0.23,6,Gut,9,Hoch,32.5,1844.0799560546875,0.76,0.06,0.06,0.04,0.29,928100.0,1592975.0,0.58,Normal,Upper Range,14.14,32.5,30.0,AI / Tech,Semiconductor Equipment,Hold,True
2026-08-15,Long Term Entry Top 8,8,NVDA,NVIDIA Corporation,,0.85,,0.0,6,Gut,10,Hoch,32.5,225.1600036621093,0.69,0.11,0.11,0.09,0.16,75504000.0,120344650.0,0.63,Normal,Hold Zone,15.035,32.5,27.0,AI / Tech,Robotics & Automation,Hold,False
2026-08-15,Early Play,1,NU,Nu Holdings Ltd.,,0.52,,0.25,9,Sehr gut,10,Hoch,32.0,15.229999542236328,0.04,0.12,0.09,0.13,0.01,156331600.0,78979760.0,1.98,Normal,Transition Zone,21.56,33.0,32.0,Finance,Fintech,Hold,True
2026-08-15,Early Play,2,SYK,Stryker Corporation,,0.52,,0.11,7,Gut,5,Mittel,30.0,339.2099914550781,0.05,0.06,0.06,0.05,-0.0,2800800.0,2287260.0,1.22,Normal,Transition Zone,18.575,21.0,30.0,Healthcare,Medtech,Hold,False
2026-08-15,Early Play,3,BAM,Brookfield Asset Management Inc,,0.66,,0.15,9,Sehr gut,9,Hoch,29.0,54.310001373291016,0.32,0.11,0.1,0.13,0.12,2859200.0,2671105.0,1.07,Normal,Watchlist Zone,22.98,31.0,29.0,Finance,Asset Management,Attraktiv,True
2026-08-15,Early Play,4,KKR,KKR & Co. Inc.,,0.46,,0.18,7,Gut,6,Mittel,25.0,114.01000213623048,-0.08,0.13,0.18,0.16,0.07,5838500.0,4888505.0,1.19,Normal,Transition Zone,17.5,22.0,25.0,Finance,Asset Management,Review,False
2026-08-15,Early Play,5,MDT,Medtronic plc.,,0.6,,0.21,9,Sehr gut,5,Mittel,25.0,91.2699966430664,0.2,0.1,0.1,0.1,0.03,8245200.0,6832545.0,1.21,Normal,Watchlist Zone,22.8,22.0,25.0,Healthcare,Medtech,Hold,False
2026-08-15,Early Play,6,CG,The Carlyle Group Inc.,,0.34,,0.03,1,Riskant,3,Niedrig,23.0,49.27999877929688,-0.33,0.07,0.1,0.09,-0.03,5138200.0,4092925.0,1.26,Normal,Weak Zone,1.5,10.0,23.0,Finance,Asset Management,Review,False
2026-08-15,Early Play,7,PGR,Progressive Corporation (The),,0.42,,0.07,5,Neutral,4,Niedrig,18.0,209.6000061035156,-0.15,0.02,0.02,-0.02,0.01,2882600.0,2555935.0,1.13,Normal,Transition Zone,12.5,10.0,18.0,Finance,Insurance,Review,False
2026-08-15,Early Play,8,FCEL,"FuelCell Energy, Inc.",,0.55,,0.05,4,Neutral,0,Niedrig,17.0,22.3700008392334,0.09,0.21,0.13,0.03,0.77,10526700.0,8674075.0,1.21,Normal,Transition Zone,12.135,5.0,17.0,Energy,Energy Storage & Batteries,Review,False
2026-08-15,High Conviction Early Play,1,NU,Nu Holdings Ltd.,,0.52,,0.25,9,Sehr gut,10,Hoch,32.0,15.229999542236328,0.04,0.12,0.09,0.13,0.01,156331600.0,78979760.0,1.98,Normal,Transition Zone,21.56,33.0,32.0,Finance,Fintech,Hold,True
2026-08-15,High Conviction Early Play,2,BAM,Brookfield Asset Management Inc,,0.66,,0.15,9,Sehr gut,9,Hoch,29.0,54.310001373291016,0.32,0.11,0.1,0.13,0.12,2859200.0,2671105.0,1.07,Normal,Watchlist Zone,22.98,31.0,29.0,Finance,Asset Management,Attraktiv,True
2026-08-16,Ranking Attraktiv,1,WFC,Wells Fargo & Company,,0.69,,0.22,9,Sehr gut,7,Mittel,9.0,88.81999969482422,0.38,0.02,0.03,0.04,0.06,8788100.0,13203175.0,0.67,Normal,Watchlist Zone,21.07,25.0,23.0,Finance,Banks,Attraktiv,False
2026-08-16,Ranking Attraktiv,2,BAM,Brookfield Asset Management Inc,,0.66,,0.15,9,Sehr gut,9,Hoch,9.0,54.310001373291016,0.32,0.12,0.15,0.13,0.12,2859200.0,2743375.0,1.04,Normal,Watchlist Zone,22.98,31.0,29.0,Finance,Asset Management,Attraktiv,True
2026-08-16,Ranking Attraktiv,3,INCY,Incyte Corporation,,0.76,,0.21,8,Sehr gut,10,Hoch,8.0,120.16000366210938,0.52,0.05,0.04,0.07,0.17,785800.0,1854785.0,0.42,Normal,Hold Zone,20.78,33.0,32.0,Healthcare,Biotech,Attraktiv,True
2026-08-16,Ranking Attraktiv,4,MSFT,Microsoft Corporation,,0.73,,0.18,7,Gut,8,Hoch,7.0,495.3999938964844,0.45,0.26,0.23,0.2,0.15,16205200.0,37751565.0,0.43,Normal,Hold Zone,18.175,31.5,20.0,AI / Tech,Cloud Infrastructure,Attraktiv,True
2026-08-16,Ranking Attraktiv,5,GILD,"Gilead Sciences, Inc.",,0.65,,0.07,7,Gut,3,Niedrig,7.0,138.36000061035156,0.3,0.03,0.04,0.06,0.05,3406900.0,6736520.0,0.51,Normal,Watchlist Zone,18.95,15.0,18.0,Healthcare,Biotech,Attraktiv,False
2026-08-16,Ranking Attraktiv,6,ANET,"Arista Networks, Inc.",,0.84,,0.4,7,Gut,8,Hoch,7.0,198.82000732421875,0.68,0.18,0.17,0.14,0.34,4704900.0,7764695.0,0.61,Normal,Hold Zone,13.52,28.5,18.0,AI / Tech,AI Networking,Attraktiv,True
2026-08-16,Ranking Attraktiv,7,MS,Morgan Stanley,,0.85,,0.14,7,Gut,10,Hoch,7.0,217.3600006103516,0.71,0.01,0.04,0.01,0.17,3405800.0,5063270.0,0.67,Normal,Upper Range,14.565000000000001,29.0,29.0,Finance,Banks,Attraktiv,True
2026-08-16,Ranking Attraktiv,8,BMY,Bristol-Myers Squibb Company,,0.84,,0.13,7,Gut,6,Mittel,7.0,63.83000183105469,0.68,0.05,0.06,0.08,0.15,7528400.0,12246350.0,0.61,Normal,Hold Zone,18.52,21.0,24.0,Healthcare,Pharma,Attraktiv,False
2026-08-16,Ranking Attraktiv,9,ARES,Ares Management Corporation,,0.55,,0.18,7,Gut,4,Niedrig,7.0,144.02000427246094,0.11,0.15,0.19,0.14,0.09,2018200.0,2429165.0,0.83,Normal,Watchlist Zone,18.665,18.0,21.0,Finance,Asset Management,Attraktiv,False
2026-08-16,Ranking Attraktiv,10,APAM,Artisan Partners Asset Manageme,,0.82,,0.16,7,Gut,6,Mittel,7.0,42.18000030517578,0.64,0.1,0.1,0.11,0.1,654000.0,899285.0,0.73,Normal,Hold Zone,17.46,21.0,24.0,Finance,Asset Management,Attraktiv,False
2026-08-16,Ranking Attraktiv,11,VRTX,Vertex Pharmaceuticals Incorpor,,0.77,,0.16,6,Gut,5,Mittel,6.0,505.75,0.53,0.04,0.05,0.05,0.11,1130500.0,1338115.0,0.84,Normal,Hold Zone,16.795,21.0,23.0,Healthcare,Biotech,Attraktiv,False
2026-08-16,Ranking Attraktiv,12,COP,ConocoPhillips,,0.84,,0.04,6,Gut,7,Mittel,6.0,126.77999877929688,0.69,0.11,0.1,0.11,0.17,5626200.0,6569830.0,0.86,Normal,Hold Zone,14.035,19.0,27.0,Energy,Oil & Gas,Attraktiv,False
2026-08-16,Short Term Top 8,1,LRCX,Lam Research Corporation,,0.69,,0.17,9,Sehr gut,9,Hoch,23.07,332.3599853515625,0.38,0.06,0.08,-0.02,0.33,7420500.0,10652480.0,0.7,Normal,Watchlist Zone,23.07,34.5,30.0,AI / Tech,Semiconductor Equipment,Hold,True
2026-08-16,Short Term Top 8,2,BAM,Brookfield Asset Management Inc,,0.66,,0.15,9,Sehr gut,9,Hoch,22.98,54.310001373291016,0.32,0.12,0.15,0.13,0.12,2859200.0,2743375.0,1.04,Normal,Watchlist Zone,22.98,31.0,29.0,Finance,Asset Management,Attraktiv,True
2026-08-16,Short Term Top 8,3,MDT,Medtronic plc.,,0.6,,0.21,9,Sehr gut,5,Mittel,22.8,91.2699966430664,0.2,0.1,0.1,0.1,0.03,8245200.0,6832545.0,1.21,Normal,Watchlist Zone,22.8,22.0,25.0,Healthcare,Medtech,Hold,False
2026-08-16,Short Term Top 8,4,LMT,Lockheed Martin Corporation,,0.7,,0.19,9,Sehr gut,5,Mittel,22.1,608.6799926757812,0.4,0.2,0.19,0.12,0.12,862100.0,1251860.0,0.69,Normal,Watchlist Zone,22.1,22.0,16.0,Industrials,Defense,Hold,False
2026-08-16,Short Term Top 8,5,BX,Blackstone Inc.,,0.53,,0.23,9,Sehr gut,10,Hoch,21.605,143.92999267578125,0.07,0.15,0.18,0.15,0.12,3803400.0,5311490.0,0.72,Normal,Transition Zone,21.605,33.0,32.0,Finance,Asset Management,Hold,True
2026-08-16,Short Term Top 8,6,NU,Nu Holdings Ltd.,,0.52,,0.25,9,Sehr gut,10,Hoch,21.56,15.229999542236328,0.04,0.12,0.09,0.13,0.01,156331600.0,78979760.0,1.98,Normal,Transition Zone,21.56,33.0,32.0,Finance,Fintech,Hold,True
2026-08-16,Short Term Top 8,7,WFC,Wells Fargo & Company,,0.69,,0.22,9,Sehr gut,7,Mittel,21.07,88.81999969482422,0.38,0.02,0.03,0.04,0.06,8788100.0,13203175.0,0.67,Normal,Watchlist Zone,21.07,25.0,23.0,Finance,Banks,Attraktiv,False
2026-08-16,Short Term Top 8,8,INCY,Incyte Corporation,,0.76,,0.21,8,Sehr gut,10,Hoch,20.78,120.16000366210938,0.52,0.05,0.04,0.07,0.17,785800.0,1854785.0,0.42,Normal,Hold Zone,20.78,33.0,32.0,Healthcare,Biotech,Attraktiv,True
2026-08-16,Long Term Entry Top 8,1,MU,"Micron Technology, Inc.",,0.75,,0.34,8,Sehr gut,10,Hoch,37.5,971.6599731445312,0.5,0.14,0.12,0.01,0.76,27772200.0,41972495.0,0.66,Normal,Hold Zone,15.75,37.5,24.0,AI / Tech,AI Compute,Hold,True
2026-08-16,Long Term Entry Top 8,2,TSM,Taiwan Semiconductor Manufactur,,0.8,,0.06,7,Gut,10,Hoch,35.5,426.3500061035156,0.59,0.07,0.06,0.0,0.18,6307000.0,12736800.0,0.5,Normal,Hold Zone,19.385,35.5,32.0,AI / Tech,AI Compute,Hold,True
2026-08-16,Long Term Entry Top 8,3,LRCX,Lam Research Corporation,,0.69,,0.17,9,Sehr gut,9,Hoch,34.5,332.3599853515625,0.38,0.06,0.08,-0.02,0.33,7420500.0,10652480.0,0.7,Normal,Watchlist Zone,23.07,34.5,30.0,AI / Tech,Semiconductor Equipment,Hold,True
2026-08-16,Long Term Entry Top 8,4,INCY,Incyte Corporation,,0.76,,0.21,8,Sehr gut,10,Hoch,33.0,120.16000366210938,0.52,0.05,0.04,0.07,0.17,785800.0,1854785.0,0.42,Normal,Hold Zone,20.78,33.0,32.0,Healthcare,Biotech,Attraktiv,True
2026-08-16,Long Term Entry Top 8,5,NU,Nu Holdings Ltd.,,0.52,,0.25,9,Sehr gut,10,Hoch,33.0,15.229999542236328,0.04,0.12,0.09,0.13,0.01,156331600.0,78979760.0,1.98,Normal,Transition Zone,21.56,33.0,32.0,Finance,Fintech,Hold,True
2026-08-16,Long Term Entry Top 8,6,BX,Blackstone Inc.,,0.53,,0.23,9,Sehr gut,10,Hoch,33.0,143.92999267578125,0.07,0.15,0.18,0.15,0.12,3803400.0,5311490.0,0.72,Normal,Transition Zone,21.605,33.0,32.0,Finance,Asset Management,Hold,True
2026-08-16,Long Term Entry Top 8,7,NVDA,NVIDIA Corporation,,0.85,,0.0,6,Gut,10,Hoch,32.5,225.16000366210935,0.69,0.11,0.11,0.09,0.16,75504000.0,120344650.0,0.63,Normal,Hold Zone,15.035,32.5,27.0,AI / Tech,AI Compute,Hold,False
2026-08-16,Long Term Entry Top 8,8,ASML,ASML Holding N.V. - New York Re,,0.88,,0.23,6,Gut,9,Hoch,32.5,1844.0799560546875,0.76,0.06,0.06,0.04,0.29,928100.0,1592975.0,0.58,Normal,Upper Range,14.14,32.5,30.0,AI / Tech,Semiconductor Equipment,Hold,True
2026-08-16,Early Play,1,NU,Nu Holdings Ltd.,,0.52,,0.25,9,Sehr gut,10,Hoch,32.0,15.229999542236328,0.04,0.12,0.09,0.13,0.01,156331600.0,78979760.0,1.98,Normal,Transition Zone,21.56,33.0,32.0,Finance,Fintech,Hold,True
2026-08-16,Early Play,2,SYK,Stryker Corporation,,0.52,,0.11,7,Gut,5,Mittel,30.0,339.2099914550781,0.05,0.06,0.06,0.05,-0.0,2800800.0,2287260.0,1.22,Normal,Transition Zone,18.575,21.0,30.0,Healthcare,Medtech,Hold,False
2026-08-16,Early Play,3,TRMB,Trimble Inc.,,0.27,,0.04,2,Riskant,3,Niedrig,26.0,57.59999847412109,-0.47,0.09,0.08,0.08,-0.13,4142900.0,2831035.0,1.46,Normal,Weak Zone,3.0,14.5,26.0,AI / Tech,Robotics & Automation,Review,False
2026-08-16,Early Play,4,MDT,Medtronic plc.,,0.6,,0.21,9,Sehr gut,5,Mittel,25.0,91.2699966430664,0.2,0.1,0.1,0.1,0.03,8245200.0,6832545.0,1.21,Normal,Watchlist Zone,22.8,22.0,25.0,Healthcare,Medtech,Hold,False
2026-08-16,Early Play,5,KKR,KKR & Co. Inc.,,0.46,,0.18,7,Gut,6,Mittel,25.0,114.01000213623048,-0.08,0.13,0.18,0.16,0.07,5838500.0,4888505.0,1.19,Normal,Transition Zone,17.5,22.0,25.0,Finance,Asset Management,Review,False
2026-08-16,Early Play,6,CG,The Carlyle Group Inc.,,0.34,,0.03,1,Riskant,3,Niedrig,23.0,49.27999877929688,-0.33,0.07,0.1,0.09,-0.03,5138200.0,4092925.0,1.26,Normal,Weak Zone,1.5,10.0,23.0,Finance,Asset Management,Review,False
2026-08-16,Early Play,7,FCEL,"FuelCell Energy, Inc.",,0.55,,0.05,4,Neutral,0,Niedrig,17.0,22.3700008392334,0.09,0.21,0.13,0.03,0.77,10526700.0,8674075.0,1.21,Normal,Transition Zone,12.135,5.0,17.0,Energy,Energy Storage & Batteries,Review,False
2026-08-16,Early Play,8,PGR,Progressive Corporation (The),,0.42,,0.05,5,Neutral,4,Niedrig,15.0,209.6000061035156,-0.15,0.01,-0.01,-0.02,0.01,2882600.0,2372420.0,1.22,Normal,Transition Zone,10.5,10.0,15.0,Finance,Insurance,Review,False
2026-08-16,High Conviction Early Play,1,NU,Nu Holdings Ltd.,,0.52,,0.25,9,Sehr gut,10,Hoch,32.0,15.229999542236328,0.04,0.12,0.09,0.13,0.01,156331600.0,78979760.0,1.98,Normal,Transition Zone,21.56,33.0,32.0,Finance,Fintech,Hold,True
